	термин	частота (ipm)	1960-е	1970-е	1980-е	1990-е	2000-е	2010-е	2020-е	DP	D	R		
0	русский язык	4609,11	2686,8	1891,3	3373,6	3965,1	4351,1	3109,8	1940	0,1868	95,66	123		
1	английский язык	1153,74	40,7	75,6	941,2	873,2	1022,9	927,5	484,8	0,3939	91,84	123		
2	литературный язык	787,13	1026,8	1011	1027,8	830,1	673,3	400,1	214,4	0,2229	95,36	123		
3	картина мир	730,77	1,2	2,3	7	257,6	694,6	723,6	422,2	0,2935	93,7	122		
4	немецкий язык	443,49	33,5	52,8	400,6	352,7	424,4	302,9	152,8	0,3835	91,03	123		
5	языковой личность	363,68	0	0	0,1	142,2	340,4	365,6	182,4	0,3407	92,81	114		
6	русский речь	340,31	448,8	223	268,2	470,4	275,7	226,6	191,8	0,2456	94,41	123		
7	тюркский язык	340,27	74,2	1612,7	830	186,7	174	140,6	132,1	0,5512	86,01	122		
8	языковой картина	314,63	0	0,3	1,9	94	296	321,6	134	0,3068	93,35	122		
9	фразеологический единица	301,7	8,4	69,3	238,1	261,7	267,7	232,4	80,4	0,2897	93,52	123		
580	часть речь	288,34	68,2	171,4	268,4	272	269,3	177,4	79	0,196	95,25	123		
977	значение слово	286,83	288,4	240	319,4	294,9	257,7	158,5	127,4	0,1528	96,6	123		
30	логический анализ	271,97	15,6	24	75,1	173,2	290,8	195,5	70,1	0,2445	94,84	123		
11	французский язык	271,5	50,3	42,5	240,1	199,2	252,5	193,3	203,6	0,3362	92,16	123		
10	зарубежный лингвистика	262,65	0	2,3	85,9	271,8	284,1	161,8	43,7	0,3138	92,87	123		
24	анализ язык	251,96	7,2	12,7	43,7	158,3	272,2	184,7	72,9	0,273	94,22	123		
12	семантический поле	242,35	3,6	8	102,4	191,7	248,9	168,6	162,2	0,252	94,5	123		
13	иностранный язык	240,15	33,5	41,8	217,1	201,7	213,3	178,1	143,4	0,2865	94,11	123		
42	славянский язык	239,17	313,6	220,7	254	275,4	192,7	151,9	121,3	0,2006	95,17	123		
14	семантический структура	237,45	4,8	35,5	307,2	273,3	232	117,9	40,4	0,251	94,07	123		
15	когнитивный лингвистика	234,03	0	0	0	33,2	187,9	284,4	207,3	0,3935	91,46	111		
16	разговорный речь	232,99	333,9	165,2	271,6	259,8	218	111,1	136,4	0,1976	95,54	123		
17	настоящий время	231,77	150,8	304,9	250,3	168,6	161,1	188	235,6	0,1159	97,38	123		
18	лексический единица	228,29	9,6	50,6	160,2	157,2	212,2	173,9	142,5	0,1727	96,13	123		
19	речевой акт	224,15	20,3	3,8	43	197,6	229,1	165,7	111,4	0,2956	93,25	123		
20	языковой единица	215,79	8,4	19,6	90,5	190,2	218,9	150,4	80,9	0,2131	95,21	123		
21	языковой сознание	209,85	14,4	3,6	5,6	60,4	199,8	210,7	82,8	0,3582	91,84	123		
25	система язык	201,45	20,3	38,9	157	194,9	197,2	128,1	56	0,2133	95,38	123		
22	речевой деятельность	192,74	25,1	7,7	74,9	175,2	195,4	135,5	71,9	0,257	94,39	123		
23	лексический значение	191,17	33,5	72,2	191	211,9	185,8	102,6	75,7	0,2045	95,51	123		
26	языковой средство	180,41	69,4	26,8	94,3	128,9	165,7	146,7	108,1	0,2129	95,23	123		
978	лингвистика текст	180,18	0	6	102,7	120,9	158,4	162,5	25,9	0,3305	92,62	120		
29	татарский язык	175,21	3,6	242,6	148	87,1	159,2	118,9	38,6	0,5494	85,28	122		
27	имя существительное	169,03	100,5	117	189,6	159,8	156,9	96	26,8	0,2319	94,45	123		
28	межкультурный коммуникация	161,95	0	0	0,7	9,8	137,4	191,2	119,9	0,4168	90,87	110		
983	русский слово	153,96	201,1	121,6	153,1	137,5	141,7	90,8	41,4	0,2542	94,05	123		
31	грамматический категория	147,9	27,5	74,7	150,5	163,8	134,6	89	39	0,1861	95,83	123		
32	сложный предложение	147,47	29,9	141,3	167,8	184,7	146,1	57,3	27,7	0,2807	93,79	123		
33	русский грамматика	145,2	40,7	27,3	115,3	163,9	138,4	90,9	39,5	0,2097	95,08	123		
35	политический дискурс	139,18	0	0	0,5	17	106,5	175,8	135,4	0,4469	89,47	114		
34	простой предложение	137,41	21,5	66	161,8	175	125,1	73,8	21,6	0,2542	94,2	123		
36	общий языкознание	132,85	7,2	27,1	115,9	103,2	126,2	92,2	41,8	0,2175	95,44	123		
37	языковой система	130,73	28,7	22,7	77,2	124,5	125,1	91,9	51,7	0,1853	96,05	123		
39	носитель язык	130,01	25,1	11,8	36,6	90,2	120	112,5	104,4	0,1713	95,78	123		
46	лингвистический анализ	129,26	10,8	16,2	66,9	109,1	125,7	94,2	62,1	0,2005	95,82	123		
38	речевой жанр	129,15	1,2	0,2	7	46,3	123,3	127,5	32,9	0,3762	91,5	119		
53	теория язык	127,79	4,8	8,3	56,7	79,6	120,2	108,5	42,3	0,3055	92,85	123		
40	семантический группа	127,12	3,6	24	132,2	118,9	124,4	74,3	50,8	0,2472	94,37	123		
48	лингвистический термин	125,32	10,8	15,5	67,4	90,9	116,4	101,3	54,5	0,2517	94,56	123		
41	язык славянский	123,56	6	2,8	1,8	7,2	83	172	115,7	0,3795	91,99	121		
110	лингвистический аспект	123,27	3,6	4,2	31,2	86,2	121,4	100,7	51,7	0,2635	94,39	123		
43	речевой поведение	121,84	18	2,1	13,4	79,4	123,8	99,9	48,4	0,303	92,64	123		
47	структура слово	119,56	10,8	45,4	170,4	129,7	117,4	53,5	22,1	0,2574	93,77	123		
69	история язык	116,32	59,8	83,3	122,9	104,3	102,9	74,3	41,8	0,1469	96,59	123		
52	русский глагол	114,22	13,2	14,1	81,8	141,4	114,8	62,6	69,6	0,2614	93,52	123		
45	семантический анализ	113,56	2,4	10,5	100,2	101,8	108,1	76,7	39	0,2032	95,66	123		
44	речевой общение	112,62	12	5,9	24,4	93,8	112,1	88,1	34,3	0,2883	93,77	123		
54	русский литература	112,6	83,8	82,2	77,5	108,1	101,5	76,1	41,8	0,276	93,6	123		
980	новый слово	110,38	124,5	108,8	114,8	117,3	95,8	63,5	61,1	0,2276	94,72	123		
979	культура речь	110,08	169,9	66	94,8	122	98,8	68,7	12,2	0,1887	95,58	123		
64	германский язык	109,27	12	14,2	137,9	115,9	100,4	65,6	16	0,3975	90,21	123		
57	сложный слово	109,19	62,2	164,2	122,3	64	99,3	62,3	35,3	0,2775	93,36	123		
49	прагматический аспект	105,81	0	0,2	21,2	83,6	111,4	76,6	47,5	0,3111	93,47	120		
981	структура текст	105,08	2,4	3,3	46,6	93,5	113,4	65,5	19,3	0,2788	93,99	123		
982	поэтический текст	102,58	13,2	5,7	15,4	69,8	110,9	73,5	46,5	0,3509	92,32	123		
66	родной язык	101,27	93,3	94,4	96,5	92	77,6	74,8	125,5	0,2153	95,1	123		
60	единица язык	100,3	10,8	19	68,6	107,9	98,6	62,5	37,6	0,2181	95,16	123		
50	функциональный грамматика	100,07	0	0,2	18,5	111,6	104,7	67,8	9,9	0,2753	94,24	120		
51	ключевой слово	98,21	0	11,4	13,2	23,3	76	115	125,5	0,3098	92,77	123		
155	аспект язык	97,52	4,8	3,9	26,1	75,7	101,5	71,1	30,1	0,2913	93,39	123		
55	русский фразеология	96,63	6	9,3	52,5	72,5	98	68,4	16,9	0,2793	93,94	123		
424	европейский язык	95,93	101,7	65,4	92,8	81,8	81,8	67,4	37,1	0,1399	96,58	123		
56	член предложение	95,84	53,9	130,1	148,3	128,3	81,2	39,4	12,2	0,3002	92,56	123		
96	национальный язык	95,55	56,2	66,5	99,7	65,7	80,2	70,2	64,4	0,1453	96,59	123		
58	лексический семантика	93,74	0	5,6	49,8	87,1	97,5	59,1	44,7	0,2181	95,29	121		
59	множественный число	93,68	252,5	180,5	111,4	72,6	60,2	69,8	73,8	0,2983	92,88	123		
61	речевой воздействие	92,66	0	0,8	11,4	50,4	86,1	88,4	40	0,3685	91,9	119		
62	сложноподчиненный предложение	92,32	13,2	108,3	122,6	87,3	92	35,3	22,6	0,3292	92,22	123		
63	структура предложение	91,61	10,8	28,4	158,5	130,1	80,3	41	15,5	0,2536	93,44	123		
65	когнитивный аспект	90,95	0	0	0,1	49,9	95,2	76,1	26,3	0,3699	91,97	114		
68	дагестанский язык	90,26	0	13,6	17,9	74,4	84,8	77,3	13,2	0,6179	82,96	106		
81	структура язык	89,29	13,2	22,1	89,6	93,5	86,6	51,6	16,9	0,2408	94,64	123		
98	описание язык	86,37	2,4	6,5	30	64,3	89,4	61,8	39,5	0,2165	95,5	123		
123	уровень язык	86,03	9,6	13,9	70,7	86,2	81,6	56,7	28,7	0,1975	95,63	123		
70	форма глагол	84,76	45,5	95,7	91,6	76,8	61,5	65,9	40,4	0,2387	94,37	123		
67	порядок слово	83,35	46,7	57,8	89,5	81,2	68,3	58,3	34,8	0,2459	93,59	123		
89	русский говор	83,24	52,7	50,8	66,6	72,3	72,4	59,8	51,7	0,3727	91,58	123		
79	башкирский язык	82,42	1,2	131,5	88,7	37,4	57,6	70,3	71,5	0,4951	87,76	117		
71	функциональный стиль	80,19	14,4	10,9	107,7	80,8	77,3	42,7	16,9	0,2684	93,56	123		
72	словарный состав	80	61	75,2	107,1	67,9	71,6	43,8	21,6	0,2135	95,21	123		
73	аварский язык	79,86	0	1,1	23,2	106,2	69,8	65,9	0,9	0,6695	81,7	85		
93	средство язык	79,83	25,1	20,4	48,9	74,4	78,7	52,3	32,9	0,2133	95,57	123		
80	семантика слово	79,5	14,4	14,5	52,4	86,5	82,3	44,7	23,5	0,2357	94,82	123		
102	развитие язык	79,38	50,3	55,2	88,2	70,8	68,5	51,1	52,2	0,1452	96,49	123		
86	китайский язык	78,28	1,2	4,7	15,6	54	54,7	86,9	185,3	0,3927	90,51	123		
74	синтаксический конструкция	77,79	32,3	44,4	82,4	87	69,6	45,8	39	0,1728	96,03	123		
75	языковой игра	77,62	0	0	0,6	21,3	77,7	74,1	26,3	0,3865	90,16	116		
78	теория перевод	77,12	1,2	3,6	25,8	31,1	76,7	62,9	103,4	0,4654	88,76	122		
76	устный речь	76,84	132,8	60,3	60	83,1	63,8	51,9	68,2	0,1467	96,53	123		
84	прошедший время	76,35	41,9	93,1	70	52,4	41,7	78,8	126	0,3207	91,83	123		
77	лексический система	76,28	4,8	20,6	49	68,2	75,6	49,9	28,7	0,2136	95,3	123		
984	языковой материал	75,04	19,1	25,7	45,3	64,6	65	60,1	54,5	0,1299	96,98	123		
262	семантика язык	74,97	0	1	23,3	57,1	83,7	47,5	19,3	0,2893	93,72	121		
82	древнерусский язык	73,96	167,6	81,2	81,8	89,2	59,2	42,9	44,2	0,3213	92,64	123		
87	производный слово	73,94	27,5	30,4	80,1	74,8	74,4	37,2	7,5	0,2794	93,91	123		
83	семантический категория	72,76	2,4	2,6	51,4	76,4	68,7	49,8	42,3	0,2304	94,86	122		
85	синтаксический структура	72,03	12	39	86,9	69,9	64,1	43,4	38,1	0,1682	95,84	123		
90	испанский язык	70,88	1,2	2,5	71	34,5	48,5	75,8	60,7	0,4632	88,39	122		
88	языковой значение	70,77	1,2	3,1	32,3	73,1	75,4	42,7	14,1	0,2682	94,23	122		
100	монгольский язык	69,63	15,6	82,8	54,5	47,2	59	51,3	35,3	0,5085	87,39	120		
118	семантический тип	69,11	3,6	8,8	60,2	91,8	64,6	41,4	19,3	0,2192	94,87	123		
91	художественный речь	68,34	85	24,2	68,9	71,6	67,8	35,5	10,3	0,2958	93,6	123		
92	тип языковой	68,33	1,2	0,7	23,4	61	71,2	47,3	17,4	0,2737	94,22	123		
101	лингвистический теория	67,81	3,6	5,6	25,3	60,5	68,1	48,5	30,6	0,2625	94,32	123		
738	технический термин	66,49	47,9	20,6	70,8	56,2	59,5	45,9	10,8	0,3278	92,82	123		
94	языковый единица	66,43	2,4	3,9	31,2	53,7	65,6	49,2	26,3	0,2282	95,08	123		
117	индоевропейский язык	66,26	55,1	40,2	66,4	60,6	57,4	45,1	17,4	0,1856	95,66	123		
95	грамматический значение	65,84	22,7	44,1	85,9	75,2	55,2	39	27,7	0,172	95,92	123		
97	языковой явление	65,49	32,3	32,2	51,2	60,6	59,7	44,5	32,4	0,1567	96,35	123		
99	теория метафора	64,37	0	0,2	0,5	41,2	64,2	56,6	14,6	0,3554	92,59	113		
103	лезгинский язык	63,12	0	2,5	4,2	51,5	57,9	58,8	2,8	0,7148	81,08	99		
105	даргинский язык	62,9	0	0,5	7	20,4	53,6	70,6	0,9	0,7132	80,01	82		
109	лингвистический семантика	62,7	1,2	0,8	19,6	46,7	66,3	44,8	11,3	0,2986	93,7	120		
198	функционирование язык	62,69	10,8	4,9	30,8	58,4	63,5	41,7	32	0,2283	95,07	122		
231	семантический класс	62,62	1,2	9,5	54,2	66,2	58,7	39,3	61,1	0,2132	94,95	123		
104	исторический грамматика	62,56	38,3	39,2	71,4	62,3	53,9	40	19,7	0,2498	94,24	123		
106	русский синтаксис	61,93	21,5	9,8	50	81	60,7	34,5	10,3	0,259	94,25	123		
107	грамматический форма	61,74	64,6	88,2	70,5	61,5	49,5	37,7	18,8	0,1729	96,13	123		
116	азербайджанский язык	61,57	0	327,7	214,4	32,4	26,9	13,9	16,5	0,6516	83,01	102		
121	таджикский язык	60,86	2,4	9,5	20,3	17,1	22,9	98	87	0,6882	80,78	90		
108	коммуникативный аспект	60,84	0	0,5	20,2	71,3	65,4	35,9	13,2	0,3015	93,6	120		
111	семантический система	59,88	3,6	11,3	63	61,3	58,4	34	21,2	0,2481	94,54	123		
113	естественный язык	59,66	1,2	10,6	21,4	53,3	57	45,7	29,6	0,2013	94,57	123		
178	кавказский язык	59,26	6	10,9	27,3	81,6	54	42	2,4	0,6268	82,13	104		
114	речевой коммуникация	58,91	2,4	1,3	7,4	32,8	59,4	50	23	0,3167	93,25	122		
112	жанр речь	58,85	1,2	0	1	12,3	60,8	54,7	15,5	0,4378	90,59	112		
124	турецкий язык	57,98	3,6	285,8	100,8	24,8	35,1	25,4	40,9	0,5159	86,67	122		
119	русский словообразование	57,37	13,2	7	67,4	61,6	60	26,2	3,3	0,4143	89,61	123		
115	объект лингвистический	57,32	0	1,3	21,4	43,6	53,1	48,8	24,9	0,2793	94,25	121		
134	языковой ситуация	57,29	7,2	4,4	16,7	29,5	50	52,1	127,9	0,2684	93,3	123		
120	иностранный слово	56,91	113,7	40,5	31,7	53,2	50,1	41,1	16	0,1657	96,02	123		
122	смысловой структура	56,35	8,4	19,4	62,7	54,4	59,6	25,5	6,1	0,2916	93,25	123		
125	прикладной лингвистика	56,26	2,4	8,2	30,9	40,8	51,5	46,3	22,1	0,2275	94,9	123		
132	семантический аспект	56,15	0	3,9	37,7	61,7	56,6	34,3	13,6	0,2704	94,35	123		
126	речевой этикет	56,13	0	6,2	20,6	51,8	63,1	31,9	7,5	0,3477	91,18	121		
152	значение глагол	56,08	43,1	39,7	59	60,5	47,5	34,2	65,8	0,2048	95,42	123		
128	модальный значение	55,23	3,6	25,7	48,6	39,4	49,9	40,5	19,3	0,2925	91,55	123		
766	глагольный слово	55,07	2,4	28,4	52,6	52,4	50,8	34,4	30,6	0,2831	92,61	123		
127	грамматический строй	54,98	26,3	54,2	90,1	60,6	46,8	26,7	9,4	0,2262	94,74	123		
130	структурный лингвистика	54,91	4,8	7,2	58	68	55,2	27,1	8	0,2605	94,01	122		
131	семантический признак	54,78	2,4	12,7	65,2	64,9	48,5	33,4	18,8	0,2219	94,22	123		
129	сплошной выборка	54,58	0	1,6	25,3	28,1	48,2	51,1	33,4	0,243	94,88	121		
140	группа слово	54,18	46,7	46,9	78,8	58,6	45,6	29,6	16,5	0,2023	94,98	123		
143	чувашский язык	54,08	4,8	163,4	95,3	32,5	36,4	30,1	14,6	0,5658	86,57	110		
133	глагол движение	53,74	9,6	19	45,5	51,3	46,3	39	47,5	0,3178	92,27	123		
135	придаточный предложение	53,55	22,7	129,4	94,5	54,6	37,1	27,1	9,4	0,3225	91,47	123		
153	форма слово	53,39	44,3	52,8	51,4	54	45,1	34,3	21,6	0,1483	96,55	123		
137	технический терминология	53,24	27,5	12,1	54,6	44,2	49,9	35,2	7,5	0,341	92,4	120		
136	теория коммуникация	53,04	0	0,3	11,9	33,9	49,4	48,4	17,4	0,3551	92,2	119		
138	прямой речь	52,78	57,4	58,3	60,7	34,5	44	35,3	36,2	0,3092	92,61	123		
157	узбекский язык	52,44	4,8	266,6	196,6	30,4	19,7	14,1	5,2	0,6265	83,67	110		
163	алтайский язык	52,26	0	135,9	60,5	30,1	41,1	30,9	24,4	0,4982	87,99	119		
139	языковой номинация	51,82	0	1,8	60	53,7	52,6	27,1	1,9	0,3105	92,83	116		
263	особенность язык	51,79	20,3	30,9	29,6	29,4	45,1	43,9	25,9	0,1599	96,49	123		
142	коммуникативный стратегия	51,65	0	0	0,2	6,6	44	60,6	23,5	0,399	91,09	112		
943	русский диалект	51,6	58,6	33	36,3	46,1	47,2	34,7	23,5	0,3428	92,26	123		
141	именной группа	51,38	1,2	0,3	16,7	26	28,9	69,4	65,4	0,5041	86,33	119		
171	функция язык	50,89	9,6	5,9	36,1	53,6	48,4	33,5	32,4	0,2231	94,9	123		
147	якутский язык	50,43	0	106,4	57,1	30,4	35,3	34,9	105,3	0,6225	83,61	108		
144	диалогический речь	50,32	12	9	48,7	58,4	49,3	24,8	82,3	0,3277	91,86	122		
146	концептуальный анализ	49,55	0	0	0	21,3	52,8	41,3	22,1	0,3579	92,2	107		
145	синтаксический единица	49,28	4,8	20,9	56,3	61,2	48,7	22,7	6,6	0,2599	94,25	123		
148	имя прилагательное	48,87	9,6	32,3	53,1	51,1	45,7	26,7	16,9	0,2868	93,23	123		
149	семантический характеристика	48,66	0	9,8	45,5	50,5	45,5	31,1	16,5	0,2403	94,67	123		
150	аспект языковой	47,97	4,8	1,6	15,6	37,1	50,8	33,3	14,1	0,2915	93,38	121		
151	ассоциативный эксперимент	47,74	6	0	1,8	9,8	41,2	53,9	25,9	0,4127	90,55	111		
202	романский язык	46,45	10,8	3,6	59,6	39,9	34,9	37,1	72,9	0,3462	91,73	123		
158	коммуникативный поведение	46,33	0	0	0,9	5	42,8	50,5	13,2	0,4183	90,29	113		
156	лексический средство	46,21	3,6	8,3	29,5	35,8	46	31,2	31	0,2064	95,47	123		
161	функциональный аспект	46,18	0	1	15,6	39,3	47,4	33,4	8,9	0,2718	94,25	122		
162	иноязычный слово	46,15	22,7	16,3	20,6	38,4	46,7	30,8	17,4	0,2352	92,28	123		
164	поэтический язык	45,94	49,1	16,3	16	41,3	48	27,9	30,6	0,3089	92,59	123		
160	когнитивный семантика	45,78	0	0	0	12,2	49,8	38,7	18,8	0,3951	91,52	109		
159	коммуникативный ситуация	45,77	0	0,5	4,9	25,2	42,3	43,3	37,6	0,276	93,85	122		
985	современный языкознание	45,69	9,6	9	27	37,6	42,5	34,7	23,5	0,2158	95,33	123		
986	теория текст	45,64	0	0,2	14,6	24,1	41,4	43,3	15	0,3301	92,69	119		
170	кумыкский язык	45,4	1,2	27	23,5	31,7	48,3	27,6	2,4	0,6981	79,24	84		
173	казахский язык	45,27	4,8	190,3	135,8	27,9	22,7	15,8	25,4	0,537	86,12	112		
165	великорусский язык	45,02	28,7	24	23,6	33,3	42,7	32,9	13,6	0,2157	94,93	123		
166	семантический отношение	44,61	2,4	10,3	64,2	44,5	41,7	23,6	21,6	0,2451	93,39	123		
172	модальный слово	44,21	3,6	60,9	48,4	66,5	38,1	19,6	22,6	0,3389	90,75	123		
194	языковой контакт	44,14	1,2	17,2	31,9	28,5	36,6	38,1	39,5	0,2541	93,84	123		
168	единственный число	44,1	143,6	101,3	51,2	27,2	24,2	37,4	40,4	0,3371	92,17	123		
274	конкретный язык	44,1	2,4	25,7	37,9	41,6	39,3	29,4	36,2	0,2187	94,46	123		
167	письменный речь	43,98	87,4	30,2	38,3	38,7	35,5	32,7	33,9	0,1759	95,53	123		
169	географический название	43,62	64,6	80,5	48,6	51,1	30,6	25	89,3	0,3301	91,79	123		
235	типология язык	43,62	0	3,8	40,4	36,3	43,5	27,5	9,4	0,2704	93,77	123		
177	лексический состав	43,29	13,2	33,3	39,6	34,5	38,9	28,6	25,9	0,1672	96,16	123		
987	прецедентный текст	43,09	0	0	0	15,7	43,9	38,6	32,4	0,3462	91,61	110		
183	лингвистический описание	42,87	1,2	2	32,1	45	40,7	29	16,9	0,2229	95,13	123		
174	лексика современный	42,85	10,8	11,8	45,5	40,8	42,6	23,5	10,3	0,2374	94,79	123		
176	служебный слово	42,77	7,2	39	39	34,2	39,8	26,2	19,3	0,2775	93,4	123		
175	теоретический грамматика	42,52	0	1,6	42,1	34,1	38,5	31,8	7,1	0,3994	91,54	119		
180	падежный форма	42,31	19,1	53,3	51	39,9	33,3	27,8	14,6	0,275	93,26	123		
185	употребление слово	42,28	190,3	83,8	63,5	43,7	29,1	22,4	29,2	0,2532	93,72	123		
233	структурный тип	42,08	3,6	16,2	57,7	43,1	37,4	24,7	11,3	0,276	93,87	123		
464	родственный язык	41,7	19,1	52,4	55,2	36,7	30,6	29,6	17,9	0,2931	93,63	123		
187	когнитивный подход	41,02	0	0	0	24,7	40,5	36,2	28,7	0,3407	92,67	111		
179	анализ лексика	41,01	1,2	5,6	41	37,8	40,6	24,2	15,5	0,2415	94,73	123		
181	коммуникативный функция	40,62	9,6	5,9	33,7	46,8	38,3	25,6	14,6	0,2372	94,55	123		
184	компонент значение	40,59	2,4	1	23,5	43,9	38,1	29,1	17,9	0,2122	95,2	121		
204	временный форма	40,35	16,8	30,7	58,9	34,7	32,4	25,3	45,6	0,2454	92,88	123		
218	лексикографический источник	40,25	1,2	2,1	14,1	15,7	33,8	42,1	19,3	0,263	94,21	123		
182	номинативный единица	40,24	0	1,8	18,5	40,2	43	24,3	11,8	0,2805	93,86	121		
193	личный местоимение	40,2	16,8	39,7	28,8	36,1	32,6	31	16,9	0,2549	94,01	123		
191	русский словесность	39,94	7,2	2,8	3,4	15,5	41,1	34,7	9,4	0,3499	92,36	123		
242	стилистический особенность	39,94	7,2	13,2	34,2	29,5	34,8	31,4	15	0,2213	95,35	123		
186	синтаксический функция	39,85	7,2	34,1	65,8	46,4	33,3	20,3	7,5	0,2455	94,03	123		
190	теория дискурс	39,74	0	0	0,8	5,2	26,5	55,5	26,8	0,4579	89,3	115		
188	лексикографический описание	39,45	2,4	0,8	13,3	31,4	36,8	32,3	42,8	0,2327	94,5	120		
286	семантика глагол	39,44	1,2	7,2	33,8	38,4	36,6	25,7	41,4	0,1809	95,9	123		
195	детский речь	39,29	2,4	4,7	3,9	52,1	36,9	29,7	16	0,414	90,6	122		
201	семантический компонент	39,23	1,2	1,3	37,2	40,7	35,3	26,9	26,3	0,1999	95,3	122		
189	аспект семантика	39,04	0	0,3	9,3	42,4	42,6	23,8	7,1	0,304	93,69	119		
192	поэтический речь	39,01	87,4	36,8	30,6	43,2	37,5	19,5	8,9	0,2602	93,52	123		
197	лингвистический прагматика	38,85	0	0	3,8	35,6	40,8	28,4	9,4	0,3512	92,16	117		
933	предложный падеж	38,68	56,2	14,4	33,7	32,9	36,6	24,9	9,9	0,3638	89,96	121		
199	родительный падеж	38,64	181,9	85,3	70	33,9	20,9	25,7	18,8	0,33	91,24	121		
230	когнитивный термин	38,44	0	0	0	10,3	37,4	38,1	13,6	0,3697	92,12	106		
196	категория время	38,43	0	17,2	29,3	31,7	35,1	28	8,9	0,2554	94,19	123		
200	категория модальность	38,08	0	7,4	23,3	41,1	36,3	25,9	10,3	0,3178	92,95	121		
246	марийский язык	37,96	0	11,6	15,6	26	30,1	37,4	26,3	0,6578	82,15	94		
303	взаимодействие язык	37,94	0	8	20,9	26,5	36,2	29,2	16,9	0,2423	94,57	122		
215	бурятский язык	37,93	1,2	2,9	8,6	49	34,9	28,1	37,6	0,6256	81,65	97		
224	анализ дискурс	37,84	0	0	0,3	8,9	32,8	42,5	23	0,3934	90,85	113		
211	класс слово	37,81	2,4	9,8	35,9	45,5	35,8	21,7	15,5	0,2263	94,66	123		
203	знаковый система	37,75	2,4	2,1	13,3	37,3	36,3	28,5	16	0,2363	94,83	123		
210	языковый знак	37,65	0	4,4	27,6	37	36,1	25,2	18,3	0,2485	94,48	123		
220	русский лексика	37,46	19,1	10,8	31	48,5	35,4	21,6	10,3	0,3229	92,13	123		
205	вспомогательный глагол	37,26	13,2	39,7	39	28,5	21,3	36,1	67,2	0,4127	88,78	120		
223	состав язык	37,12	13,2	19,9	35,9	28,8	34,9	23,6	16,9	0,2052	95,35	123		
207	научный речь	37,1	6	1,6	55,7	50,4	35,2	16,5	11,3	0,3318	91,88	121		
227	арабский язык	37,08	7,2	25,8	57,6	15,4	34,1	22,7	7,1	0,4723	86,48	121		
206	способ словообразование	36,96	8,4	16,2	30	32,4	34,8	24,6	9,4	0,2705	93,65	123		
209	грамматический учение	36,94	10,8	6,5	29,6	40	37,1	21,5	2,4	0,2429	94,97	123		
219	философия язык	36,88	3,6	1	3,8	24,9	39,8	27,4	8,9	0,3098	92,7	121		
213	языковой знак	36,81	1,2	8,3	17,7	27,3	34,1	29,7	16,9	0,2145	94,96	123		
240	группа глагол	36,8	3,6	21,2	43,8	36,3	32,9	21,6	25,4	0,2502	94,09	123		
208	синтаксический связь	36,79	7,2	32,5	56	43	32,2	17,5	11,3	0,2433	94,21	123		
217	речевой действие	36,71	3,6	0,3	8,7	28,2	38,4	27	10,3	0,2816	93,14	120		
222	языковой уровень	36,43	3,6	3,6	21,2	33,3	34,3	27,1	13,6	0,2155	95,16	123		
212	функциональный семантика	36,28	0	0,3	3,1	33,3	38,7	25,8	6,1	0,3198	93,19	116		
214	деловой письменность	36,21	18	16	27,3	26,1	35,7	23,8	7,5	0,4385	88,94	114		
216	когнитивный модель	36,04	0	0	0	22,5	35,2	32,5	15,5	0,4007	90,41	112		
244	отдельный слово	36,01	76,6	66,5	46,7	36,6	26,6	20,5	24	0,1963	95,32	123		
248	структура концепт	35,39	0	0	0,4	3,8	36	34,2	16,9	0,4283	90,29	105		
225	русский пословица	35,04	18	10,8	10,8	18,7	31,3	31,1	41,8	0,3103	92,84	123		
221	история языкознание	34,98	3,6	8,3	18,9	31,7	33,7	24,9	11,3	0,2472	94,68	123		
226	будущий время	34,92	27,5	57,8	44,2	19,9	20,7	31,5	28,7	0,3125	92,63	123		
241	тип дискурс	34,89	0	0,2	0,1	4,7	24,1	47,4	30,1	0,4227	89,87	110		
228	научный стиль	34,85	14,4	10,8	49,2	36,7	32,7	17,8	13,2	0,2893	93,29	123		
234	балкарский язык	34,82	0	52,6	28,8	16,3	33,3	21,5	3,8	0,5996	83,31	101		
229	семантический связь	34,38	8,4	9,1	47,9	35,4	33,5	16,7	9,4	0,2488	93,53	123		
239	языковой норма	34,32	52,7	13,1	24,6	25,5	29,5	27,2	19,7	0,1914	95,72	123		
988	смысл текст	34,3	1,2	2	5,5	29,2	35,9	24,6	18,3	0,2481	94,75	122		
232	ассоциативный поле	34,04	0	0	0,6	9,7	28,6	39,6	5,2	0,4424	88,17	115		
465	переходный глагол	33,97	10,8	26,8	29,1	22,9	20,9	36	21,2	0,3767	89,94	121		
237	стилистический прием	33,94	26,3	16,5	38,6	26,5	28,2	25	15	0,2489	93,5	123		
284	грамматический класс	33,84	0	9,8	34,9	46,6	31,7	18,1	6,6	0,3316	90,85	123		
252	история слово	33,83	39,5	28,8	37,9	60,4	25,4	19,3	8,9	0,285	93,12	123		
236	диалектный лексика	33,78	15,6	22,2	26,7	29,3	33,3	19,9	4,7	0,3262	91,52	122		
268	сочетание слово	33,27	49,1	49,5	53	37	23,9	19	16	0,2258	93,94	123		
238	речевой ситуация	33,22	15,6	10,9	18,9	25,4	35,4	19,9	5,2	0,2422	94,31	123		
257	пространство язык	32,94	0	0	0,7	14,7	31,4	32,2	8,5	0,3373	92,79	114		
247	лингвистический литература	32,45	8,4	10,1	39,7	40,5	28,6	18,8	12,7	0,1969	95,55	123		
243	русский языкознание	32,43	16,8	16,7	43,9	32,9	29,2	18,2	4,7	0,2377	94,35	123		
270	коммуникативный акт	32,34	0	1	8,4	34,2	31,5	23,8	21,2	0,2545	94,1	119		
249	семантический пространство	32,27	0	0	4,4	19,1	33,4	26,4	7,5	0,3293	92,61	118		
245	исторический лексикология	32,19	2,4	21,1	36	40,1	28,6	17,9	9,4	0,3135	92,24	123		
637	лингвистический эксперимент	31,89	0	1,3	10,2	22,3	30,5	26,6	17,9	0,2644	94,12	122		
253	грамматический средство	31,87	4,8	14,4	35,8	28,4	27,5	22,2	8,5	0,2139	95,27	123		
259	языковой политика	31,79	10,8	5,4	8,3	11	24,2	32,2	122,2	0,4192	88	123		
367	стилистический анализ	31,66	1,2	4,7	30	31,1	29,8	20,5	8,5	0,2315	94,75	122		
250	термин родство	31,5	12	35,1	16,3	30,1	26,2	23,3	28,7	0,4348	88,34	122		
251	сравнительный анализ	31,5	3,6	11,6	11,3	19,4	27,4	28,5	24	0,2449	93,94	123		
254	публицистический стиль	31,4	13,2	11,1	25	30,7	30,6	19,1	9,4	0,267	93,84	123		
258	славянский языкознание	31,35	8,4	7,8	35	39,2	30,5	15,5	8,9	0,2946	93,06	123		
279	когнитивный анализ	31,1	0	0	0	5,6	29,5	32,1	18,8	0,3637	92,1	109		
315	репрезентация концепт	31,03	0	0	0	1,3	27,6	35,8	9,9	0,4348	90,33	100		
264	язык сми	30,85	0	0	0,3	1,3	21,2	43,1	18,3	0,4357	89,71	109		
255	определение понятие	30,8	2,4	4,2	15,3	16,9	23,1	32,7	29,2	0,2432	94,36	121		
773	ударный слог	30,79	39,5	35,6	24,9	24,3	21,7	26,2	31	0,3387	90,81	119		
256	предметный область	30,74	0	0	4,9	12,9	32,5	25,4	5,2	0,4263	88,21	116		
260	структура значение	30,49	0	1,1	26,4	33,5	30,9	17,3	6,6	0,2713	93,98	122		
265	лакский язык	30,35	1,2	18,6	13,4	16,5	28,8	24,5	0	0,723	79,62	80		
261	морфологический категория	30,31	4,8	8,8	36,7	38	28,7	15,5	3,3	0,271	93,64	122		
291	удмуртский язык	30,18	0	10,1	3,3	26,2	18,7	35	69,1	0,6583	82,13	92		
272	языковой выражение	30,11	6	2,6	15,6	23,8	28,3	23,4	18,8	0,2097	95,13	123		
269	когнитивный структура	30,01	0	0	0,1	19,5	32,4	23	13,2	0,3785	90	111		
266	тип предложение	29,99	7,2	14,7	32,3	45,7	24,7	18,4	1,4	0,2682	93,09	122		
282	прямой дополнение	29,78	4,8	36,6	28	19,8	16,6	31,8	16,9	0,4759	87,01	113		
277	русский терминология	29,71	1,2	3,4	18,4	23,8	31,2	18,7	6,6	0,3304	92,91	121		
154	язык грамматический	29,7	6	6,5	23,2	30,9	29,1	18,4	3,3	0,2239	95,38	123		
273	чужой речь	29,66	6	11,8	24,4	14,7	27,3	22,3	30,1	0,383	88,95	123		
271	политический лингвистика	29,62	0	0	0	0,1	11,1	52,8	32,4	0,5445	85,94	91		
989	речевой культура	29,62	35,9	11,1	10,3	22,8	28,2	22,9	4,7	0,3302	90,85	123		
278	выразительный средство	29,6	35,9	21,1	25,6	18,5	24,7	23,5	11,8	0,2144	94,8	123		
354	связь слово	29,59	25,1	18,1	38,6	38,6	28,3	12,3	4,7	0,2612	93,46	123		
276	многозначный слово	29,57	9,6	15,7	37,2	24	27	17,8	9,9	0,2446	94,2	122		
275	сравнительный типология	29,54	0	0,8	19,8	19,6	29,3	21,9	4,2	0,4635	88,83	111		
281	художественный перевод	29,48	1,2	6,9	14,3	10,3	29,4	22,9	35,3	0,4525	87,88	120		
358	функциональный тип	29,48	0	1,3	28,6	35,4	29,4	15,8	10,8	0,2624	94,1	122		
489	модель язык	29,48	0	1,5	5,9	26,3	28,5	23,4	21,2	0,2595	94,4	122		
356	сопоставительный аспект	29,45	0	0,7	6,3	10,7	26	29,9	24	0,3497	91,15	121		
287	категория вид	29,26	2,4	7	21,7	33,6	28,6	17,6	6,1	0,3084	91,89	123		
280	функциональный особенность	29,21	1,2	2,6	15,8	23,5	27,6	22,8	10,3	0,243	94,72	123		
342	английский глагол	29,15	1,2	1,5	23,4	23,5	27,7	20,7	16	0,4541	88,84	120		
294	синтаксический уровень	29,12	0	5,1	29,6	28,6	28,2	17,5	7,5	0,2369	94,7	123		
285	синтаксический средство	29,08	8,4	7,5	28,1	30,8	26,8	18,5	9,4	0,2463	94,47	122		
295	модальный глагол	29,02	0	2,3	26,5	18,8	24,9	23,8	28,7	0,3846	89,49	121		
297	тувинский язык	29,01	2,4	52,9	33,6	18,1	22,2	20,5	9,4	0,5634	85,83	93		
283	переносный значение	28,97	22,7	31	26,8	27,4	24	18,2	47	0,1999	95,14	123		
298	языковой общение	28,8	3,6	3,1	5,9	36,1	31,6	16,2	2,4	0,3705	91,26	122		
299	разговорный язык	28,7	74,2	69,3	43,5	31	20,1	13,9	14,6	0,2691	93,38	123		
288	членение предложение	28,68	2,4	9,1	46,9	37,4	25,6	13,6	5,6	0,323	92,36	123		
289	фразеологический значение	28,55	1,2	1,3	18,3	27	29,9	17,5	0,5	0,3627	91,56	116		
290	категория число	28,5	3,6	19,6	17,8	25,1	29,1	16,4	5,2	0,4406	87,61	123		
363	стилистический аспект	28,47	0	1	15,3	27,6	28,4	19,6	7,1	0,2716	94,06	121		
296	тип лексический	28,45	0	3,4	34,4	33,6	27,9	14,3	8	0,2782	93,72	122		
292	семантический деривация	28,44	0	0	8,6	15,8	32,5	18,4	11,3	0,3252	90,52	118		
293	уровень языковой	28,31	4,8	2,3	13,4	26,8	27	21,1	11,3	0,2255	94,95	123		
301	стилистический функция	28,26	6	7,8	42,6	30,2	28,2	12	3,3	0,2723	93,41	123		
974	медицинский термин	28,19	3,6	2,1	14,1	28,9	27,1	19,9	15,5	0,502	87,35	118		
632	явление язык	28,17	6	8,2	18,6	20,1	26,6	21	12,7	0,1939	95,87	123		
302	устойчивый словосочетание	28,1	20,3	27,4	31,9	27	24,3	16,6	15,5	0,2205	94,56	123		
306	концептуальный метафора	27,97	0	0	0	9,6	22,1	33,3	22,1	0,4437	88,8	106		
307	словообразовательный значение	27,97	0	6,9	52,9	27,9	25,6	13,4	0,5	0,4029	90,09	122		
300	грамматический семантика	27,95	1,2	1,8	17,1	29,3	25,9	20,4	11,8	0,2122	95,18	123		
305	функциональный анализ	27,91	0	0,7	21,6	28,5	27,9	17,3	7,5	0,2641	94,38	121		
304	речевой произведение	27,87	0	1,6	11,6	26,6	27,5	20,1	11,8	0,2935	92,85	119		
318	рекламный дискурс	27,85	0	0	0	3,6	20,5	36,6	15,5	0,4874	88,17	101		
314	винительный падеж	27,84	59,8	87,7	39,9	17,8	17,5	17	15	0,3631	90,97	120		
311	семантический классификация	27,82	1,2	7,7	24,6	27,3	25,5	18,6	15,5	0,2459	93,85	123		
310	словарный дефиниция	27,49	0	1,3	17,4	14,7	25,5	23	17,4	0,2458	94,26	120		
308	компьютерный лингвистика	27,44	0	0	0,2	9,7	22,7	30,8	32	0,3205	91,82	113		
317	языковой механизм	27,41	0	1	3	22,9	28,9	20,3	2,8	0,3083	93,35	122		
322	психолингвистический аспект	27,3	0	0,2	2,3	21	29,2	20,2	7,1	0,3526	91,67	115		
347	персидский язык	27,2	1,2	37,1	35	12,1	13,9	28,9	32	0,4974	87,6	116		
461	окказиональный слово	27,2	7,2	2,6	14,9	24,5	29,1	16,2	6,6	0,466	88,48	120		
329	специальный лексика	27,19	6	4,1	15,6	19,4	25,3	21,8	6,6	0,3057	93,17	121		
309	знак препинание	27,17	108,9	22,5	21,3	25,4	25,8	14,8	3,3	0,432	89,69	122		
320	сопоставительный языкознание	27,16	0	0,2	3	7,5	29,4	22,5	8	0,6285	83,59	111		
312	выражение категория	27,03	1,2	2,6	14,6	28,5	27,6	17	4,7	0,2943	93,52	123		
339	языковой форма	26,99	14,4	6	13,6	26,7	25,4	19,1	19,7	0,1939	95,28	123		
324	семантический модель	26,96	0	6,9	29,8	25,6	25,6	16,1	10,3	0,2425	94,48	123		
325	стиль речь	26,94	57,4	14,7	41,3	25,5	23,3	14,4	14,1	0,2279	94,61	123		
319	аспект речевой	26,89	0	0,5	2,2	23,4	27,3	21,1	7,5	0,3019	93,42	120		
321	лексический заимствование	26,89	2,4	18,3	23,2	21,8	24,4	18,2	13,6	0,2655	93,87	122		
903	народный язык	26,89	80,2	66,3	43,2	27,9	18,2	12,9	20,7	0,2943	92,6	123		
345	теория грамматика	26,84	2,4	2	21,8	25,4	23	21,4	8,9	0,2092	95,28	122		
323	указательный местоимение	26,81	19,1	29,4	34,7	15,3	23,1	17	14,6	0,3286	91,27	122		
335	семантический вариант	26,81	1,2	15,8	38,3	19,5	25,6	14,3	8	0,2742	93,24	123		
455	письменный язык	26,77	20,3	67,3	34	26,5	18,7	14,9	27,7	0,2716	93,17	123		
346	русский писатель	26,74	27,5	34,5	23,8	25,1	22,4	17,3	9,4	0,2647	93,45	123		
328	языковой репрезентация	26,69	0	0	0,9	3,3	19,4	34,6	32	0,4327	90,14	107		
990	семантический универсалия	26,66	0	1,5	5,5	11,9	29,3	20	3,8	0,334	92,96	121		
349	терминологический лексика	26,47	8,4	7,4	34	24,8	24,2	16,1	4,7	0,2912	93,47	123		
331	переносной значение	26,4	52,7	42,3	28,6	26,2	19,8	15,3	52,7	0,1958	94,68	123		
326	синтаксический особенность	26,38	2,4	11,8	26,2	27,4	23,9	16,6	9,9	0,1947	95,39	123		
332	эстетика словесный	26,36	0	0	3,4	21,5	27,6	19,8	4,7	0,3229	93,38	114		
338	языковой структура	26,27	9,6	7,4	19,7	28,1	24,5	17,3	11,8	0,2042	95,26	123		
380	языковой процесс	26,21	3,6	4,9	15,6	23,3	24,7	19,2	12,2	0,2099	94,74	123		
514	географический термин	26,15	3,6	24,8	32,9	34,2	21,3	14,4	20,7	0,3873	90,34	119		
327	лексикология современный	26,13	1,2	1,8	22,4	19	25,6	18,1	6,1	0,2973	93,7	121		
368	украинский язык	26,13	46,7	31,9	69,1	15,3	16,9	15,3	10,8	0,3251	88,16	123		
333	семантический организация	26,08	1,2	1,1	32	26	25,2	14,7	8	0,2721	93,66	122		
334	когнитивный прагматический	25,8	0	0	0	7,8	21,2	28,6	51,2	0,4256	90,45	105		
341	язык газета	25,8	52,7	12,3	26,1	37,6	24	12,2	5,2	0,3197	91,86	122		
364	церковнославянский язык	25,73	51,5	26	16,3	30,6	19,3	20	7,5	0,4259	90,25	116		
340	теория словесность	25,63	0	2,6	6,7	11,3	27	20,2	5,2	0,3293	93,04	119		
348	синтаксический отношение	25,5	3,6	17,8	38,4	29,2	22,7	12,2	11,8	0,2859	92,8	123		
350	структурный схема	25,44	4,8	2,6	24,9	34,1	22,7	16,2	2,4	0,3876	90,18	121		
313	стилистика современный	25,39	2,4	2,1	19	20,8	25,9	16,3	4,2	0,3246	93,24	122		
352	вторичный номинация	25,32	0	0,2	14,7	19,6	26,7	16,5	8	0,3096	93,09	117		
336	семантика оценка	25,19	0	0	0,9	20,8	27,4	18,1	4,7	0,3172	92,84	113		
384	эмоциональный концепт	25,18	0	0	0	7,2	21,6	28	21,2	0,4845	87,71	96		
416	стилистический средство	25,11	8,4	10,8	21	18,5	23,3	17,5	13,6	0,2727	94,04	123		
357	художественный дискурс	25,09	0	0	0	7,8	19,2	31	16	0,4669	88,5	108		
355	грамматический особенность	25,07	0	19,8	25,3	21,7	20,3	18,4	17,4	0,213	95,11	123		
353	глагол речь	25,05	16,8	19,8	18,7	22,9	20,8	18,2	29,2	0,3375	91,68	123		
344	аспект семантический	25,02	0	0,3	29,1	33,3	25,2	11,3	8	0,3137	93,04	119		
379	сочетаемость слово	24,99	12	7,8	32	28,2	23,4	13	9,4	0,2864	93	123		
404	финский язык	24,96	6	8,2	10,3	23,3	16	26,4	52,7	0,5392	85,36	107		
991	лексический материал	24,94	12	19,9	28,3	22	21,3	16,2	12,7	0,1807	95,69	123		
371	калмыцкий язык	24,82	0	2,1	3,6	7,8	29,4	16,7	8	0,677	75,01	90		
373	аналитический форма	24,68	59,8	30,6	35,8	18,9	16,9	18,3	8,5	0,3598	90,77	123		
468	диалектный слово	24,63	29,9	29,9	28,8	18,6	23,1	12,5	8	0,3733	90,3	117		
362	лексический уровень	24,62	0	3,1	11,5	21,3	25,8	15,8	11,3	0,232	94,87	123		
374	категориальный значение	24,57	2,4	2,1	31	29,8	25,9	9,9	1,4	0,3622	90,14	122		
365	оценочный значение	24,52	0	5,9	19,9	18,9	22,6	18,1	9,9	0,2955	92,93	123		
359	аналитический конструкция	24,5	0	11,6	29,1	27,3	21,6	14,7	8,9	0,3726	90,56	122		
360	морфологический структура	24,46	2,4	19,1	28,6	24,9	22,5	13,3	6,1	0,3535	90,96	123		
376	языковый контакт	24,44	1,2	15,5	24,4	18,9	18,6	20,3	23	0,2925	92,61	122		
366	крылатый слово	24,42	51,5	20,7	12,3	28,4	20,7	17,3	3,8	0,2922	92,8	122		
382	первый слог	24,38	29,9	49,3	20,5	10,3	6,1	34,4	20,7	0,5485	80,7	104		
361	безличный предложение	24,37	10,8	14,9	15,3	30,9	22,6	15,1	0,5	0,4453	85,59	118		
383	латинский язык	24,33	16,8	13,4	19,9	15,4	18,4	22,4	12,7	0,3104	92,15	122		
377	табасаранский язык	24,24	0	2	2,6	43	23,1	15,8	0,9	0,7344	77,18	59		
385	русский диалектология	24,06	18	8	18,1	19,4	24,5	14,5	5,6	0,4397	89,78	117		
370	фразеологический семантика	24,03	0	0	3,4	11,1	25,5	19,6	5,2	0,3352	92,89	110		
375	машинный перевод	24,03	6	8,8	32,7	19,1	22,1	14,3	11,3	0,3586	89,53	122		
369	речевой мышление	23,97	0	3,4	17,5	29,4	25,8	11,5	2,8	0,3046	93,16	118		
388	языковой особенность	23,96	6	17,3	13,6	14,8	17,6	23,7	13,6	0,1741	96,07	123		
414	японский язык	23,89	1,2	10,1	14	17,2	19,9	20,6	23	0,4418	86,1	120		
381	строй язык	23,8	2,4	21,6	43,5	25,5	20,1	11,3	3,8	0,2362	93,96	123		
387	речевой взаимодействие	23,76	0	0,2	3,8	12,1	20,8	24,3	11,8	0,3531	91,73	117		
372	специфика языковой	23,73	0	0,5	1,8	9,8	25	20	5,2	0,3325	92,4	116		
735	ударный гласный	23,69	25,1	48,2	24	12,9	13,9	21,3	32	0,4382	87,77	121		
378	особенность употребление	23,66	3,6	9,1	14,9	16	20,9	19,4	14,1	0,1675	96,11	123		
684	форма язык	23,64	13,2	9,5	16,7	24,1	21,1	16,7	13,6	0,1762	96,01	123		
390	именительный падеж	23,56	120,9	33,2	19,2	24,4	13,6	20,9	9,9	0,3261	91,85	122		
392	семантический свойство	23,48	2,4	2	15,7	18,5	22,9	16,5	15	0,2198	94,64	122		
386	функциональный стилистика	23,42	0	0,5	15,9	19,8	22,6	17	5,2	0,2699	94,06	119		
389	английский фразеология	23,38	0	4,4	19,5	22,3	22	16	2,4	0,3953	91,71	110		
393	момент речь	23,37	10,8	15	26,4	19,9	14,4	22,5	20,2	0,4	89,01	122		
401	политический лексика	23,34	4,8	5,6	31,3	23,3	21,1	13,2	23,5	0,3931	89,72	120		
391	сравнительный грамматика	23,26	14,4	50,3	31,3	17,4	20,1	10,9	3,3	0,3882	90,36	122		
396	грамматический система	23,24	15,6	14,1	20,1	17,9	18,6	19	13,6	0,1739	96,12	123		
395	этимологический анализ	23,14	9,6	8,8	11,2	13,8	22,3	17,9	9,4	0,2389	94,28	123		
394	семантический изменение	23,07	9,6	12,6	20,8	21,6	23,8	11,4	10,3	0,275	91,96	123		
397	социолингвистический аспект	23,06	0	0,7	7,2	16,4	23,3	17,8	10,3	0,2533	94,44	118		
571	структура глагол	23,03	0	9,1	22,4	24,8	21,7	13,5	8,9	0,2642	93,85	123		
442	класс глагол	23,01	1,2	2,3	17,6	25,5	21	15,6	19,7	0,2514	93,72	122		
403	концепт дискурс	22,94	0	0	0	0,1	15,9	32	14,1	0,4884	89,49	86		
419	осетинский язык	22,92	1,2	10,6	15,2	4,7	19,7	21,8	8	0,5742	82,8	112		
406	типологический анализ	22,88	0	2,6	17,4	24,9	21,6	15	12,2	0,2969	93,11	123		
398	глагольный лексика	22,87	1,2	0,5	13	20,9	21,9	17	7,1	0,2886	93,02	121		
429	адыгейский язык	22,82	0	1,6	4,3	20,5	26,9	12,2	8,9	0,6545	80,94	101		
399	социальный лингвистика	22,81	0	1,6	13,5	19,1	24,9	13,2	5,6	0,3167	92,92	116		
400	семантический прагматический	22,75	0	0	0,2	10,8	22,9	20,6	7,5	0,3147	93,41	111		
449	мордовский язык	22,68	0	4,7	21	24,3	21,9	13,5	7,1	0,6952	80,44	84		
616	греческий язык	22,67	22,7	10,6	18,1	22,4	14,5	23	4,7	0,3069	91,93	123		
407	фразеологический оборот	22,55	16,8	19,8	22,5	19,4	20,7	13,4	8,5	0,2622	94,31	123		
428	языковой категория	22,48	1,2	2,8	10,2	18,3	20,9	18,2	8	0,2448	94,53	122		
437	болгарский язык	22,48	28,7	35,3	14,9	14,3	19,7	15,3	7,5	0,3182	91,43	123		
405	этнокультурный специфика	22,45	0	0	0	4,4	23,2	21	6,1	0,3931	90,9	104		
413	лингвокультурологический аспект	22,44	0	0	0	5,3	20,3	24,5	6,1	0,3451	92,62	107		
418	заимствованный слово	22,41	23,9	30,2	19,8	22,3	18,1	15	7,1	0,2269	94,62	122		
703	гласный фонема	22,4	7,2	30,7	25	17,3	18,1	15,2	7,5	0,3718	90,57	116		
422	языковой изменение	22,26	3,6	4,7	6,6	13	22,8	16,7	15,5	0,2289	94,73	123		
411	повелительный наклонение	22,25	19,1	39,4	30,1	13,8	16	15,9	8,5	0,312	92,28	123		
423	старославянский язык	22,23	35,9	21,1	16,4	28,3	17,5	15,4	11,8	0,332	90,34	121		
534	категория глагол	22,21	3,6	10,5	19,9	22,7	20,7	13,9	6,1	0,2235	94,13	123		
421	основной значение	22,2	25,1	31,7	24,3	20,8	16	15,3	30,6	0,1829	95,76	123		
432	категория род	22,16	12	6,4	12,7	21,3	20,7	16	5,2	0,3585	90,63	123		
415	внутренний речь	22,12	4,8	3,6	9,3	18	22,2	16	2,4	0,3618	89,89	122		
409	сложносочиненный предложение	22,08	2,4	35,3	20,1	28,9	20,1	10	3,8	0,3738	90,34	121		
426	частотность употребление	22,07	2,4	6	16,8	15,3	19,9	16,9	19,3	0,1982	95,3	123		
410	французский стилистика	22,06	0	1,1	18,6	24,1	22,9	12	2,8	0,2898	94,03	118		
420	антропоцентрический парадигма	22,05	0	0	0	0,8	18,5	26,6	11,8	0,4015	91,74	100		
267	язык теоретический	22,03	0	0,8	7,9	16,1	21,4	17,7	9,4	0,2793	93,61	121		
412	семантика производный	21,95	0	0,3	21,7	21,4	23,2	11,4	2,4	0,3095	92,91	117		
417	синтаксический семантика	21,92	0	1,8	37,3	36,2	19	9,8	1,4	0,3243	91,74	118		
445	речевой портрет	21,84	0	3,1	2,9	9,6	16,7	25,4	12,2	0,4428	88,01	116		
505	язык дагестан	21,84	0	1	6,5	19,2	21,4	17,1	1,9	0,6481	82,01	92		
536	сложный глагол	21,82	4,8	32,8	19,5	9,7	18,8	14,8	26,8	0,4843	82,15	113		
425	языковой круг	21,81	0	0	0	0,2	15	30,7	12,2	0,4923	89,38	84		
992	способ номинация	21,71	0	0,3	22,3	17	22,9	12,2	2,8	0,3012	93,22	120		
427	коммуникативный единица	21,53	6	1,6	17,9	32,9	21,9	10	2,4	0,3072	92,05	122		
337	язык научный	21,51	12	5,6	19,8	22,6	19,1	14,7	8,5	0,2246	94,78	122		
431	порождение речь	21,51	1,2	0	2,9	23	22,1	15,2	9,4	0,2921	92,91	120		
443	итальянский язык	21,5	10,8	3,9	16,7	15,4	14,6	19	101,6	0,4071	87,5	122		
435	хакасский язык	21,48	1,2	48,9	21,4	17,3	17,3	12,8	5,2	0,5899	84,31	88		
541	категория язык	21,39	0	2,9	7,9	17	20,3	17,4	5,6	0,2391	94,81	122		
351	язык советский	21,38	34,7	24,8	23,7	24,7	19,9	9,5	6,1	0,3391	91,93	123		
994	корпус текст	21,31	0	0	1,6	7,6	19,4	21,7	16	0,3217	91,63	119		
430	односоставный предложение	21,23	23,9	19,4	12,8	21	17,7	16,1	0,9	0,3937	90,07	121		
433	семантический уровень	21,19	0	1,8	19,2	18,7	19	15,4	14,6	0,2275	95,05	122		
434	функциональный подход	21,18	2,4	0,7	11	26,5	18,8	15,9	11,8	0,2249	95,04	120		
438	коннотативный аспект	21	0	0	3,3	20,7	23,7	12,6	4,7	0,3152	93,42	113		
447	дательный падеж	21	33,5	53,1	23,3	14,6	11,1	18,6	8	0,3562	90,96	120		
440	случай употребление	20,98	34,7	29,2	20,3	15,7	15,2	16,5	13,2	0,2238	94,76	123		
444	речевой практика	20,91	32,3	9,3	8,2	12,9	18	18,6	8,5	0,2135	95,16	123		
993	пространство время	20,87	2,4	0,3	1,8	13,9	21,7	16,6	5,6	0,2961	93,62	118		
439	фразеологический система	20,86	0	3,3	19,2	16	18,6	16,1	4,2	0,3235	92,47	119		
448	грамматический структура	20,81	8,4	15,2	23,2	21,4	18,2	12,6	6,6	0,2035	95,21	123		
441	коммуникативный пространство	20,8	0	0	0	2,7	13,6	28,8	27,7	0,4063	90,42	109		
436	спонтанный речь	20,79	0	0,3	12,2	12,9	19,6	17,1	9,4	0,3435	91,82	120		
453	русский лексикография	20,79	9,6	6,9	18,6	19,8	19,3	13,5	8,9	0,2958	93,12	123		
454	черкесский язык	20,69	0	0,7	5,2	22,9	20,1	15,2	11,8	0,6577	82,13	88		
450	ассоциативный связь	20,64	2,4	5,4	9,4	13,6	21,5	14,2	4,7	0,2629	92,67	122		
626	лингвистический средство	20,62	0	1,5	12,8	18,1	18,8	16,1	12,2	0,3008	93,16	122		
964	юридический термин	20,61	9,6	3,9	2,1	4,3	21,3	18,1	6,1	0,5051	84,83	117		
446	оттенок значение	20,59	25,1	22,4	30,7	21,5	16,3	11,8	7,1	0,1967	94,85	123		
790	языковой факт	20,51	2,4	13,6	19,1	19,1	18,2	13,5	11,3	0,1495	96,54	123		
452	системный лексикография	20,46	0	0	0	10,4	20,1	18,7	12,2	0,2705	93,98	112		
456	лингвистический терминология	20,45	2,4	4,6	5,4	13,4	20,4	16,3	3,8	0,3735	89,97	123		
743	иранский язык	20,31	6	12,6	16,3	11	12,2	22	38,6	0,4873	87,26	111		
475	туркменский язык	20,18	2,4	150,5	62,4	8,8	7,1	3,8	1,4	0,6555	80,01	95		
472	прагматический потенциал	20,12	0	0	1,6	7,9	18,3	20,3	15,5	0,3585	91,62	109		
459	дискурс анализ	20,11	0	0	0	2,5	11,8	29,9	22,1	0,4621	88,1	103		
460	прагматический функция	20,03	0	0	9,8	17,8	18,6	15,7	15,5	0,332	91,85	117		
462	речевой стратегия	20,03	0	0	0	9,8	18,2	20	19,7	0,4023	90,43	108		
458	русский лексикология	20	1,2	2,5	20,7	20,8	20,2	10,8	2,8	0,2953	93,57	120		
511	стилистический характеристика	19,96	9,6	4,9	20,4	19,4	17,5	13,9	8,9	0,22	94,84	123		
330	язык семантический	19,95	0	1,8	10,5	24,4	20,3	11,7	8,5	0,2357	94,91	123		
457	политический метафора	19,92	0	0,2	0	7,3	19,6	19	5,6	0,3875	90,62	103		
463	когнитивный механизм	19,89	0	0	0	7,4	14,8	24,2	26,3	0,425	90	107		
466	семантический процесс	19,87	0	1,8	14,4	20,3	20,7	11,4	5,2	0,2608	94,17	122		
467	сфера употребление	19,87	15,6	22,5	20,9	17	14,4	15,4	18,3	0,1483	96,45	123		
480	молодежный жаргон	19,87	2,4	0,7	1,7	17,8	23,3	11,2	12,2	0,4925	84,42	116		
469	хантыйский язык	19,82	1,2	0,3	0,6	1	15	24,8	33,9	0,7287	80,96	78		
522	синтаксический анализ	19,7	0	2,6	15,1	18,9	19,4	12,2	14,1	0,3857	88,9	123		
669	приставочный глагол	19,7	8,4	7,5	9	17,6	14,1	19,5	24	0,4733	83,2	117		
471	межкультурный общение	19,69	0	0	0,2	3,7	20,4	18,4	5,6	0,4382	89,83	103		
477	прямой значение	19,66	29,9	24,3	25,3	17,2	13,6	13,2	48,9	0,2242	94,21	123		
473	предикативный единица	19,53	0	3,4	18,6	28,5	19,4	9,3	1,4	0,3557	90,36	120		
498	тип предикат	19,44	0	1	13,9	27,7	17,9	12,4	5,2	0,3015	92,2	121		
478	творительный падеж	19,43	46,7	22,5	25,4	14,4	12,5	16,2	11,3	0,3707	89,31	117		
495	польский язык	19,42	19,1	23,2	17,1	16,9	16,7	12,5	9,4	0,2635	93,64	123		
838	гласный звук	19,4	81,4	49,7	27,6	16,4	11,3	13	8,5	0,344	91,97	120		
470	семантический развитие	19,33	2,4	17,8	19	14,1	15	15,8	4,2	0,2269	92,67	123		
476	сравнительный конструкция	19,33	0	3,6	4,7	31,7	16,5	14,5	11,3	0,3967	88,88	120		
485	метафорический перенос	19,28	0	5,1	7,5	13,5	18,6	14,6	22,6	0,2523	93,46	123		
474	терминологический единица	19,26	1,2	0,3	4,9	10,6	15,7	20,7	4,7	0,411	90,3	114		
482	лексикографический практика	19,17	2,4	5,9	15,1	17,3	17,2	13,7	16	0,2132	95,13	123		
502	лингвистический дисциплина	19,15	4,8	4,4	17,4	18,5	16,9	13,7	9,9	0,2048	95,32	123		
486	глагольный лексема	19,12	0	3,6	19,8	11,8	16,2	15,4	16,9	0,2819	92,84	122		
481	селькупский язык	19,08	0	1,6	6,6	11	11,8	23,5	32	0,6629	82,93	86		
479	синтаксический организация	18,95	2,4	2,5	22,4	22,7	17,4	11	5,2	0,2828	93,53	120		
490	киргизский язык	18,9	0	104,6	56,2	9,8	9,2	4,8	3,8	0,5925	84,73	107		
487	синтаксический позиция	18,89	0	4,7	24	25,4	13,3	14,5	13,2	0,3242	92,1	123		
506	коми язык	18,82	0	3,9	8,4	13,8	16,1	16,9	13,2	0,669	81,32	93		
605	лингвистический интерпретация	18,73	0	1,3	9,4	16	17,7	14,6	4,2	0,257	94,54	123		
484	функциональный синтаксис	18,71	0	2	20,8	25,4	17,5	10,3	3,3	0,2642	94,13	118		
491	чеченский язык	18,69	0	0,8	10,4	4,9	16,5	18,6	0,5	0,7771	76,37	63		
483	семантический описание	18,59	0	0,2	7,5	19,2	19,3	12	6,1	0,2405	94,69	121		
488	живой речь	18,59	95,7	32,7	14,6	19	14,9	10,5	12,7	0,2235	94,01	123		
688	лингвистический единица	18,5	0	2,6	16,3	19	19,8	9,1	6,1	0,264	93,98	123		
901	образование слово	18,46	18	16,8	27,1	19,9	16,6	8,6	4,7	0,2439	94,47	123		
497	пассивный конструкция	18,4	0	3,6	44	9,8	12,4	14,3	6,6	0,4296	82,79	120		
528	вариант слово	18,34	7,2	16,7	29,4	17,5	16,6	8,6	3,8	0,2919	91,23	123		
492	организация предложение	18,32	0	2,3	26,3	25,4	16,8	9,1	1,4	0,2904	92,59	118		
494	речевой высказывание	18,32	0	1	9,7	18,6	18,9	11,4	9,9	0,2852	93,16	122		
504	коммуникативный компетенция	18,31	0	0	2,6	8,9	17,6	16,7	13,2	0,2955	93,28	115		
507	сослагательный наклонение	18,29	4,8	4,2	16	11,6	8,8	23,9	10,3	0,3855	85,91	123		
493	семантический роль	18,19	0	0,5	11,9	11,1	15,7	15,4	35,7	0,3972	89,05	119		
501	категория состояние	18,18	8,4	4,2	11,7	27,2	19,6	7,5	0,9	0,4758	86,7	118		
500	метафорический значение	18,15	4,8	8,8	18,5	17,4	14,9	11,9	46,1	0,2942	91,75	123		
508	субъект речь	18,09	0	1	3,3	16,1	20,5	10,9	4,7	0,2988	92,99	121		
496	фонетический система	18,05	3,6	21,1	17,7	20,3	14,9	11,6	1,9	0,2797	93,05	122		
509	русский орфография	18,05	74,2	16	9,7	15,1	15,5	11,7	37,1	0,4097	89,52	117		
499	семантика предложение	18,04	0	2,5	19,3	27,4	16,6	9,7	1,4	0,2918	93,13	121		
503	теоретический лингвистика	18,03	0	0,5	12	18,8	17,9	11,6	7,1	0,2693	93,97	120		
512	субъективный модальность	18,01	0	2,6	8,5	14	17,3	13,6	16	0,3895	87,3	120		
524	оценочный компонент	17,88	0	0	8,5	13,5	18	12,9	12,2	0,3065	92,41	117		
515	семантический функция	17,85	0	7,8	23,1	22,9	17	8,3	2,8	0,3085	91,86	122		
513	контрастивный лингвистика	17,83	0	0	2,8	9,4	17,9	15,5	0,9	0,4538	89,05	107		
520	тип речь	17,8	7,2	3,8	15,4	26,1	17,3	8,9	6,6	0,3238	92,06	121		
516	коммуникативный деятельность	17,77	1,2	1,3	1,4	14,3	17,7	14,3	10,3	0,3259	92,88	118		
518	пространственный значение	17,77	4,8	4,1	18,9	11	13,5	16,2	10,8	0,2967	92,94	123		
510	оценочный лексика	17,74	0	0,3	8,6	24,8	17,1	11,5	3,3	0,3334	92,49	120		
523	лексический сочетаемость	17,69	3,6	7,4	31,8	19,8	15,2	8,9	6,1	0,2776	92,86	123		
526	грамматический характеристика	17,69	2,4	7,5	19,9	19	15	11,7	11,3	0,2223	94,74	123		
519	концептуальный пространство	17,64	0	0	0	2	14,5	21,6	5,2	0,4781	89,14	101		
525	иноязычный лексика	17,52	6	5,2	6,2	17,4	16,7	13	3,8	0,2916	92,26	121		
527	заимствованный лексика	17,44	0	5,1	5,9	13,9	17,3	13,1	3,8	0,3271	91,76	123		
924	русский письменность	17,39	29,9	27,6	24,9	23,3	11,1	11,2	6,1	0,3946	91,52	116		
521	языковый картина	17,36	0	0	0,1	4,5	17,3	16,9	0,9	0,3534	92,63	107		
517	косвенный речь	17,35	2,4	22,9	18,5	4,7	11	16,9	29,6	0,4389	87,84	119		
543	косвенный падеж	17,35	50,3	20,6	15,1	20,4	10,1	15,1	19,7	0,3389	91,63	116		
537	крылатый выражение	17,14	28,7	5,9	8,1	15,9	14,3	14,6	3,8	0,3265	90,64	122		
569	местный падеж	17,14	1,2	33,5	19,5	15,6	9,3	15,3	11,8	0,5229	87,51	97		
531	диахронический аспект	17,09	0	1,8	5,5	10,6	14,5	16,7	11,3	0,266	93,92	121		
529	медицинский терминология	17,08	0	1,1	5,4	19	16,7	12,2	8,5	0,5132	86,64	106		
642	коммуникативный тип	17,03	0	0,8	15,5	20,4	15,8	11,1	0,9	0,3664	91,07	120		
568	лингвистический типология	16,93	0	2,1	15,9	14,6	16,3	11,1	6,6	0,3382	91,56	123		
532	языковой метафора	16,91	2,4	0	6,7	16	17,6	11,2	6,1	0,2996	93,05	119		
535	выражение модальность	16,91	0	4,6	16,2	17	17,1	9,2	2,8	0,3375	92,18	122		
530	языковой концептуализация	16,85	0	0	0	9,5	19,5	11,9	1,9	0,3202	92,98	107		
539	синтаксический модель	16,78	2,4	5,2	21	25,3	14,9	8,5	5,6	0,2909	92,62	123		
533	глагольный словосочетание	16,73	1,2	10,6	19,4	16	15,1	10,1	2,8	0,4657	84,95	115		
585	белорусский язык	16,71	19,1	30,1	44,8	13,4	9,9	9,1	5,2	0,424	86,72	120		
538	отраслевой лексика	16,69	0	0,7	2,1	4,5	15,3	17,5	0	0,7281	77,63	69		
546	деловой стиль	16,69	31,1	5,9	8,4	12,2	17,1	10,9	0,9	0,3284	91,44	123		
542	речевой средство	16,68	25,1	14,1	9,6	14,5	15,6	11	4,7	0,2639	93,14	122		
835	лингвистический характеристика	16,68	1,2	1	8,9	12,3	15,5	13,3	15	0,2459	94,06	123		
540	объективный картина	16,63	3,6	0,7	1,9	10,8	18,3	11,9	4,2	0,3023	93,41	118		
547	языковой способность	16,6	0	0	0,9	11,2	16	14,5	16,5	0,3729	90,7	114		
560	научный дискурс	16,56	0	0	0	4,1	12	21,5	11,3	0,4403	87,38	106		
586	чешский язык	16,48	12	7,8	11,8	17,4	14,2	12,1	5,2	0,3396	91,6	123		
544	исторический языкознание	16,39	8,4	8,3	11,6	16	13,5	13	8,9	0,194	95,01	123		
545	речевой единица	16,37	0	3,1	19,5	14,7	14,8	11	2,4	0,25	92,58	121		
550	коммуникативный процесс	16,37	0	0	2,5	9,7	13,8	17,3	3,8	0,3207	92,5	120		
584	корейский язык	16,36	1,2	3,4	2,5	9,1	16,9	12,2	22,6	0,5541	82,74	110		
707	языковой коммуникация	16,34	1,2	0,7	6,7	13,6	16	12,5	4,2	0,2947	93,15	120		
548	фразеологический сочетание	16,29	7,2	30,4	22,9	12,9	13,5	8,6	1,4	0,2975	91,82	122		
553	публицистический дискурс	16,29	0	0	0	1,3	12,5	20	31	0,4961	87,44	87		
549	коммуникативный структура	16,21	0	0,2	10,2	15,4	15,7	11,4	7,5	0,2752	93,19	119		
554	коммуникативный грамматика	16,2	0	0	2,6	11,6	17,8	11,3	4,2	0,3184	92,88	116		
592	восточнославянский язык	16,2	12	21,1	38,8	16,6	11,9	7,1	5,2	0,3392	90,34	120		
551	морфологический особенность	16,17	0	19,8	12,9	8,2	14,1	11,9	8,9	0,3909	88,78	122		
556	адыгских язык	16,15	0	1,3	5,3	26,6	16,3	8,9	6,6	0,6915	79,35	79		
561	фразеологический состав	16,15	0	1,8	20,1	9,2	15,6	10,6	4,7	0,3353	91,46	119		
562	синтаксический свойство	16,13	3,6	4,4	18,3	18,1	13	11,4	13,2	0,2512	94,14	123		
559	лексический фонд	16,1	3,6	10,5	16,9	13,5	11,4	13,8	18,3	0,2563	93,64	123		
552	синтаксический строй	16,09	12	23,4	19	20,4	15	6,2	1,4	0,3444	91,36	122		
555	второстепенный член	16,03	19,1	21,9	28,2	19,7	12,6	7,4	0,5	0,3754	90,55	121		
565	публичный речь	16,03	3,6	2,1	6,3	7,6	17,2	11,3	7,5	0,3972	85,65	119		
557	лингвистический учение	15,97	0	1	7	10,2	15,9	12,5	2,8	0,324	92,71	118		
564	текстовый категория	15,96	0	0	3	12,1	17,3	11,3	2,8	0,3439	91,67	111		
567	типологический характеристика	15,96	0	5,7	10,1	13,5	15	11,5	7,1	0,2852	93,61	122		
572	словесный знак	15,92	1,2	5,1	17,3	19,6	15,3	8,1	7,1	0,3	92,17	120		
558	номинативный аспект	15,91	0	0,7	5,9	19,1	17,2	8,9	4,2	0,3219	92,19	113		
577	рутульский язык	15,91	0	0,5	0,7	13,1	14,1	14,8	18,3	0,7449	79,49	54		
563	форма речь	15,86	20,3	10,6	11,8	19,2	15	8,6	8,9	0,2545	93,81	123		
573	языковой реализация	15,82	0	0,2	1,8	10,4	16,1	12,9	6,6	0,324	92,9	118		
570	функциональный разновидность	15,71	3,6	3,1	12,9	17,9	16,6	7,8	2,8	0,2955	93,06	121		
566	философия грамматика	15,62	0	0,8	13,1	17,7	15,2	9,6	1,9	0,2794	93,8	116		
599	каракалпакский язык	15,62	0	127,8	50,4	8,5	4,1	2,5	1,9	0,6671	77,9	73		
588	маньчжурский язык	15,61	6	22,1	17	5,4	12,1	12,2	18,3	0,5097	81,77	94		
574	устойчивый фраза	15,52	0	1,1	13,8	13,9	15	10,3	3,3	0,3201	92,54	113		
638	возвратный глагол	15,5	7,2	5,6	15,4	7,2	14,7	11,1	4,7	0,4758	85,31	110		
576	сопоставительный лексикология	15,47	0	2,1	11,2	13,5	15,3	10,4	2,4	0,304	92,78	117		
575	коммуникативный намерение	15,44	0	0	5	12,9	15,7	11,5	3,8	0,2891	93,55	118		
995	речь носитель	15,44	6	3,3	5	12,2	13,7	13,5	8,9	0,2559	93,33	123		
582	концептуальный поле	15,4	0	0	0,1	1,3	14,4	16,7	3,8	0,4518	89,15	102		
597	вводный слово	15,4	8,4	21,9	14,7	14,1	12,2	9,9	21,6	0,289	93,17	120		
807	состав слово	15,38	12	22,2	19,9	15,6	12,7	8,3	6,1	0,2124	94,89	123		
591	прагматический характеристика	15,33	0	0	3	10,8	14,4	13,4	11,3	0,3355	92,16	113		
581	английский речь	15,32	1,2	0,3	7,7	15,2	14,9	11	4,7	0,5071	85,86	110		
579	исторический морфология	15,3	1,2	9,3	15,4	13,5	13,9	10	2,8	0,2995	92,05	122		
589	неопределенный местоимение	15,26	6	2,9	13,8	8,5	12	14,1	12,7	0,4034	88,49	118		
587	сопоставительный грамматика	15,25	0	6,5	12,8	12	15,6	9,1	0,9	0,445	88,45	113		
748	уйгурский язык	15,24	1,2	94,4	46,1	7,3	5,2	5,4	2,4	0,6183	82,78	77		
996	коммуникативный неудача	15,23	0	0	0	11,9	16,4	11,3	5,2	0,3743	89,58	107		
594	грамматический описание	15,22	0	7,5	13,8	16,9	12,4	11,1	10,8	0,2295	94,23	123		
578	аспект лингвистический	15,21	0	0,8	4,9	13,2	15,9	10,6	3,8	0,3023	93,35	116		
997	наивный картина	15,2	0	0	0,1	11,2	16,7	10,9	8,5	0,3003	92,28	112		
583	речевой сообщение	15,1	0	1	9,4	18,2	16,4	7,6	2,8	0,3631	91,22	118		
635	лингвистический статус	15	0	0,3	11,3	12,3	12,4	13,1	9,4	0,2877	93,48	118		
998	кавказский языкознание	14,99	0	0,8	4,7	13,4	15,6	10,6	0	0,6771	79,46	76		
590	экспрессивный средство	14,97	0	2	13,7	16,6	13,8	9,8	2,4	0,3098	92,79	121		
601	именной словосочетание	14,97	9,6	8,2	17,9	16	15,5	6	4,7	0,3927	88,97	119		
603	субъективный оценка	14,97	10,8	7,8	18,9	18,7	12,6	8,7	7,1	0,2295	94,08	123		
596	сочинительный союз	14,91	3,6	14,5	8,2	12,9	13,1	10,9	6,1	0,3859	89,74	120		
719	лингвистический явление	14,9	1,2	3,4	10,6	14,5	14,1	10	8,5	0,2427	94,67	122		
598	диалектный речь	14,85	23,9	14,7	14,5	13,8	13,1	8,8	7,1	0,3098	92,45	119		
593	экспрессивный синтаксис	14,84	0	0,7	5	14,6	14,9	10,6	4,7	0,342	92,4	116		
622	лингвистический парадигма	14,77	0	0	0,1	6,4	14,8	13,4	8	0,3347	92,87	106		
625	языковой деятельность	14,76	1,2	0,5	3,1	17,5	15	9,9	7,1	0,2838	93,59	120		
595	коммуникативный лингвистика	14,65	0	0	8,2	13,1	14,2	10,9	2,8	0,294	93,58	116		
615	языковой компетенция	14,57	0	0	2,9	5,9	15,4	11,3	16,5	0,2999	91,66	118		
859	производный глагол	14,56	1,2	10,9	24,3	13,3	11,2	9,5	6,1	0,3739	90,75	119		
600	лексический синонимия	14,55	3,6	0,8	16,6	18,5	14,9	6,5	3,3	0,4047	90,98	116		
604	грамматический свойство	14,55	3,6	3,9	9,7	16,2	14	9,3	4,2	0,3311	91,6	121		
602	концептуальный признак	14,53	0	0	0,2	0,3	15,8	13,1	3,3	0,4953	86,89	92		
608	метафорический моделирование	14,51	0	0	0	1,6	9,2	20,8	12,7	0,5522	86,43	80		
613	авторский речь	14,47	58,6	27	33,6	12,2	9,4	7,1	3,3	0,3793	87,74	121		
606	субъект действие	14,37	15,6	15,8	19,7	13	11,6	8,8	6,6	0,2365	94,46	121		
648	народный речь	14,34	46,7	48,9	21,9	13	9,6	6,3	6,6	0,3758	90,79	112		
619	глагольный категория	14,33	0	6	11,5	15	12	10,8	10,8	0,238	94,09	123		
631	мягкий согласный	14,33	26,3	12,4	10,6	10,3	9,5	14	9,9	0,449	87,79	106		
612	русский двуязычие	14,32	0	3,1	22,5	13,5	14,4	6,2	5,2	0,448	88,82	111		
614	главный предложение	14,32	2,4	33,3	17,7	12,7	10	8,7	20,2	0,409	89,5	108		
654	вид глагол	14,31	4,8	4,4	14,3	19,3	12,3	9	5,6	0,2337	94,25	121		
633	литературный речь	14,27	87,4	32,5	15,2	16,5	10,9	6,6	2,4	0,3039	92,45	122		
999	типология текст	14,27	0	0,2	7	12,8	13,9	10,6	3,8	0,3371	92,16	115		
646	прагматический подход	14,26	0	0	1,8	7,4	12,5	14,6	7,1	0,3362	92,67	113		
607	смысловой восприятие	14,24	0	1,1	8,2	17,4	15,6	7	0,9	0,401	90,52	111		
620	категория падеж	14,23	0	17,3	18	12,2	10,9	10	4,2	0,3831	90,31	120		
627	исходный значение	14,23	12	10,8	9,3	9,9	11,4	11,6	22,6	0,2839	92,6	120		
609	германский языкознание	14,2	0	1,5	26,5	15,4	12,6	7,3	1,4	0,3847	90,23	115		
611	русский фразеологизм	14,2	1,2	2,3	6,1	12,4	14,2	10,1	2,4	0,3376	91,98	118		
660	ментальный действие	14,13	0	0	0,1	12	16,3	9	3,8	0,3238	92,21	110		
634	семантический представление	14,12	2,4	1,6	3,6	9,1	15,9	9	6,6	0,2725	93,42	117		
644	языковой семья	14,11	10,8	6,4	11,3	7,9	13,6	9,4	14,1	0,5007	86,15	104		
621	номинативный предложение	14,08	9,6	4,4	14,7	7,4	13,4	9,8	0,9	0,4983	82,76	113		
645	семантический потенциал	14,03	0	3,4	7,3	17	12,8	10	4,2	0,301	92,99	121		
624	когнитивный признак	14,01	0	0	0	0,1	14	14,2	7,5	0,5486	85,44	75		
617	речевой реализация	14	0	0,8	8,5	19	13,7	8,5	2,8	0,3018	93,12	117		
643	экспрессивный лексика	13,96	0	1,3	3,6	14	16,8	6,6	2,8	0,3181	92,34	119		
639	языковой категоризации	13,93	0	0	0,1	3,2	15,9	11,1	0,9	0,4167	90,75	104		
641	институциональный дискурс	13,92	0	0	0	0,3	9,9	19,1	8	0,4958	87,18	91		
647	стилистический окраска	13,89	59,8	22,5	18,5	15,4	10,9	6,8	4,2	0,2346	94,29	122		
618	именной словообразование	13,88	1,2	16,5	14,6	12,2	12,7	7,9	0,9	0,3324	91,62	117		
623	тип семантический	13,88	0	0,8	19,5	12,9	13,6	7,3	4,2	0,2795	93,05	121		
630	неродной язык	13,87	1,2	0,8	7,7	16	13,6	9,1	4,7	0,3945	90,97	117		
610	структура семантика	13,85	0	0	4,2	11,2	13,1	11,6	4,2	0,2683	94,08	119		
828	восточный язык	13,83	9,6	29,4	18,3	11,6	10	8,6	6,6	0,3427	92,05	121		
657	деловой дискурс	13,81	0	0	0	0,1	8,5	20,2	19,7	0,5978	82,62	83		
792	лингвистический модель	13,77	1,2	0,3	3,3	13,9	13,6	10,1	8,5	0,2592	94,08	118		
810	вариант язык	13,76	0	2,1	5	7,4	12,2	12,5	15	0,2978	92,11	119		
629	синтаксический категория	13,75	2,4	11,9	15,6	16,8	11,9	7,7	4,2	0,2815	93,35	121		
640	модель предложение	13,73	1,2	4,1	23,8	22,9	11,9	5,6	1,9	0,3423	90,87	119		
680	однокоренной слово	13,7	26,3	7,2	7,1	10,3	13,7	8,8	3,3	0,3312	89,93	122		
628	контекстный семантика	13,69	0	0,2	19,1	16,6	13,7	6,2	0,5	0,3225	92,83	112		
651	лексический атлас	13,69	0	0,7	1,8	9,7	14,9	9,9	3,3	0,5965	83,54	86		
673	разговорный лексика	13,67	13,2	6,5	17,9	11,3	11,5	8,9	10,8	0,2816	92,09	122		
664	обучение язык	13,65	2,4	3,9	11,2	17,7	11,7	9,4	6,1	0,2609	93	123		
661	человеческий язык	13,64	2,4	3,3	9,6	13,6	12,3	10	5,2	0,2335	93,43	123		
727	социальный диалект	13,62	8,4	3,4	6,5	9,6	15,4	7,5	4,2	0,3437	91,81	116		
836	фонетический слово	13,59	1,2	5,1	4	6,8	9,1	16,2	9,9	0,3948	84,27	121		
699	лингвистический категория	13,57	0	1,5	10,2	11,5	12,7	9,9	4,7	0,2741	94,02	121		
670	ингушский язык	13,5	0	1	8,6	2,4	13	12,1	0	0,7288	73,49	54		
649	прагматический установка	13,49	0	0	8,4	12,8	13,5	8,9	7,5	0,3523	91,38	116		
655	восприятие речь	13,49	16,8	1,5	8,7	7,1	13,3	10,1	5,6	0,3299	91,19	122		
658	берестяной грамота	13,49	41,9	13,7	5,4	11,2	9,1	11,5	45,1	0,5007	86,66	95		
671	непереходный глагол	13,49	3,6	11,9	9,8	10,1	8,7	13,7	8,5	0,4202	89,05	110		
659	корневой морфема	13,47	3,6	20,4	18	14,4	9,3	8,4	25,4	0,2906	92,56	122		
656	обыденный сознание	13,45	0	0	0,5	7,1	14,3	10,6	11,3	0,3367	92,16	112		
697	производный значение	13,43	1,2	7,5	8	8,5	13,3	9	12,2	0,2632	94,2	122		
652	лексический элемент	13,42	2,4	25,3	21,3	12,9	10,7	6,6	4,7	0,2968	92,97	122		
667	категория определенность	13,4	0	6,5	10,5	9,7	13,3	8,7	0	0,436	86,5	111		
683	психолингвистический подход	13,32	0	0	0,4	4,1	13,5	12,3	6,1	0,3918	90,6	107		
663	лексический структура	13,31	0	0,8	1,4	12,3	16,5	6,4	2,4	0,4423	87,68	111		
653	русский идеография	13,28	0	0,2	8,9	13	14	7,8	1,4	0,2806	93,69	110		
668	исторический фонетика	13,28	15,6	27,3	17,2	10,1	8,9	9,4	7,5	0,3425	92,07	118		
674	подчинительный союз	13,25	2,4	11,8	11,3	14,2	13,4	6,2	4,2	0,3388	90,16	122		
702	язык фольклор	13,23	3,6	9,5	12,3	13	11,1	9,6	0	0,344	92,12	122		
1000	языковой универсалия	13,21	0	1,5	8	12,7	14,1	7,6	2,8	0,3411	91,75	120		
665	сопоставительный лингвистика	13,17	0	0,2	7	10,9	13,1	9,6	4,7	0,4459	89	108		
672	время глагол	13,17	7,2	20,3	13,9	10,3	9,7	9,9	5,2	0,2565	93,98	123		
696	языковой семантика	13,17	0	1,5	3,7	10,1	14,5	8,3	9,4	0,2918	93,71	118		
675	именной сказуемое	13,16	9,6	9,5	27,3	19,4	7,2	9,2	9,9	0,3861	89,02	117		
706	происхождение слово	13,15	45,5	36,8	14,6	11	7	10,2	9,4	0,2787	92,41	120		
662	словообразовательный семантика	13,13	0	0,2	14,2	12,9	14,3	6	1,4	0,3515	91,53	115		
676	основной единица	13,13	0	4,4	11,7	13,3	12,1	8,6	4,2	0,2293	94,76	123		
784	грамматика язык	13,13	3,6	3,3	15,6	11,8	12,2	8,1	3,8	0,2206	94,99	123		
666	система языковой	13,1	0	0,7	7	11	12,9	9,6	3,8	0,2641	94,16	122		
864	характеристика глагол	13,02	0	2	16,1	13,4	11,4	8,6	2,8	0,2655	93,88	121		
685	модальный частица	12,96	0	4,9	9,1	14,9	10,2	10,5	10,8	0,3562	88,23	121		
720	речевой форма	12,96	6	4,1	15,2	12,1	12,2	7,4	8,5	0,356	89,28	120		
679	процесс заимствование	12,93	0	2,6	5,6	11,8	12	10,1	4,7	0,2741	93,75	120		
682	сфера функционирование	12,9	0	1,6	12,2	13,8	11,2	9,1	10,3	0,2182	95,01	122		
678	лексический особенность	12,87	1,2	15,2	11,1	7,1	10	10,8	8,9	0,3066	92,41	123		
687	грамматический разряд	12,84	1,2	3,4	14	18,5	11,9	6,6	5,6	0,3159	92,03	122		
686	молодежный сленг	12,8	0	0,2	0,1	4,4	15,1	9	7,1	0,4472	84,15	109		
681	категория лицо	12,79	8,4	8,3	10,5	13,3	10,2	9,9	2,4	0,3312	90,11	121		
705	будущее время	12,79	2,4	17	11,6	6,6	6,5	14,2	21,6	0,3516	90,63	118		
451	номинация общий	12,74	0	0,5	12,1	12,2	13	7,4	0	0,3272	92,5	111		
716	глагол тип	12,74	4,8	12,1	10	11,6	7,8	12,3	19,7	0,3498	90,2	118		
695	метонимический перенос	12,69	2,4	1,6	6,6	8,6	13,6	7,6	16,5	0,2857	93,41	123		
718	андийский язык	12,69	0	0,2	4	10,5	10,2	13	0,5	0,7028	77,12	64		
741	южный диалект	12,62	0	25,8	19,1	7,1	4,4	13,1	38,1	0,5756	85,52	84		
689	изъявительный наклонение	12,59	9,6	29,4	21	8	8,8	7,6	3,3	0,3975	90,42	117		
694	терминологический словосочетание	12,59	0	3,6	7,9	7,6	12,1	9,6	4,7	0,4295	87,54	120		
710	ментальный пространство	12,58	0	0	0	4	13,2	11	6,1	0,4549	87,09	102		
693	долгий гласный	12,56	4,8	52,6	15,9	7,1	6,1	9,3	8,9	0,4389	88,38	103		
690	звуковой строй	12,55	3,6	16,8	16,4	16,9	10,2	6,3	3,8	0,3577	91,08	121		
1008	глагольный предложение	12,53	0	4,7	15,1	17,7	10,3	7,9	0,5	0,3752	88,62	115		
700	оценочный семантика	12,52	0	0,5	2,5	7,5	12,4	10,6	4,7	0,3378	91,45	115		
889	группа язык	12,52	1,2	19,1	11,6	12,5	8,9	9,6	8,9	0,2525	94,25	122		
691	субстантивный словосочетание	12,47	0	2	15,8	9,5	13,9	5,3	0,5	0,5415	80,66	111		
692	синтаксический целое	12,46	6	9,6	15,9	14,7	11	6,6	1,4	0,3357	91,95	117		
711	группа лексика	12,44	1,2	2,8	14,4	9,1	11,3	8,5	7,1	0,289	93,55	122		
715	категория имя	12,44	0	7,8	8,9	17	10,6	8,3	4,2	0,3296	91,63	119		
744	фразеологический выражение	12,41	6	7,4	4,1	5	10,2	12,4	7,1	0,2739	93,81	123		
717	психолингвистический анализ	12,39	0	0	2	10,5	12,7	9,3	7,5	0,3153	92,35	116		
723	каузативный глагол	12,35	1,2	3,1	11,6	9,5	11,7	8,2	7,5	0,4312	87,27	117		
733	ненецкий язык	12,35	0	0,5	3,6	1,5	8,2	14,3	60,2	0,6822	78,52	78		
1002	вертикальный контекст	12,34	0	0	6,1	21,9	11,6	7,2	3,3	0,4963	85,99	105		
712	стилистический фигура	12,33	13,2	3,6	6,4	8,9	13,2	7,4	3,3	0,3429	84,75	122		
722	общенародный язык	12,33	34,7	29,4	25,3	11	9,2	4,6	1,9	0,3505	91,06	122		
698	монологический речь	12,32	1,2	2,1	15,6	16,9	11,7	6	0,5	0,3718	91,25	118		
714	семантический содержание	12,32	1,2	3,8	15,5	10,6	11,4	7,4	7,1	0,2528	93,71	121		
765	экономический терминология	12,31	1,2	0,5	11	7,9	13,1	7,4	1,9	0,514	85,1	101		
740	поле концепт	12,29	0	0	0	0,6	13	11,4	5,6	0,4795	88,62	96		
721	лингвистический экспертиза	12,28	0	0	0,2	1	4,1	22,4	8	0,5693	77,04	96		
786	базовый концепт	12,28	0	0	0	4,7	12,2	11,5	6,6	0,3858	91,03	103		
701	теория номинация	12,25	0	1	9,8	9,4	11,7	8,9	2,4	0,3079	92,77	112		
708	союзный слово	12,25	1,2	15,8	15,3	8,5	12,1	5,5	4,2	0,395	89,66	118		
704	фразеологический средство	12,24	2,4	1	8,2	9,6	12,7	7,9	0	0,3515	92,2	117		
724	категория залог	12,22	0	9,1	24,1	6,7	9,9	7,8	0,9	0,4115	89,28	116		
713	диалогический дискурс	12,21	0	0	0,1	8,7	11,7	11,2	1,9	0,4943	85,33	103		
945	фразеологический синоним	12,21	0	3,1	7,9	12,9	12,3	7,4	0,5	0,3872	89,67	114		
732	второй язык	12,17	8,4	3,1	9,2	9	11,8	8,3	7,1	0,4245	88,59	118		
709	педагогический дискурс	12,15	0	0	0	0,3	10,4	12,6	49,8	0,5535	83,55	92		
830	свободный словосочетание	12,15	2,4	17,2	21	10,8	9,4	6,6	7,1	0,3226	91,47	120		
780	языковой пространство	12,09	2,4	0	0,5	3,9	10,9	12,3	16,9	0,3531	90,23	114		
803	прагматический анализ	12,05	0	0	2,3	8,1	11,3	10,6	11,8	0,3178	92,69	115		
728	русский заимствование	12,04	4,8	17,3	16,2	9,7	9,5	7,6	5,2	0,4503	87,15	105		
731	притяжательный местоимение	12,01	0	4,2	7,2	6,1	7,6	14,4	4,2	0,3742	87,97	122		
1001	жанр текст	12	0	0	0,9	2,1	9	15,4	2,8	0,4887	88,89	114		
726	семантический интерпретация	11,96	1,2	1,5	10,8	12,1	11,9	7	5,2	0,2538	93,94	121		
729	семантический преобразование	11,95	2,4	2,1	13,8	10,3	12,3	6	5,6	0,3231	90,67	118		
734	лексикографический аспект	11,94	0	0,5	1,2	8,9	11,5	10,3	4,7	0,307	93,09	114		
737	фразеологический фонд	11,93	0	2,3	10,5	10	10,1	9,5	8	0,3545	92,24	116		
750	лексический повтор	11,93	1,2	4,2	9,8	15,9	11	7,2	2,4	0,3236	90,16	121		
739	бытовой лексика	11,88	2,4	4,6	8,9	11,6	11,3	7,7	3,3	0,4484	86,8	114		
730	лексикон человек	11,87	0	0	0,7	10,8	13,3	7,7	3,8	0,4081	89,98	103		
725	фонетический изменение	11,86	6	24	15,7	9,8	8,4	7,8	3,8	0,2728	93,57	123		
779	научный терминология	11,86	7,2	8,5	11,5	9,8	10,6	7,8	5,2	0,239	94,52	122		
800	предметный имя	11,81	0	0,2	4,5	4,4	12,4	9,2	6,1	0,2518	93,64	117		
746	инфинитивный предложение	11,79	49,1	2	5,6	11	10,6	8,9	0	0,5485	83,37	101		
752	когнитивный моделирование	11,79	0	0	0	3,4	9,2	14,2	12,2	0,3983	90,25	104		
751	иноязычный заимствование	11,78	2,4	7,8	6,1	12,6	11,2	7,6	4,2	0,281	92,58	119		
736	глубинный структура	11,77	0	1,8	19,3	12,9	11,2	5,5	3,8	0,3318	91,22	120		
749	аспектуальный значение	11,74	0	1,1	2,4	8	9,4	12,2	8,9	0,4473	83,73	110		
860	функционирование слово	11,74	2,4	2,1	12,8	13,5	11,7	5,9	5,2	0,3172	92,41	121		
742	семантика время	11,69	0	0,5	0,5	10,3	12	8,9	6,1	0,298	93,15	114		
747	семантический сдвиг	11,69	3,6	5,1	13,7	8,7	9,8	7,7	30,1	0,233	93,67	123		
745	повествовательный предложение	11,63	0	4,1	13,5	15,8	11,2	5,5	1,4	0,3768	89,44	116		
764	общелитературный язык	11,6	38,3	18,1	20,5	6,6	9,6	5,7	2,4	0,3342	91,35	120		
1003	деловой текст	11,6	0	0,7	2,2	6,6	13,1	8	1,9	0,4427	86,83	112		
756	видовой значение	11,54	0	4,6	9,3	13,3	11,2	6,7	0,9	0,4033	85,37	115		
762	абстрактный понятие	11,54	1,2	6	5,5	10,5	10,7	8,3	7,1	0,2425	94,34	122		
771	устный форма	11,51	7,2	4,6	12,4	17,4	9,2	7,1	10,8	0,2112	94,67	122		
763	венгерский язык	11,49	3,6	25,7	14,8	14,1	8,3	6,1	4,7	0,4848	86,29	113		
770	номинативный функция	11,49	3,6	6,4	12	10,7	10,9	6,5	4,7	0,2689	93,77	123		
757	глагол действие	11,48	2,4	4,1	5,9	13,5	12	6,1	6,6	0,2928	92,3	123		
769	отглагольный существительное	11,46	13,2	4,1	14,5	11,5	10	7,1	5,2	0,334	91,6	120		
799	диалектологический атлас	11,45	9,6	62,7	21,2	4,6	4,9	6,5	8	0,4731	85,47	104		
907	поэтический слово	11,44	13,2	14,5	6,7	12,3	10,8	6,3	0,9	0,3271	92,59	118		
1004	фразеологический картина	11,44	0	0	0	1,4	6,9	11,8	130,7	0,5262	76,86	92		
853	морфологический анализ	11,43	1,2	3,9	12	10,2	11,3	6,4	2,4	0,3874	87,84	121		
813	самодийский язык	11,41	1,2	4,1	10	6,2	7,5	11,5	26,3	0,5651	85,78	92		
777	концептуальный модель	11,38	0	0	0,6	7,5	11,2	9,3	19,7	0,4027	88,98	107		
798	грамматический аспект	11,38	0	2	3,8	11,3	11,1	8,3	3,3	0,2447	94,41	120		
753	речевой характеристика	11,35	61	15,4	14,3	9,1	8,3	7,3	4,7	0,2884	91,73	122		
772	падежный система	11,35	1,2	5,2	11,4	12,3	8,2	9,7	2,4	0,3971	89,79	114		
840	культурный коннотация	11,35	0	0	0,6	5,9	8,9	13,2	2,4	0,4308	86,48	104		
775	синтаксический значение	11,32	0	5,6	26,7	16	9	4,5	1,4	0,3255	90,38	120		
768	профессиональный лексика	11,31	2,4	10,1	9,6	6	10	8,6	1,9	0,3083	91,31	117		
796	глагольный сказуемое	11,29	3,6	13,6	25,2	13,8	7,7	5,9	3,3	0,4053	88,69	119		
754	гносеологический аспект	11,28	0	0,2	16,7	11,2	10,3	6,6	1,4	0,3237	92,24	113		
894	уральский язык	11,26	3,6	5,4	2,2	6,6	7,9	12,1	24,9	0,48	88,37	100		
761	деловой язык	11,25	13,2	11,1	9	8,9	10,6	6,9	0,9	0,4683	89,22	108		
759	словесный ударение	11,24	1,2	9	25,5	8,6	9,4	5,2	4,2	0,4507	87,04	113		
808	культурный доминанта	11,22	0	0	0	2,6	11,1	11	5,2	0,3876	91,59	100		
758	смысловой организация	11,21	1,2	0,2	6,3	10,5	11,8	6,9	1,9	0,3203	92,67	116		
767	категория количество	11,21	0	0	2,2	13,1	13,4	5,4	0,5	0,4563	89	101		
774	русский стилистика	11,17	0	2,6	6,1	7,1	10,9	8,6	1,9	0,307	92,96	114		
1005	татарский языкознание	11,16	0	23,9	8,4	6,5	10,5	6,2	0	0,6006	82,34	77		
781	агульский язык	11,15	0	0	0,6	5,1	10,2	11,2	5,2	0,6912	76,81	64		
783	стилистический дифференциация	11,15	6	4,4	14,3	11	11,1	5,3	1,9	0,2784	93,6	119		
760	неполный предложение	11,14	4,8	8,8	10	15,1	9,8	6,4	0,5	0,4115	89,51	117		
782	речевой сигнал	11,14	0	3,8	8,2	11,6	12,9	4,4	2,4	0,5316	83,95	103		
787	деловой речь	11,11	47,9	15,7	5,9	11	10,1	6,3	0,9	0,3252	91,02	121		
788	лексический группа	11,1	3,6	6,5	14,3	12,2	9,9	6,1	4,2	0,2862	92,52	121		
776	сентенциальный актант	11,06	0	0	0,3	0,3	3,3	19,1	47,5	0,7538	73,27	52		
789	прагматический фактор	11,04	0	0	2,6	14,8	10,6	7,7	7,5	0,2991	92,37	117		
899	семантический переход	11,04	6	0,8	3,4	2,4	6,3	14	48	0,4459	84,99	117		
778	семантический типология	11,03	0	0,5	9,7	12,5	10,1	7,4	5,2	0,2606	94,23	121		
815	научный картина	11,03	0	0	0,3	4,1	11	10,2	7,5	0,3551	91,52	110		
851	дифференциация язык	11,01	0	1,6	9,8	11,1	10,5	7	4,2	0,294	93,12	115		
821	преподавание язык	10,97	6	2,5	7,9	7,8	10	8,5	4,2	0,2368	94,83	120		
316	язык лексика	10,94	2,4	2,3	7,7	10,1	11,1	6,6	4,2	0,2485	94,62	123		
893	живой язык	10,9	40,7	21,2	9,9	9,7	6,7	8,4	15,5	0,2443	94,43	123		
793	религиозный дискурс	10,87	0	0	0	0,3	6,2	16,6	10,8	0,5361	84,95	90		
822	психологический аспект	10,82	1,2	0,3	2,6	10,4	11,1	7,6	4,7	0,3305	91,79	116		
817	ментальный лексикон	10,79	0	0	0	0,9	8,3	13,6	14,6	0,5033	84,67	97		
885	видовой пара	10,79	0	3,8	3,5	13,2	7,5	10,2	21,2	0,5208	83,94	101		
806	категория интенсивность	10,74	0	0,2	4,2	11	13,2	4,6	0	0,4982	84,76	103		
816	общий морфология	10,74	0	0	0,2	3,1	10,3	10,5	10,3	0,2713	93,52	109		
831	близкородственный язык	10,74	2,4	7,5	16,9	9,3	8,3	7,3	5,2	0,3194	92,43	121		
844	семантический подход	10,74	0	1,3	3,6	9,1	9	10,1	4,2	0,2385	94,4	119		
801	неродственный язык	10,69	1,2	14,2	11,5	7,4	8,8	7,3	6,1	0,3946	90,64	120		
791	язык поэзия	10,68	13,2	8	5,5	6	10	8,1	1,9	0,3545	91,23	119		
849	фонетический вариант	10,68	7,2	39,5	22	9,1	5,1	6,2	4,2	0,4073	89,2	110		
824	компонент семантика	10,67	0	0,5	4,3	14,1	9,8	7,8	2,4	0,2899	91,54	121		
842	предикатный актант	10,67	0	0	13	16,6	10,7	4,4	0,5	0,4128	89,18	110		
809	коммуникативный категория	10,66	0	0	0,4	1,6	7,8	14	6,6	0,5326	84,62	99		
812	интернет дискурс	10,66	0	0	0	0	3,7	19,4	12,7	0,6426	83,63	59		
805	лексический поле	10,64	0	0,5	8,5	8,3	10,6	6,9	9,4	0,3073	93	118		
854	отраслевой терминология	10,64	0	1,6	4	6,2	10	9,2	2,8	0,3803	90,44	108		
795	двусоставный предложение	10,62	8,4	9	9,7	16	8,9	6,1	2,4	0,3301	92,16	120		
797	антропологический лингвистика	10,62	0	0	0,1	8,5	11,2	8	6,1	0,3689	90,86	102		
811	семантический параметр	10,58	0	0,3	11,7	9,5	9,4	7,5	6,1	0,2779	92,53	117		
794	глагол перемещение	10,56	0	0,2	4,9	14,8	9	7	34,8	0,4512	86,04	110		
832	речевой агрессия	10,56	0	0	0	2,2	8	13,3	9,4	0,5123	82,17	86		
930	армянский язык	10,56	0	19,4	30,4	5,2	7,2	5	0,9	0,4886	80,85	112		
804	исторический синтаксис	10,54	4,8	12,9	14,8	10,7	9,3	5	4,7	0,2945	93,06	121		
802	побудительный предложение	10,53	0	1,6	10,1	15,2	9,2	6,7	0,9	0,4306	89,31	111		
819	военный лексика	10,53	0	4,4	8	5,5	9,9	8,1	2,8	0,3994	87,33	117		
922	пермский язык	10,5	0	3,3	2,7	10,3	7,4	11,2	6,1	0,6119	84,01	85		
869	морфологический форма	10,45	6	5,7	13	12,7	9	6,1	3,3	0,2639	93,66	122		
636	язык второй	10,44	10,8	7,4	8,8	10,2	9,3	6,5	10,8	0,2122	94,16	123		
818	единица речь	10,44	2,4	5,2	13,1	11,6	9,4	5,9	2,4	0,2596	94,11	122		
883	языковой развитие	10,36	15,6	7,5	10,2	10,8	9,3	5,8	10,8	0,1995	95,28	123		
785	язык тюркский	10,35	3,6	34,8	25,2	9,1	5,9	4,5	3,3	0,5368	86,76	95		
823	речевой структура	10,35	3,6	1,6	6,6	7,8	11,6	5,6	1,9	0,3798	90,67	116		
976	лемма	10,35	1960-е	1970-е	1980-е	1990-е	2000-е	2010-е	2020-е	0,5317	84,4	107		
880	сочетаемость глагол	10,34	1,2	0,7	17,8	16,9	9,3	4	5,2	0,3461	91,03	119		
900	лингвистический атлас	10,34	15,6	10,6	23,2	8,9	7,9	4,9	9,4	0,4113	90,27	113		
829	развитие значение	10,33	15,6	10,3	10	8,7	7,2	8,5	12,2	0,2402	93,83	123		
891	языковой коллектив	10,33	3,6	2,5	3,4	9,8	9,3	8,2	12,2	0,2368	94,53	121		
862	семантический единица	10,32	0	5,4	8,4	8,9	10,1	6,2	5,2	0,2741	93,27	122		
918	игра слово	10,32	57,4	5,7	3,7	5,5	9,8	7,6	1,9	0,3551	88,98	121		
841	словообразовательный парадигма	10,31	0	0	9,4	12,6	11,5	4,2	1,9	0,5175	84,98	110		
814	смысловой поле	10,29	0	0,2	0,1	12,2	8,8	9,7	0,5	0,4287	88,68	102		
848	оценочный функция	10,28	4,8	0,2	4,2	7,5	10,6	7,5	1,4	0,3115	92,66	117		
910	толкование слово	10,27	14,4	13,2	10,4	11,2	8,1	6,6	3,3	0,2892	93,35	123		
834	процессуальный фразеологизм	10,26	0	0	1,6	9,1	13,5	4,1	0	0,7223	75,61	61		
826	поверхностный структура	10,25	0	1,8	15	14,2	9,7	4,4	3,3	0,3341	91,46	117		
884	структурный компонент	10,23	1,2	1,3	4,3	6,8	10,5	7,5	2,8	0,2907	93,02	121		
650	язык анализ	10,22	1,2	2,3	6,8	7,8	9,3	8,1	3,8	0,2083	95,14	123		
868	языковой модель	10,2	1,2	1,6	2,2	9,1	8,9	9,5	0,5	0,2985	92,05	119		
825	согласный фонема	10,19	7,2	12,9	12	8,9	9,5	5	2,4	0,4229	88,45	108		
886	ментальный образование	10,17	0	0	0	1,3	8,4	11,7	17,4	0,4485	89,08	95		
833	семантический зона	10,15	0	0	1,2	4,5	7,9	10,7	33,9	0,4629	88,32	107		
845	отрицательный предложение	10,15	2,4	1,3	7,9	16,3	7,4	8,2	3,8	0,391	86,82	117		
852	художественный стиль	10,15	3,6	3,9	15,9	9,9	9,2	5,4	2,4	0,2982	92,2	120		
856	семантический трансформация	10,14	0	0,3	3,6	9,8	10,7	6,6	1,9	0,3272	90,34	119		
865	концепт время	10,12	0	0	0	1,3	11,5	7,5	19,7	0,5261	86,23	91		
867	морфологический средство	10,12	0	5,9	12,4	6,4	9,2	6,6	3,8	0,2422	93,53	123		
876	политический речь	10,12	1,2	0	2,6	1,9	11,2	7,9	2,8	0,4841	84,92	111		
846	грамматический единица	10,09	0	3,3	10,7	11,1	9,5	5,9	2,8	0,2433	94,55	121		
906	эвенкийский язык	10,09	2,4	4,6	7	3,4	7,8	8,7	41,4	0,5767	83,25	90		
843	грамматический явление	10,06	4,8	14,7	15	7,2	7,8	6,2	6,6	0,2295	94,67	123		
850	древнеанглийский язык	10,05	0	0,7	11,3	6,8	8,7	8	1,4	0,5192	86	105		
882	разговорный стиль	10,05	31,1	4,6	14,2	8,9	8,4	6,1	3,3	0,2766	92,46	122		
912	языковой сообщество	10,05	0	0,3	0,5	5,1	9,7	9,1	11,8	0,3678	86,44	111		
863	общеупотребительный лексика	10,04	8,4	5,4	10,7	7,4	9,2	6,6	2,4	0,2468	94,27	122		
872	дискурсивный слово	10,03	0	0	0	4,3	9,1	9,1	37,1	0,3914	90,54	107		
839	коммуникативный синтаксис	10,02	0	0,2	5,1	10,6	10,5	6,1	2,4	0,3171	92,73	113		
892	позиция подлежащее	10,02	0	5,2	11,9	8,4	6,6	9,4	6,1	0,382	90,22	115		
898	продуктивный способ	10,01	2,4	2,6	7,6	6	9,4	7,7	2,4	0,2888	93,31	119		
827	функция метафора	10	0	0	2,4	7,9	10,5	7,3	2,4	0,3415	92,27	109		
857	шорский язык	10	0	9,5	7,2	20,4	6,7	7,2	0,9	0,6199	78,66	78		
847	словообразовательный категория	9,97	1,2	1,8	4,8	9,2	9,9	7	0,9	0,4635	84,27	114		
870	особенность речь	9,97	16,8	4,6	5,9	7,6	8,4	8,3	2,8	0,2262	94,65	123		
879	язык сибирь	9,97	1,2	7,2	13,5	7,8	8,7	6	6,1	0,4723	86,31	103		
855	зарубежный языкознание	9,95	0	2	12,3	10,6	8,5	6,7	4,7	0,304	93,24	120		
858	коннотативный значение	9,95	0	0,2	6,5	7,9	10,4	6	11,8	0,3131	92,47	118		
904	прагматический компонент	9,93	0	0	3,4	12,3	11,6	4,5	2,8	0,3759	89,59	113		
871	ногайский язык	9,91	1,2	16,3	14,7	14,6	8,8	3,1	2,8	0,6906	75,99	57		
887	типологический аспект	9,91	0	0,7	2,4	6,1	10	7,9	4,2	0,2865	93,05	119		
874	морфолого синтаксический	9,89	0	4,6	10,9	10,7	8,5	6,4	5,6	0,2838	92,8	120		
875	синтаксический явление	9,89	2,4	6,5	14,6	11,9	8,4	5,3	2,4	0,2865	93,01	121		
914	фразеологический поле	9,83	0	0	2,6	3,4	8,6	10,2	3,8	0,4715	85,13	103		
928	символический значение	9,83	0	3,8	3,9	14,4	9,4	6	3,3	0,286	93,03	121		
897	процесс порождение	9,8	3,6	0	3,9	8,3	9,7	7,2	6,6	0,2651	93,96	115		
902	разряд слово	9,78	3,6	13,1	13,9	13,8	7,8	4,7	2,8	0,2968	93,55	120		
905	динамический модель	9,74	0	0,5	0,7	3,4	8,5	10,5	3,3	0,2993	92,9	112		
861	прагматический направленность	9,72	0	0	8,1	9	9,9	5,9	1,9	0,3642	91,4	116		
866	семантический синтаксис	9,71	0	0,2	9,4	12,9	9,6	5,1	1,9	0,3253	92,29	114		
952	местоименный слово	9,7	1,2	1,8	9,8	13	8,8	5,8	2,4	0,3502	90,28	118		
878	восклицательный предложение	9,69	2,4	2,1	9,2	20,1	8,6	4,6	0	0,4382	84,92	114		
908	юридический терминология	9,69	2,4	1,8	1,1	2,1	10,4	8,1	2,8	0,4688	85,53	106		
873	коммуникативный задача	9,66	0	0,2	5	12,1	8,8	7,1	3,8	0,2776	93,06	120		
961	поле глагол	9,66	0	0,8	8,5	9,1	10,2	4,8	11,3	0,3497	91,88	110		
925	грамматический признак	9,62	6	7,2	7,9	10,3	8,2	6,5	5,6	0,2432	94,4	121		
909	поэтический дискурс	9,61	0	0	0	0,9	10,5	8,5	2,4	0,6021	81,92	85		
877	словарный фонд	9,59	9,6	18,1	12,6	6	7,3	6,3	1,9	0,3265	91,62	121		
937	словарный запас	9,59	16,8	7,5	6,4	9	8,3	6,7	6,1	0,1968	95,57	123		
895	прагматический контекст	9,58	0	0	0,3	13,2	10,8	5,1	2,4	0,3377	91,2	107		
916	концептуальный содержание	9,55	0	0	0,3	3,4	10,3	8	1,4	0,4355	88,86	102		
881	единица лексический	9,53	0	0,3	3,4	8,8	10,7	5,5	2,4	0,3025	92,82	117		
890	типологический описание	9,53	0	1,5	9,7	10,5	8,7	6,1	3,8	0,3133	92,8	120		
888	семантика нарратива	9,51	0	0	0	7,8	10,1	7,1	4,7	0,3046	93,57	108		
954	динамический процесс	9,5	0	0,7	0,7	3,7	8,6	9,7	4,7	0,3351	91,9	112		
951	языковой общность	9,47	2,4	9,8	7	6,6	7,8	7,3	10,8	0,2725	93,47	123		
913	медицинский дискурс	9,45	0	0	0	0	7	12,5	8,5	0,6172	82,58	74		
896	синтаксис предложение	9,44	2,4	3,3	10,6	13,2	9,3	4,2	1,4	0,2822	93,71	118		
934	тюркский языкознание	9,4	0	57	30,8	2,7	3,4	2,9	6,1	0,6172	81,55	73		
927	языковой воплощение	9,36	0	1	2,2	7,2	8	9,1	1,9	0,3085	92,84	116		
921	грамматический уровень	9,34	0	2,1	7,2	10,3	8,6	6,2	5,2	0,2716	93,49	123		
971	литовский язык	9,34	0	8,7	21	5,4	3,4	10,3	2,8	0,5098	82,17	108		
915	предударный слог	9,3	7,2	10,9	6,2	6	5,7	9,9	3,3	0,5385	82,94	88		
944	контрастивный анализ	9,3	0	0	3,5	5,2	10	6,6	4,2	0,3738	90,32	112		
929	семантический эволюция	9,29	1,2	2,1	9,3	4,4	9,2	6,2	7,5	0,2801	92,02	121		
911	жестовый язык	9,28	0	0	0,1	0,2	5,4	12,4	48,4	0,7967	70,77	39		
917	синтаксический характеристика	9,28	1,2	1,1	7,5	10,1	8,5	6,3	4,2	0,2858	93,56	120		
938	фокус внимание	9,27	0	0	0,3	5,5	7,4	9,9	16,9	0,3198	92,23	109		
931	синтаксический система	9,25	3,6	3,4	10,2	8,8	8,7	5,4	2,4	0,2864	93,29	120		
960	лингвистический география	9,22	19,1	15,4	16,3	8,1	7,5	4,1	2,8	0,367	91,16	106		
923	литературный произношение	9,21	69,4	19,4	14,6	8,1	6,9	3,8	5,2	0,3489	90,83	119		
939	функциональный свойство	9,21	0	2,1	6,2	7	8,6	6,8	6,6	0,2751	93,73	120		
950	семантика местоимение	9,21	0	0,2	4,2	9,9	9	6,5	2,4	0,2628	93,93	114		
975	грамматический род	9,21	18	8	7,6	10,3	9,1	4,4	0	0,3649	88,21	119		
919	средство номинация	9,18	0	0	5	6,4	9,8	6,1	3,3	0,3379	90,66	114		
941	городской просторечие	9,17	6	1,6	1,4	19,9	10,1	3,1	0,5	0,4514	86,48	107		
973	смысловой компонент	9,17	0	1,8	6,8	5,9	7,8	7,9	5,6	0,2849	92,37	120		
949	имя числительное	9,15	2,4	5,1	5,5	12,8	9,5	4,2	0,9	0,4497	84,45	117		
957	терминологический номинация	9,15	0	0	3,2	8,8	8,6	7,3	4,2	0,3762	90,53	104		
920	состав предложение	9,14	1,2	14,2	15,9	12	7,3	3,8	1,9	0,3056	92,73	119		
1006	общеупотребительный слово	9,14	2,4	8	11,4	6,6	7,9	5,9	2,8	0,2546	93,73	121		
932	словесный комплекс	9,11	1,2	1	19,9	15	6,9	4,3	1,4	0,4233	86,67	108		
926	коммуникативный интенция	9,1	0	0	7,5	8,4	8,9	6	1,9	0,3404	91,86	109		
959	стилистически нейтральный	9,09	26,3	8,8	10,9	6,5	8	5,1	7,1	0,2052	94,57	123		
936	семантический варьирование	9,08	0	0,5	10,2	10,2	8,9	4,9	1,4	0,3396	91,78	118		
969	лингвистический идея	9,08	1,2	0,2	1,3	5,8	9	7,7	4,7	0,3105	93,06	111		
935	речевой тактика	9,06	0	0,2	0,1	5,7	7,8	9,5	2,8	0,435	87,68	103		
947	лингвокультурный концепт	9,06	0	0	0	0	6	13,1	5,2	0,4818	88,98	78		
948	семантический примитив	9,06	0	0	0,5	11,7	10,4	4,6	5,2	0,3501	88,64	110		
940	морфологический уровень	9,05	0	1,3	7,3	9	8,4	6,3	3,3	0,2482	94,06	121		
942	тип словесный	9,03	0	1,6	12	10,3	9	4,2	0,5	0,2963	92,88	113		
1007	эргативный конструкция	9,03	0	0,5	4,4	11,1	9,5	5,2	0	0,6032	82,29	82		
955	бинарный оппозиция	9,02	0	3,3	5,3	4,4	6,2	10,2	4,2	0,2958	91,88	121		
970	процесс речевой	9,02	0	0,8	3,2	6,3	8,7	7,3	3,3	0,2757	93,29	120		
946	язык реципиент	9	0	0,2	0,4	5,7	9,8	6,6	6,1	0,4268	88,42	107		
972	нанайский язык	8,97	0	1,8	1,5	0,7	3,9	12,5	61,6	0,7211	77,85	65		
958	связочный глагол	8,91	0	0,8	9,6	14,9	3,9	10	0,9	0,5936	80,82	101		
966	переключение код	8,91	0	0	0	0,9	4,4	10,5	100,1	0,6091	76,88	84		
953	синтаксический параллелизм	8,9	0	9,3	7,6	9,9	7,1	6,3	2,8	0,3381	88,7	118		
343	язык культурный	8,89	1,2	0,3	0,4	5,7	10,7	5,4	1,9	0,3357	92,31	115		
963	экспрессивный функция	8,87	2,4	1,1	6,6	8,5	8,9	5,5	2,4	0,2912	92,46	120		
968	страдательный залог	8,87	7,2	19	22	5,3	5,1	5,5	3,8	0,4057	87,51	111		
962	лингвистический источниковедение	8,84	0	1,6	5,4	6	7,5	8,1	0,5	0,4985	87,66	90		
967	глагольный семантика	8,81	0	0,3	6,3	10,6	9,4	4,4	1,9	0,3013	92,12	117		
956	семантический разряд	8,79	0	8,3	11,9	11,6	7,1	5	0,9	0,3718	90,77	115		
1012	согласный звук	8,79	45,5	24	13,4	6,6	5,1	5,6	3,8	0,3709	90,83	114		
1009	синтаксический синонимия	8,77	0	4,6	19,7	12,6	7,4	3	2,4	0,421	89,32	107		
1010	речевой ошибка	8,75	20,3	3,9	2	4,2	8,9	6,5	2,4	0,3798	87,89	117		
837	модальность дейксис	8,73	0	0	0	9,2	10,2	5	1,4	0,3522	92,35	107		
1011	звукоподражательный слово	8,73	41,9	6,9	5,2	8,8	5,5	8,4	1,4	0,5304	84,13	100		
965	категория отрицание	8,69	0	0,3	9,7	7,5	7,7	6,4	0	0,5423	85,84	94		
820	язык иностранный	8,38	2,4	3,1	6,8	10,5	8,7	3,8	4,2	0,3155	91,82	121		
408	язык морфология	7,44	0	1,5	6	6,7	6,6	5,7	1,4	0,2635	92,78	122		
677	язык человек	7,05	1,2	2,5	2,2	3,5	5,3	7,5	8,9	0,2625	93,99	122		
755	предикат предложение	4,56	0	0	3,9	6,5	4,3	2,7	1,4	0,3028	93,05	112		
402	языкознание большой	4,5	0	0,2	0,5	0,7	5,1	3,6	0	0,3882	91,55	109		
														
														
