,Unnamed: 0,термин,частота (ipm),1960-е,1970-е,1980-е,1990-е,2000-е,2010-е,2020-е,DP
0,0,абазинский,9.35,2.4,1.0,4.2,7.4,8.9,6.0,33.9,0.6932
1,1,аблатив,11.02,0.0,1.3,3.2,11.9,3.7,16.3,18.8,0.5838
2,2,аблаут,4.55,1.2,1.6,3.4,6.9,4.1,2.8,0.0,0.5297
3,3,абсолютив,11.97,2.4,0.7,2.8,4.9,5.4,18.5,9.9,0.6298
4,4,абсолютивный,6.55,2.4,0.7,2.5,2.8,3.9,8.6,6.1,0.5955
5,5,абсолютус,0.02,0.0,0.0,0.0,0.0,0.0,0.0,0.0,0.9815
6,6,абхазский,15.85,2.4,2.5,21.1,37.9,10.7,9.2,2.8,0.6627
7,7,аварский,130.25,8.4,7.7,38.4,177.1,108.9,111.8,6.1,0.6482
8,8,авестийский,1.56,2.4,2.3,0.5,0.9,0.9,1.7,3.3,0.6032
9,9,австралийский,11.53,6.0,1.0,7.8,12.2,7.0,12.9,3.8,0.5725
10,10,австрийский,9.15,1.2,4.4,2.7,14.1,6.2,8.7,3.3,0.4181
11,11,автоматизация,10.28,2.4,8.5,11.4,10.5,9.4,5.7,4.7,0.3359
12,12,автоматизированный,12.87,6.0,4.2,7.3,11.3,13.0,8.0,8.9,0.3859
13,13,автоматический,58.68,6.0,27.0,38.4,42.5,55.1,42.6,32.0,0.3413
14,14,агглютинативность,0.63,0.0,0.2,0.5,0.8,0.6,0.4,0.5,0.6615
15,15,агглютинативный,12.95,0.0,24.0,17.8,9.5,9.8,7.8,14.6,0.4017
16,16,агглютинация,5.74,1.2,6.4,10.9,4.8,4.9,2.7,1.4,0.4343
17,17,агглютинирующий,0.9,0.0,1.8,2.5,0.5,0.7,0.3,1.4,0.6295
18,18,агенс,30.32,0.0,2.9,30.7,17.2,21.6,30.8,17.4,0.3752
19,19,адаптация,59.8,1.2,8.2,15.6,24.6,53.3,56.1,97.3,0.2312
20,20,адвербиализация,4.18,2.4,2.0,3.7,1.5,4.3,2.8,0.0,0.5128
21,21,адвербиальный,27.51,0.0,4.1,21.5,25.7,22.6,23.3,8.9,0.3487
22,22,адресант,58.51,2.4,1.8,5.5,33.4,54.7,54.6,41.4,0.2872
23,23,адресат,256.8,28.7,17.3,56.6,194.1,247.0,212.1,163.2,0.2019
24,24,адъективация,6.11,2.4,2.0,9.2,3.6,6.2,3.1,0.0,0.5257
25,25,адъективный,57.28,0.0,8.8,55.3,52.6,46.5,46.8,26.8,0.2799
26,26,адыгейский,47.31,2.4,3.8,8.7,41.3,49.6,31.8,56.4,0.5515
27,27,адыгский,0.53,0.0,0.0,0.5,1.6,0.3,0.3,1.4,0.7335
28,28,азбука,40.7,53.9,28.1,24.4,25.2,29.4,40.3,20.2,0.2564
29,29,азербайджанский,128.87,16.8,764.0,473.4,65.1,43.6,31.0,35.7,0.6395
30,30,аканье,11.73,28.7,11.9,7.5,6.8,6.8,13.2,1.4,0.5937
31,31,аккомодация,1.6,0.0,0.5,3.8,1.6,1.0,1.1,1.9,0.5317
32,32,аккузатив,32.13,2.4,2.1,5.9,16.9,16.8,44.2,73.3,0.5942
33,33,аккузативный,0.74,0.0,0.0,0.2,0.2,0.8,0.6,1.9,0.7415
34,34,аккультурация,1.58,0.0,0.0,0.7,1.3,1.1,1.8,0.0,0.5804
35,35,аксиологический,6.84,0.0,0.0,0.1,2.8,6.1,7.2,4.2,0.3338
36,36,актант,112.82,0.0,6.9,60.4,90.2,86.8,108.1,172.1,0.3108
37,37,активность,76.32,26.3,27.9,54.7,63.0,63.9,62.7,50.3,0.1517
38,38,актуализатор,9.79,0.0,0.3,11.8,14.0,8.7,5.7,0.0,0.387
39,39,актуализация,140.21,12.0,11.3,72.9,110.5,135.4,105.8,68.2,0.2591
40,40,акустика,2.85,0.0,1.0,2.9,3.0,2.7,1.6,1.4,0.4728
41,41,акустический,44.31,2.4,41.7,53.1,35.7,34.7,32.2,27.7,0.2989
42,42,акцент,223.79,86.2,65.8,118.4,184.7,190.7,189.7,162.2,0.2355
43,43,акцентный,60.7,25.1,10.6,37.3,59.6,49.2,52.7,32.4,0.3905
44,44,акцентология,5.38,1.2,2.9,6.9,6.9,4.5,3.2,1.9,0.4082
45,45,акцентуация,21.85,1.2,10.1,12.2,15.1,19.6,17.5,14.1,0.3808
46,46,акциональный,3.13,0.0,0.0,0.8,1.8,2.5,3.3,3.3,0.3924
47,47,албанский,16.46,1.2,20.3,5.1,4.0,11.3,18.8,6.1,0.5886
48,48,аллегорический,3.45,4.8,5.7,2.6,2.3,2.7,2.4,6.6,0.4634
49,49,аллегория,6.6,9.6,8.0,4.3,8.0,5.1,4.1,18.8,0.3365
50,50,аллитерация,10.79,15.6,23.7,21.0,5.7,5.9,8.2,4.2,0.3958
51,51,алломорф,14.64,0.0,6.0,13.5,5.3,7.2,18.1,38.1,0.4395
52,52,аллофон,19.46,0.0,6.0,6.8,17.0,18.1,15.3,11.8,0.5145
53,53,алогизм,7.57,6.0,2.1,2.1,4.0,6.7,7.1,1.9,0.3243
54,54,алфавит,73.88,223.8,193.4,74.9,60.0,45.1,54.3,44.2,0.2906
55,55,альвеолярный,2.47,0.0,0.7,1.9,1.9,1.5,2.6,4.2,0.6382
56,56,альтернация,4.56,0.0,5.6,4.7,7.0,2.6,3.9,0.9,0.5154
57,57,амбивалентность,6.64,0.0,0.5,0.6,4.3,6.4,5.9,1.9,0.3733
58,58,американский,244.25,57.4,25.3,97.6,117.5,213.4,232.9,168.3,0.3803
59,59,амурский,7.89,1.2,2.3,3.6,1.2,4.2,11.1,8.0,0.5002
60,60,амфиболия,0.39,0.0,0.0,0.0,0.1,0.2,0.5,1.9,0.8215
61,61,анаколуф,0.46,0.0,0.2,0.2,0.3,0.4,0.3,0.5,0.7465
62,62,аналитизм,15.87,0.0,4.7,6.4,10.5,15.3,12.8,0.5,0.3666
63,63,аналитический,172.0,76.6,93.3,137.7,139.0,142.6,136.9,105.8,0.1802
64,64,анамальность,0.05,0.0,0.0,0.0,0.1,0.0,0.1,0.0,0.9495
65,65,анафора,14.92,10.8,6.2,8.1,9.5,11.0,14.3,31.0,0.3722
66,66,анафорический,26.43,12.0,4.2,24.1,23.0,23.1,19.2,27.7,0.3599
67,67,английский,2165.5,256.1,190.5,1450.4,1512.4,1939.4,1797.1,1080.5,0.3784
68,68,англистика,8.99,0.0,0.8,14.3,7.4,7.4,6.3,3.8,0.4281
69,69,англицизм,29.67,0.0,0.0,5.9,23.3,26.3,28.0,8.9,0.424
70,70,англосаксонский,9.56,0.0,0.3,0.6,2.0,6.0,13.6,3.8,0.5747
71,71,англоязычный,174.68,1.2,0.3,14.6,64.7,118.8,226.3,176.8,0.4677
72,72,анимистический,0.56,0.0,0.3,0.4,1.5,0.4,0.3,0.0,0.7015
73,73,антитеза,16.13,9.6,15.4,13.6,15.6,12.3,12.3,16.9,0.2692
74,74,антифразис,1.15,1.2,1.1,0.7,0.2,1.1,0.9,0.0,0.6072
75,75,антиципация,2.33,0.0,0.0,0.5,6.0,2.3,1.0,0.0,0.5011
76,76,античный,60.44,39.5,15.4,31.0,56.5,55.8,45.0,32.9,0.2145
77,77,антология,70.61,2.4,7.8,4.7,24.1,65.8,71.0,15.0,0.3405
78,78,антоним,181.16,56.2,77.3,266.4,121.1,166.8,109.2,28.7,0.2999
79,79,антонимический,39.27,7.2,12.3,58.5,26.3,36.8,23.3,6.1,0.3259
80,80,антонимия,50.44,1.2,6.9,73.4,39.3,47.4,30.1,7.1,0.3202
81,81,антрополог,72.43,6.0,11.4,11.7,41.4,66.7,66.4,54.5,0.2218
82,82,антропонимии,21.34,2.4,17.6,18.1,10.8,21.0,13.0,23.5,0.3893
83,83,антропонимика,25.4,21.5,6.9,9.5,12.5,27.4,17.4,6.6,0.3546
84,84,антропонимикона,4.78,0.0,0.0,0.5,0.6,4.9,4.3,6.1,0.4623
85,85,антропоцентризм,29.26,0.0,0.0,0.4,11.8,27.3,29.4,13.2,0.3058
86,86,аорист,39.67,6.0,18.8,18.3,34.6,18.5,51.5,54.1,0.5393
87,87,апикальный,0.85,0.0,0.8,1.2,0.3,0.7,0.7,0.0,0.6695
88,88,апокопа,2.32,0.0,3.1,1.9,1.0,1.8,1.9,1.9,0.5241
89,89,апофония,0.39,1.2,0.2,0.0,1.0,0.3,0.3,0.0,0.7895
90,90,аппарат,74.58,29.9,41.3,46.6,72.9,61.1,59.7,57.4,0.125
91,91,аппаратура,1.92,2.4,3.3,4.7,2.1,1.5,0.7,0.0,0.4934
92,92,араб,276.1,180.7,467.6,439.6,152.5,200.2,187.5,134.5,0.3421
93,93,арабизм,14.58,3.6,7.4,11.7,12.4,14.6,8.2,12.7,0.602
94,94,арабист,2.96,0.0,7.5,4.1,0.7,2.6,1.6,0.0,0.5771
95,95,арабистика,1.56,0.0,2.1,2.1,0.2,1.6,0.9,0.0,0.6365
96,96,арабский,160.69,74.2,281.3,267.5,70.7,123.9,101.7,55.5,0.4175
97,97,арамейский,3.44,1.2,3.8,1.9,1.1,3.2,2.7,0.0,0.6915
98,98,арго,227.76,256.1,77.3,56.2,188.3,244.8,137.6,184.3,0.3105
99,99,арготизм,10.88,15.6,2.8,1.7,11.6,12.0,5.4,21.6,0.5236
100,100,аргумент,228.73,55.1,36.4,53.0,170.2,199.1,209.7,213.0,0.258
101,101,аргументативный,2.3,0.0,0.0,0.0,1.5,2.5,1.8,0.0,0.518
102,102,ареал,117.79,0.0,102.3,146.4,103.8,75.0,101.4,174.0,0.2663
103,103,ареалогия,0.84,0.0,0.2,4.6,0.2,0.6,0.1,0.0,0.7815
104,104,ареальный,36.06,0.0,33.2,53.9,29.0,25.3,27.8,22.6,0.2879
105,105,арийский,92.07,3.6,47.4,45.9,68.2,60.0,102.4,53.6,0.5778
106,106,армянский,34.88,7.2,74.2,73.2,15.9,21.2,23.7,32.9,0.4765
107,107,артикль,53.07,40.7,9.8,29.7,60.1,48.0,38.5,21.2,0.4102
108,108,артикуляторный,0.24,0.0,0.0,0.3,0.2,0.2,0.1,1.4,0.8375
109,109,артикуляционный,13.87,3.6,27.8,14.4,12.2,10.1,8.6,29.2,0.3832
110,110,артикуляция,17.07,9.6,33.2,21.3,10.3,11.8,11.6,38.1,0.3349
111,111,аруза,0.85,0.0,7.5,3.6,0.2,0.0,0.2,0.0,0.8295
112,112,архаизация,9.39,12.0,4.4,4.6,11.0,7.8,7.4,0.5,0.4031
113,113,архаизм,27.73,57.4,41.5,25.3,41.4,20.2,16.8,14.1,0.3114
114,114,архаичный,30.83,20.3,28.4,25.7,27.3,22.1,25.9,35.7,0.2125
115,115,археолог,50.77,28.7,78.9,54.1,45.7,31.6,43.1,40.0,0.2668
116,116,археологический,20.85,7.2,35.5,25.3,20.8,12.2,17.2,17.4,0.3596
117,117,археология,23.09,7.2,26.1,19.3,17.2,15.7,21.2,18.8,0.2035
118,118,архетип,38.15,0.0,16.5,11.6,20.5,31.3,38.6,10.3,0.2815
119,119,архетипический,0.74,0.0,0.0,0.0,0.4,0.6,0.9,0.0,0.7015
120,120,асиндетон,1.41,0.0,6.4,1.2,1.7,0.9,0.6,0.0,0.6175
121,121,аспект,2015.01,55.1,169.9,789.7,1560.9,1925.2,1613.5,880.2,0.215
122,122,аспектология,33.36,0.0,0.5,21.7,36.8,32.9,21.5,8.5,0.2685
123,123,аспектуальный,60.29,0.0,7.4,25.9,36.4,41.6,69.5,44.7,0.3382
124,124,аспирация,1.24,1.2,4.2,1.2,0.3,0.7,1.2,0.0,0.6512
125,125,ассертивный,0.82,0.0,0.0,0.2,0.4,0.5,1.0,1.4,0.6745
126,126,ассерция,6.1,0.0,0.0,0.9,2.4,3.7,8.4,4.2,0.5544
127,127,ассимилятивный,4.86,0.0,5.2,3.7,3.3,3.7,4.1,5.6,0.474
128,128,ассимиляционный,0.85,0.0,0.3,0.0,0.3,0.9,0.7,1.4,0.6215
129,129,ассимиляция,35.51,6.0,36.3,28.8,21.0,29.7,27.1,35.7,0.2222
130,130,ассонанс,4.28,4.8,8.7,3.6,3.1,4.0,2.1,1.9,0.3901
131,131,астраханский,10.92,4.8,15.5,18.9,4.1,5.2,11.2,8.9,0.3842
132,132,атематический,43.3,15.6,23.2,37.2,45.0,38.4,28.6,24.4,0.192
133,133,аудиальный,0.32,0.0,0.0,0.0,0.0,0.1,0.6,0.5,0.8295
134,134,аудитивный,0.89,0.0,0.0,0.8,0.9,0.7,0.8,0.0,0.5785
135,135,афазия,5.48,0.0,0.7,1.1,3.3,3.1,7.6,1.9,0.5452
136,136,аферезис,0.51,0.0,0.2,0.9,0.6,0.6,0.1,0.5,0.7335
137,137,афоризм,51.92,76.6,21.6,10.5,33.1,50.0,41.8,15.5,0.3679
138,138,афористический,8.21,6.0,5.6,1.8,4.7,6.9,7.9,0.9,0.4677
139,139,афразийский,1.81,0.0,0.0,0.2,1.5,2.0,1.3,0.0,0.6417
140,140,аффективный,13.05,0.0,1.5,6.4,8.5,10.9,12.5,5.2,0.3383
141,141,аффикс,279.03,31.1,1133.7,582.6,181.1,147.2,146.0,146.7,0.3628
142,142,аффиксальный,31.31,3.6,39.7,41.5,25.3,24.1,21.6,9.9,0.3059
143,143,аффиксация,16.05,6.0,7.2,15.5,12.0,15.9,9.6,4.2,0.3235
144,144,аффриката,15.32,2.4,30.2,12.1,11.2,9.2,14.4,9.4,0.4477
145,145,аффрикатизации,0.89,0.0,1.3,2.1,0.9,0.3,0.8,0.5,0.7655
146,146,ацтекский,0.71,0.0,0.0,0.0,0.2,0.6,0.8,0.9,0.7495
147,147,баварский,1.44,2.4,1.3,0.9,1.5,0.7,1.7,1.4,0.5778
148,148,балтийский,45.27,25.1,32.3,29.7,64.6,24.1,46.5,41.4,0.3929
149,149,банту,3.79,0.0,0.7,1.0,1.9,4.2,2.5,1.9,0.5838
150,150,башкирский,197.15,15.6,326.8,257.5,103.0,126.6,166.3,205.9,0.4283
151,151,безграмотность,1.52,19.1,3.1,1.2,2.6,0.8,1.0,0.5,0.4906
152,152,безударный,36.45,79.0,61.9,43.0,28.9,23.1,27.1,69.6,0.3261
153,153,белгородский,7.32,0.0,3.1,3.8,4.4,4.4,8.6,11.3,0.3416
154,154,белорусский,58.04,69.4,94.8,114.2,50.8,33.1,41.5,34.8,0.3541
155,155,бельгийский,1.79,1.2,4.1,0.8,0.5,1.3,1.6,1.4,0.5695
156,156,берестяной,16.38,44.3,15.8,7.0,12.8,10.7,15.0,49.4,0.4884
157,157,бесписьменный,6.38,13.2,10.9,8.3,6.5,4.0,4.7,2.8,0.421
158,158,беспредложный,11.46,14.4,6.7,16.7,11.5,8.2,8.6,2.8,0.4366
159,159,бесприставочный,9.97,9.6,3.6,2.6,9.2,6.3,10.8,22.1,0.5148
160,160,бессоюзие,3.54,1.2,3.9,1.6,2.4,4.4,1.2,0.0,0.5291
161,161,билингв,94.07,0.0,11.1,33.0,48.6,73.1,102.3,51.2,0.3878
162,162,билингвизм,45.73,0.0,5.6,17.8,26.2,34.9,49.2,30.6,0.393
163,163,бирманский,1.56,0.0,1.1,2.0,0.5,0.9,1.7,0.5,0.5745
164,164,бифонемный,0.02,0.0,0.0,0.1,0.0,0.0,0.0,0.5,0.9735
165,165,бихевиоризм,0.85,0.0,0.0,0.0,1.1,0.5,0.9,2.8,0.6295
166,166,близкородственный,18.6,8.4,15.7,25.4,14.7,13.8,13.7,16.0,0.28
167,167,богемистика,0.18,0.0,0.0,0.0,0.0,0.2,0.1,0.0,0.9015
168,168,боковой,4.72,8.4,6.2,6.0,2.8,2.9,3.9,11.3,0.3713
169,169,болгарский,80.76,107.7,112.7,77.1,69.5,62.3,57.7,34.3,0.3012
170,170,бразильский,1.48,0.0,1.1,1.3,0.5,0.8,0.9,22.6,0.6841
171,171,брайль,0.06,0.0,0.0,0.2,0.0,0.0,0.0,1.4,0.9495
172,172,британский,79.59,7.2,6.7,20.4,32.9,53.0,101.1,52.7,0.4952
173,173,брянский,11.82,9.6,12.7,8.5,8.0,9.5,9.4,9.4,0.4391
174,174,букварь,25.72,2.4,13.9,17.5,6.0,3.2,48.3,1.4,0.7294
175,175,буквенный,13.2,35.9,11.8,10.1,8.5,11.1,9.6,14.6,0.2962
176,176,буквосочетание,1.59,0.0,1.1,2.3,0.8,1.4,1.0,0.5,0.5113
177,177,бурятский,84.87,8.4,18.3,22.8,96.9,75.3,67.2,80.4,0.5648
178,178,вайнахских,2.82,0.0,0.0,2.6,1.4,2.8,2.1,0.0,0.7524
179,179,валентностный,0.91,0.0,0.2,0.4,0.3,0.8,0.9,0.0,0.5495
180,180,валентность,151.21,0.0,28.9,148.1,147.1,127.6,108.9,202.2,0.241
181,181,валлийский,3.09,1.2,0.3,0.2,1.1,2.2,3.4,14.1,0.6817
182,182,варваризм,5.26,4.8,4.2,1.5,4.1,5.1,3.7,3.3,0.3774
183,183,вариантность,76.79,13.2,33.7,90.9,81.6,66.6,49.2,15.5,0.2509
184,184,вариативность,143.8,12.0,9.0,58.0,124.8,123.4,127.3,122.7,0.2155
185,185,вариация,19.33,13.2,11.1,15.4,19.3,15.9,14.5,13.2,0.1639
186,186,варьирование,112.54,14.4,28.1,106.1,121.0,98.1,77.1,85.6,0.1875
187,187,веляризация,0.46,0.0,1.3,0.4,0.2,0.2,0.5,0.0,0.7865
188,188,велярный,5.16,0.0,7.5,4.8,2.8,2.1,6.5,3.3,0.5752
189,189,венгерский,34.26,23.9,103.9,48.0,38.0,18.7,22.6,16.9,0.4308
190,190,вепсский,14.21,0.0,1.8,3.4,9.6,4.3,23.2,20.7,0.6521
191,191,вербализация,74.74,0.0,0.7,4.6,20.1,64.5,83.2,35.7,0.3337
192,192,вербальный,332.21,1.2,6.4,34.5,145.7,295.4,340.7,197.0,0.2774
193,193,верлибр,1.77,2.4,2.9,2.7,0.8,1.0,1.6,0.5,0.5623
194,194,взрывной,8.27,13.2,12.1,9.5,4.7,6.0,6.4,5.6,0.42
195,195,византийский,21.19,16.8,30.9,22.1,22.9,13.7,17.2,5.6,0.4218
196,196,винительный,41.94,88.6,119.4,55.6,30.8,26.6,27.1,20.7,0.3407
197,197,внелитературный,2.79,1.2,2.0,4.0,1.1,2.7,1.6,0.9,0.4603
198,198,внутригенетическая,0.16,0.0,0.0,0.0,0.0,0.0,0.4,0.0,0.9095
199,199,возвратность,5.21,0.0,2.5,3.8,6.5,5.0,3.0,1.4,0.4866
200,200,возвратный,44.41,18.0,34.3,52.2,25.7,35.6,34.2,34.3,0.3777
201,201,вокабула,4.14,3.6,2.3,2.3,3.5,2.0,4.6,15.5,0.4883
202,202,вокабуляр,4.85,0.0,0.3,2.7,2.8,4.4,3.9,9.9,0.4471
203,203,вокализация,3.38,1.2,3.3,0.4,2.6,1.8,4.4,0.9,0.5133
204,204,вокализм,39.67,7.2,55.5,35.9,35.9,27.3,33.6,11.3,0.3423
205,205,вокалический,13.13,0.0,11.4,8.1,11.4,7.1,15.4,3.3,0.4606
206,206,вокальный,19.15,26.3,37.6,18.4,9.0,13.1,15.3,28.2,0.4505
207,207,волгоградский,29.67,3.6,6.2,9.0,13.5,19.3,37.1,24.9,0.3355
208,208,вологодский,31.64,31.1,25.3,25.3,22.9,20.2,30.8,53.6,0.3855
209,209,вопросительный,118.84,40.7,66.2,127.8,124.5,96.3,83.9,72.4,0.2689
210,210,вопросник,6.43,20.3,26.0,9.2,4.8,3.9,3.3,1.4,0.4107
211,211,воронежский,90.4,33.5,12.1,33.7,64.3,79.7,81.3,45.1,0.2454
212,212,восклицательный,21.58,40.7,11.4,21.5,33.1,17.3,13.3,5.6,0.333
213,213,востоковед,44.01,4.8,137.9,58.3,23.8,23.2,36.0,30.1,0.3078
214,214,восточнославянский,56.96,34.7,55.2,71.5,50.6,46.9,35.8,39.5,0.2948
215,215,время,1857.13,1896.9,2083.9,1629.2,1532.6,1398.2,1451.1,1663.5,0.1009
216,216,временной,95.06,28.7,33.0,63.1,77.7,74.0,86.4,68.2,0.1526
217,217,вспомогательный,67.32,20.3,67.1,68.3,51.6,45.2,59.0,91.7,0.2753
218,218,вульгаризация,1.11,7.2,0.5,0.5,0.6,0.9,0.9,1.4,0.4865
219,219,вульгаризм,2.68,19.1,4.7,3.3,2.5,2.1,1.3,0.0,0.4379
220,220,вульгарный,5.45,12.0,8.3,4.7,3.7,5.2,2.7,5.2,0.3697
221,221,вхождение,43.42,6.0,12.4,25.3,28.5,31.0,43.4,87.0,0.2494
222,222,выборка,119.84,13.2,10.1,62.7,69.0,95.6,116.4,182.4,0.1588
223,223,вымирание,1.19,1.2,1.0,0.3,1.6,0.9,1.0,2.8,0.4946
224,224,вьетнамский,20.34,6.0,1.8,14.3,17.9,16.8,17.7,8.5,0.559
225,225,гавайский,0.89,0.0,0.3,2.7,0.2,0.9,0.3,0.0,0.8265
226,226,гагаузский,15.91,1.2,115.2,42.6,8.8,5.2,4.8,2.4,0.6889
227,227,галисийский,1.12,0.0,0.0,0.2,1.7,0.5,1.2,6.1,0.7421
228,228,галлицизм,8.95,4.8,1.8,1.6,5.3,8.3,8.2,0.5,0.5799
229,229,галльский,4.3,1.2,0.5,0.2,0.6,1.8,7.3,0.9,0.7797
230,230,гаплология,0.74,1.2,1.5,1.2,1.0,0.4,0.4,0.5,0.6695
231,231,гармоничность,1.93,3.6,2.1,0.8,1.0,2.2,1.0,0.0,0.5167
232,232,гемината,4.24,0.0,11.8,1.7,0.6,1.1,6.0,9.9,0.7132
233,233,гендерный,40.83,0.0,0.0,0.0,0.3,21.2,61.8,127.4,0.5263
234,234,генеалогический,4.29,0.0,4.2,4.7,2.8,2.7,4.1,3.8,0.3039
235,235,генезис,35.67,2.4,19.1,34.3,30.5,28.9,28.3,12.7,0.1465
236,236,генерализация,10.91,2.4,1.8,3.3,4.7,7.2,13.5,11.3,0.3893
237,237,генеративный,10.56,0.0,1.0,3.6,13.9,8.6,8.8,12.2,0.3728
238,238,генетический,54.31,3.6,44.9,52.2,58.7,43.8,38.3,28.2,0.2005
239,239,генитив,46.99,0.0,1.5,27.4,47.7,33.8,44.0,104.9,0.4913
240,240,генитивный,1.15,0.0,0.0,0.3,0.4,0.7,1.5,1.9,0.7415
241,241,германист,17.05,1.2,2.3,8.7,11.2,12.1,18.9,6.6,0.4205
242,242,германистика,12.11,0.0,1.0,5.1,7.1,8.5,14.0,4.7,0.4561
243,243,герундиальный,2.62,0.0,0.3,2.8,1.0,2.3,2.2,1.9,0.6005
244,244,герундий,11.41,0.0,8.3,14.6,6.0,8.2,10.2,3.3,0.5458
245,245,гетерогенность,6.26,0.0,1.5,1.9,10.4,4.1,6.1,4.2,0.3837
246,246,гетерогенный,12.0,0.0,2.9,7.1,10.5,11.1,9.0,5.6,0.3021
247,247,гидроним,54.17,27.5,48.7,59.7,96.3,30.7,39.7,118.0,0.4541
248,248,гидронимика,0.86,0.0,0.7,1.1,1.6,0.7,0.4,0.5,0.6055
249,249,гидронимия,1.69,0.0,0.8,0.5,2.4,1.1,1.3,11.3,0.5425
250,250,гипербола,12.73,4.8,6.7,6.3,10.9,11.8,9.2,11.3,0.3526
251,251,гиперболизация,3.26,2.4,1.3,2.7,2.8,2.6,2.7,0.9,0.3815
252,252,гипероним,15.21,0.0,0.2,6.2,12.5,13.7,13.1,8.0,0.3302
253,253,гиперонимия,0.28,0.0,0.0,0.1,0.6,0.2,0.2,0.0,0.7975
254,254,гипертекст,40.04,0.0,0.3,0.5,2.3,38.0,42.8,13.2,0.5498
255,255,гипертекстовый,7.75,0.0,0.0,0.5,0.3,8.0,7.3,4.7,0.5593
256,256,гипоним,23.06,0.0,0.5,21.8,20.3,18.9,19.5,7.1,0.3374
257,257,гипонимия,1.56,0.0,0.2,2.2,1.9,1.3,1.0,0.5,0.5311
258,258,гипонимический,0.24,0.0,0.0,0.1,0.3,0.2,0.2,0.0,0.8535
259,259,гипотаксис,7.03,0.0,2.5,8.1,11.4,3.9,6.6,0.9,0.5342
260,260,гистограмма,0.65,0.0,0.3,0.0,0.1,0.7,0.5,0.5,0.7175
261,261,глагол,2949.37,1748.5,2073.6,3001.8,2627.3,2283.6,2201.8,4049.7,0.1445
262,262,глаголица,1.97,3.6,3.9,1.6,3.1,1.8,0.6,0.5,0.6902
263,263,глагольный,683.38,210.6,433.6,768.7,688.8,556.7,470.7,441.0,0.1574
264,264,глайд,1.33,0.0,0.5,0.4,0.3,0.9,1.7,0.5,0.7011
265,265,гласный,590.04,850.9,1311.9,713.7,420.4,342.3,473.5,710.9,0.2975
266,266,глосса,41.21,26.3,53.9,36.2,31.7,27.2,36.6,43.3,0.2556
267,267,глоссарий,12.84,4.8,14.9,10.3,10.7,9.3,10.8,10.3,0.2806
268,268,глоттогонический,0.35,0.0,1.0,0.0,0.4,0.3,0.2,0.0,0.7815
269,269,глоттохронологический,0.03,0.0,0.0,0.0,0.2,0.0,0.0,0.0,0.9575
270,270,глоттохронология,0.98,0.0,0.5,0.3,0.9,0.6,1.1,1.9,0.6505
271,271,глубинный,68.14,7.2,19.6,60.0,60.4,63.8,44.3,59.2,0.1814
272,272,глухой,47.19,83.8,109.8,56.5,39.2,27.4,36.6,39.0,0.3273
273,273,глухость,4.79,1.2,9.8,8.1,4.7,3.5,2.4,3.8,0.4247
274,274,говор,2706.45,3754.3,2960.4,2441.3,2420.3,2093.4,1983.1,2343.4,0.1147
275,275,говорение,26.63,27.5,15.0,19.9,23.7,25.6,16.3,15.5,0.2285
276,276,говорок,2.53,2.4,2.5,0.8,1.6,0.8,3.9,0.5,0.6635
277,277,годонимы,0.35,0.0,0.0,0.0,0.0,0.0,0.5,6.1,0.8695
278,278,голландский,7.47,35.9,11.9,7.1,7.2,5.9,4.2,6.6,0.3482
279,279,голофрастический,0.95,0.0,0.0,3.9,0.1,0.8,0.3,0.5,0.8535
280,280,гомогенность,2.33,0.0,1.1,2.5,2.8,2.1,1.3,4.7,0.3865
281,281,гомогенный,8.14,0.0,2.1,10.2,7.3,6.8,5.9,2.8,0.3184
282,282,горловой,1.15,1.2,0.5,5.0,0.4,0.2,1.1,1.4,0.8212
283,283,гортанный,6.43,6.0,13.1,4.1,3.4,3.9,6.4,4.7,0.5109
284,284,грамматизация,0.26,0.0,0.0,0.4,0.6,0.2,0.1,0.5,0.8535
285,285,грамматика,1211.5,438.0,680.8,1009.3,1176.4,1085.5,820.8,408.1,0.1371
286,286,грамматист,7.29,9.6,11.4,10.7,6.9,4.4,5.4,10.3,0.3268
287,287,грамматический,1189.32,479.9,825.6,1225.2,1234.0,1020.3,773.3,444.8,0.1299
288,288,граммема,24.87,0.0,0.0,3.6,24.1,11.8,33.9,54.1,0.5788
289,289,грамотность,14.94,63.4,29.7,17.3,14.1,10.8,8.8,9.4,0.3497
290,290,грамотный,14.69,83.8,34.0,16.9,14.7,8.4,10.0,16.9,0.326
291,291,графема,13.58,2.4,18.8,8.8,5.9,8.7,14.5,7.5,0.4472
292,292,графика,16.56,16.8,33.5,13.6,17.9,10.1,13.6,10.8,0.2695
293,293,графический,902.38,635.5,649.8,638.9,739.3,733.0,720.2,792.3,0.0885
294,294,грецизм,4.9,7.2,3.9,1.8,3.0,4.1,4.3,1.9,0.5751
295,295,греческий,166.62,317.1,140.0,118.4,156.1,106.8,162.2,71.0,0.3054
296,296,гротеск,4.08,9.6,3.3,3.6,2.3,3.5,3.1,0.9,0.3432
297,297,гротескный,1.19,3.6,1.3,0.9,0.4,1.1,0.8,0.0,0.5075
298,298,грузин,39.33,40.7,65.0,127.7,45.2,16.9,22.4,10.8,0.4565
299,299,грузинский,32.5,28.7,53.6,111.6,34.8,14.0,17.8,8.9,0.4821
300,300,губной,19.07,7.2,63.9,39.3,12.0,9.8,11.6,22.6,0.4454
301,301,гэльский,0.91,0.0,0.0,0.0,0.6,0.4,1.3,0.9,0.7975
302,302,дагестанский,133.82,2.4,25.2,39.8,112.5,120.7,116.7,24.0,0.5635
303,303,дактиль,0.85,3.6,0.0,0.7,0.8,0.8,0.6,0.0,0.7335
304,304,даргинский,89.97,2.4,2.8,12.4,31.9,72.9,104.4,2.4,0.6949
305,305,дательный,94.24,141.2,185.1,114.5,73.9,62.9,68.8,54.5,0.2315
306,306,датив,30.89,0.0,2.8,5.4,19.3,12.8,46.4,62.5,0.5601
307,307,дативный,1.56,0.0,0.0,0.1,0.8,0.3,2.6,8.5,0.7681
308,308,датский,39.68,37.1,52.9,52.2,27.6,26.9,31.5,30.6,0.2185
309,309,двустишие,2.89,26.3,12.3,7.0,4.0,1.2,0.8,0.0,0.6283
310,310,двухвалентный,1.8,0.0,0.2,1.7,2.3,1.1,1.7,2.4,0.5583
311,311,двуязычие,78.5,4.8,25.5,83.6,61.8,75.2,48.5,37.6,0.3618
312,312,двуязычный,58.06,7.2,36.6,41.6,33.2,50.1,47.0,50.3,0.2683
313,313,девиация,4.97,0.0,0.0,0.5,0.3,5.0,5.0,0.5,0.6332
314,314,деепричастие,94.85,51.5,128.7,128.4,62.9,63.4,75.5,101.6,0.4208
315,315,деепричастный,35.85,27.5,48.0,53.5,34.9,23.7,24.2,61.6,0.3951
316,317,дейксис,52.32,0.0,1.0,6.1,39.8,50.8,44.9,14.1,0.2942
317,318,дейктик,3.1,0.0,0.0,0.2,3.1,2.6,3.1,0.0,0.6552
318,319,дейктический,43.32,0.0,3.6,13.9,37.0,40.2,35.6,28.2,0.3049
319,320,декаузатив,8.17,0.0,0.0,0.3,0.3,6.5,10.2,6.1,0.721
320,321,делабиализация,1.71,0.0,4.1,3.1,1.8,1.0,1.0,0.5,0.5965
321,322,делимитативный,4.65,0.0,0.8,4.2,2.8,2.2,5.8,12.7,0.5065
322,323,делимитация,3.22,0.0,0.5,6.0,2.7,2.6,2.1,0.5,0.4405
323,324,денотат,126.31,0.0,7.5,94.6,147.7,123.6,76.4,62.5,0.2173
324,325,денотативный,6.08,0.0,0.2,4.2,9.1,5.9,3.5,0.5,0.3183
325,326,дентальный,6.17,0.0,3.1,4.4,5.8,4.2,6.1,1.9,0.4313
326,327,дериват,88.28,0.0,13.2,57.5,67.4,76.0,70.7,164.1,0.2595
327,328,деривационный,94.95,0.0,9.5,61.6,95.7,90.8,65.8,34.3,0.2709
328,329,деривация,122.14,0.0,21.1,82.4,105.3,118.4,83.5,77.6,0.2409
329,330,десемантизация,1.68,0.0,0.3,0.7,1.7,1.4,1.4,0.5,0.4223
330,331,десигнат,2.61,0.0,0.8,1.9,4.7,1.9,2.0,0.0,0.4937
331,332,дескриптивный,22.44,0.0,2.0,12.5,19.0,18.2,20.2,25.9,0.2342
332,333,дескриптор,11.24,4.8,0.5,8.9,6.9,13.9,4.5,4.2,0.5943
333,334,детерминант,37.65,0.0,7.8,43.3,32.7,34.3,25.2,6.6,0.3956
334,335,детерминатив,12.91,1.2,5.1,18.9,12.2,10.1,9.3,2.8,0.4876
335,336,дефектный,4.16,1.2,2.6,1.3,2.4,3.6,3.7,4.7,0.4058
336,337,дефектология,1.09,0.0,0.2,0.2,0.4,1.1,0.9,0.9,0.5989
337,338,дефиниция,92.62,2.4,4.4,52.4,61.5,82.4,80.9,47.5,0.2033
338,339,дешифровка,4.91,1.2,10.0,3.1,3.4,3.5,4.0,3.3,0.3581
339,340,диагностический,7.26,0.0,0.8,0.9,9.7,6.3,6.0,5.6,0.3782
340,341,диакритический,3.04,6.0,6.2,3.8,2.8,2.1,2.0,1.4,0.4865
341,342,диалект,1231.52,761.2,1782.6,1298.1,950.2,896.9,928.2,1119.5,0.2132
342,343,диалектизм,31.15,77.8,58.7,31.8,24.3,27.5,15.3,19.3,0.366
343,344,диалектика,33.64,14.4,19.4,58.2,27.0,30.5,17.2,6.6,0.2429
344,345,диалектический,28.88,9.6,33.8,61.1,29.1,21.4,15.1,6.1,0.2449
345,346,диалектный,337.23,275.3,343.8,310.5,270.0,281.4,236.1,219.6,0.2425
346,347,диалектография,1.42,1.2,5.1,2.5,1.3,1.1,0.4,0.0,0.5419
347,348,диалектолог,173.31,128.1,358.1,232.0,129.3,130.9,105.4,70.5,0.2705
348,349,диалектологический,49.85,47.9,151.6,71.4,32.1,33.2,30.0,23.0,0.3278
349,350,диалектология,109.01,58.6,155.7,135.5,89.7,89.3,66.8,39.5,0.258
350,351,диахронический,94.17,2.4,19.8,52.5,76.2,74.8,87.0,92.6,0.1796
351,352,диглоссия,6.53,0.0,0.0,2.6,7.6,5.0,6.0,10.3,0.3454
352,353,диграф,2.04,0.0,0.3,0.3,0.7,1.0,3.1,0.9,0.625
353,354,дисграфия,0.07,0.0,0.0,0.0,0.0,0.0,0.1,0.0,0.9575
354,355,дискурс,1635.74,0.0,0.5,12.7,374.8,1153.3,2146.5,1675.2,0.3682
355,356,дискурсивный,247.38,0.0,0.0,4.9,59.3,165.6,328.7,392.1,0.3286
356,357,дискурсология,0.47,0.0,0.0,0.0,0.0,0.2,0.8,1.4,0.8055
357,358,диссимилятивный,6.94,1.2,2.0,1.2,3.0,4.6,8.9,1.4,0.7025
358,359,диссимиляция,3.21,3.6,5.7,3.0,1.8,2.8,2.0,1.9,0.451
359,360,дистрибутивный,33.97,1.2,6.2,42.6,32.2,27.2,24.7,40.9,0.2144
360,361,дистрибуция,29.57,0.0,12.1,28.8,19.7,23.3,24.8,36.2,0.2233
361,362,дифтонг,21.42,9.6,45.4,21.3,12.8,13.0,18.7,26.3,0.4405
362,363,дифтонгизация,1.09,0.0,3.3,0.7,0.9,0.7,0.9,0.5,0.5982
363,364,дифтонгический,1.1,0.0,1.8,2.0,0.4,0.5,1.1,0.9,0.6394
364,365,дифтонгоид,1.26,0.0,3.3,1.0,0.2,0.7,1.3,2.4,0.6343
365,366,дифференциальный,68.07,20.3,33.5,80.6,69.3,60.3,40.9,43.7,0.1923
366,367,дифференциация,116.4,26.3,55.2,113.1,121.6,105.5,73.7,30.6,0.1725
367,368,дифференцированный,20.09,8.4,14.1,22.6,16.7,13.3,18.7,5.2,0.2973
368,369,долженствование,14.01,13.2,10.5,8.0,14.5,11.9,10.5,6.1,0.3279
369,370,дополнение,127.1,61.0,139.4,139.5,92.0,89.6,106.3,95.4,0.2729
370,371,дорсальный,0.69,0.0,1.0,0.6,0.3,0.5,0.6,0.0,0.7815
371,372,древнеанглийский,29.33,0.0,2.0,20.7,25.0,25.9,24.1,4.7,0.5395
372,373,древнеболгарский,3.73,8.4,3.4,2.7,3.6,2.2,3.8,1.9,0.5134
373,374,древнегерманский,12.85,0.0,1.1,2.4,10.3,12.0,11.2,4.7,0.4735
374,375,древнегреческий,22.97,34.7,17.0,20.8,20.7,14.9,21.8,9.9,0.2912
375,376,древнегрузинский,2.24,0.0,0.2,12.2,5.1,0.3,0.9,0.0,0.7749
376,377,древнееврейский,5.72,6.0,6.2,8.4,5.5,3.3,4.7,8.5,0.4519
377,378,древнеиндийский,6.06,16.8,6.0,4.4,7.9,4.5,4.4,1.9,0.472
378,379,древнеисландский,5.41,0.0,2.1,3.4,9.3,3.7,4.6,0.0,0.5584
379,380,древнеперсидский,1.31,1.2,1.3,0.6,1.0,0.6,1.4,7.1,0.5497
380,381,древнепрусский,0.73,2.4,1.5,0.9,1.7,0.4,0.3,0.0,0.6585
381,382,древнеримский,1.54,2.4,1.3,2.3,1.0,1.0,1.4,0.5,0.4601
382,383,древнерусский,237.61,456.0,266.8,215.1,272.7,178.8,165.7,155.2,0.3094
383,384,древнетюркский,51.66,2.4,303.4,131.1,22.1,16.6,27.0,25.4,0.5906
384,385,древнеуйгурский,9.29,1.2,51.6,24.5,2.2,2.6,5.9,4.2,0.6151
385,386,еврейский,21.49,21.5,11.6,25.1,20.4,14.0,19.2,17.4,0.416
386,387,европейский,257.67,252.5,184.0,199.0,239.3,205.7,201.3,176.8,0.1225
387,388,еканье,3.99,2.4,4.2,10.7,2.6,2.0,3.1,2.8,0.6432
388,389,енисейский,32.44,4.8,137.6,52.8,12.0,15.1,23.6,28.7,0.4891
389,390,жанр,833.34,250.1,197.0,318.0,444.8,741.8,765.7,350.3,0.2436
390,391,жанровый,139.4,25.1,30.9,55.5,93.0,127.0,120.2,59.7,0.2325
391,392,жаргон,150.85,122.1,44.6,31.3,133.3,164.4,91.3,68.6,0.3466
392,393,жаргонизм,18.8,22.7,6.9,8.6,24.0,16.1,14.0,6.6,0.3727
393,394,жаргонный,25.48,39.5,13.2,5.8,23.5,27.6,14.0,16.5,0.3798
394,395,жестикуляция,4.36,6.0,0.5,0.9,1.3,2.0,6.3,12.7,0.5397
395,396,жестовый,21.99,0.0,0.2,2.5,2.7,18.6,23.2,63.5,0.6104
396,397,зависимый,153.37,73.0,77.8,104.0,119.9,114.6,137.5,238.9,0.2599
397,398,заднеязычный,10.63,10.8,20.9,8.0,8.1,7.4,8.5,7.5,0.4036
398,399,заикание,0.88,4.8,2.3,0.3,0.3,0.4,0.7,5.6,0.6745
399,400,заимствование,412.44,178.3,385.1,339.8,339.1,343.8,303.5,246.4,0.1532
400,401,заимствованный,77.43,61.0,69.8,53.9,58.7,70.1,53.2,44.2,0.1841
401,402,залог,114.04,19.1,169.4,219.7,76.2,83.8,69.6,29.6,0.3262
402,403,залоговый,21.47,0.0,33.2,43.3,16.6,15.7,12.3,2.8,0.4024
403,404,западноевропейский,24.51,27.5,34.5,25.8,16.6,20.1,16.2,21.2,0.1779
404,405,западнославянский,5.46,12.0,7.4,4.4,8.7,3.8,3.5,4.7,0.4448
405,406,запятая,18.27,99.3,30.4,19.2,16.3,13.1,12.1,7.1,0.3943
406,407,заударный,9.39,6.0,6.4,7.1,4.7,6.6,9.1,16.0,0.449
407,408,звонкий,28.54,46.7,76.8,44.0,26.0,15.8,19.5,18.3,0.3908
408,409,звонкость,5.96,0.0,12.4,10.1,6.6,4.2,3.1,4.2,0.4191
409,410,звук,453.71,1055.6,776.4,460.4,433.3,323.3,313.5,297.2,0.1705
410,411,звукобуквенный,1.04,0.0,0.0,0.0,0.0,1.5,0.5,0.5,0.7015
411,412,звуковой,140.38,155.6,174.7,138.5,148.8,116.7,85.9,46.1,0.1765
412,413,звукопись,3.71,15.6,9.3,4.9,1.6,3.2,1.7,0.5,0.452
413,414,звукоподражание,14.26,14.4,16.0,7.5,10.0,10.7,13.1,3.3,0.4635
414,415,звукоподражательный,21.1,59.8,36.4,18.9,20.8,12.0,18.8,9.4,0.4508
415,416,звукосимволизм,3.06,0.0,0.0,0.9,2.0,2.5,3.2,0.5,0.5527
416,417,звукосимволический,2.42,0.0,0.0,0.1,2.1,2.5,2.0,0.0,0.608
417,418,звучание,58.84,164.0,93.6,57.0,58.5,46.2,36.5,18.3,0.1953
418,419,звучащий,17.66,14.4,4.1,7.2,13.3,16.6,13.9,8.9,0.3237
419,420,зевгма,2.86,0.0,0.0,0.2,0.9,2.3,3.5,0.0,0.6758
420,421,иврит,15.83,1.2,0.2,6.5,2.8,12.2,18.8,1.9,0.7565
421,422,идеограмма,1.95,0.0,1.8,0.1,1.2,1.9,1.6,0.5,0.6128
422,423,идеофон,3.48,0.0,0.0,0.9,2.1,1.0,5.7,10.3,0.7192
423,424,идиолект,37.79,3.6,1.8,3.5,12.3,34.0,38.8,30.6,0.3767
424,425,идиом,200.67,23.9,73.7,71.7,209.4,164.8,168.6,286.8,0.2462
425,426,идиома,127.81,13.2,57.5,55.5,137.2,104.7,104.1,166.4,0.2376
426,427,идиоматизация,0.32,0.0,0.0,0.1,0.3,0.3,0.2,1.4,0.7975
427,428,идиоматический,22.24,4.8,20.7,15.4,16.1,19.5,16.1,19.3,0.2869
428,429,идиоматичный,5.89,0.0,2.3,5.5,5.3,6.4,2.6,4.7,0.4753
429,430,идиостиль,9.84,0.0,0.0,0.1,4.0,10.4,8.3,6.1,0.4547
430,431,идиш,6.5,1.2,1.0,1.8,1.7,3.1,10.0,2.8,0.6372
431,432,иероглиф,11.62,7.2,5.7,1.5,8.9,10.7,9.3,17.4,0.48
432,433,иероглифический,2.71,1.2,1.8,0.3,2.1,2.3,2.5,1.9,0.5517
433,434,избыточность,24.21,13.2,6.0,19.8,13.6,14.2,29.0,9.4,0.3525
434,435,избыточный,15.6,25.1,7.4,10.3,12.0,12.3,13.5,15.0,0.2599
435,436,изоглосса,15.2,16.8,32.2,24.4,13.5,10.0,9.6,6.6,0.4216
436,437,изолированный,17.63,9.6,16.3,21.0,22.0,12.6,12.3,13.6,0.1886
437,438,изолирующий,0.26,0.0,0.0,0.1,1.0,0.2,0.1,0.0,0.8855
438,439,изоморфизм,14.74,0.0,2.0,12.3,18.9,13.3,9.8,3.3,0.3133
439,440,изоморфность,0.65,0.0,0.0,0.3,0.9,0.7,0.3,0.0,0.5975
440,441,израильский,2.53,1.2,1.0,0.7,1.9,2.7,1.7,1.4,0.6658
441,442,изречение,17.54,29.9,19.6,10.1,18.5,12.7,14.1,20.7,0.2834
442,443,икание,2.77,4.8,3.6,4.7,1.7,2.0,1.7,5.6,0.5521
443,444,иконический,16.03,0.0,0.0,0.7,13.8,13.2,16.4,9.9,0.4563
444,445,иллатив,3.44,0.0,0.2,1.6,3.6,1.0,5.1,11.3,0.688
445,446,именной,280.1,85.0,192.3,304.2,271.5,207.4,220.7,221.5,0.1993
446,447,императив,108.08,4.8,37.3,19.6,68.0,82.9,115.9,83.7,0.3512
447,448,императивность,4.63,2.4,0.2,1.3,2.2,3.4,5.5,0.9,0.4909
448,449,императивный,35.27,0.0,18.3,5.1,24.3,30.1,33.9,8.5,0.3644
449,450,имперсонал,4.2,0.0,0.3,1.3,2.5,0.9,6.1,36.7,0.6983
450,451,имперсональный,1.79,0.0,0.2,0.3,0.5,0.2,3.3,7.5,0.7637
451,452,имперфект,74.03,6.0,10.0,13.8,28.2,26.1,120.9,139.6,0.5847
452,453,имперфектив,47.79,1.2,2.0,2.3,9.2,12.0,88.2,91.7,0.6738
453,454,имперфективация,1.04,0.0,0.0,0.1,0.3,0.3,1.8,3.3,0.7735
454,455,имперфективный,17.15,0.0,1.0,0.9,2.5,4.5,32.2,16.9,0.6666
455,456,импликатура,2.19,0.0,0.0,0.0,1.3,1.5,2.7,1.9,0.4963
456,457,импликация,24.93,1.2,0.2,14.0,25.9,23.9,17.7,8.9,0.3039
457,458,имплицитный,111.89,0.0,5.4,57.1,99.8,109.2,80.9,60.2,0.2388
458,459,имплозивный,0.87,0.0,4.7,0.7,0.3,0.7,0.4,0.0,0.7495
459,460,инвариант,100.92,0.0,10.9,68.1,125.1,97.6,62.4,39.0,0.2329
460,461,инвариантность,7.06,0.0,0.7,2.7,10.9,6.7,4.5,1.4,0.2938
461,462,инвариантный,44.38,0.0,4.4,44.7,48.1,43.6,25.3,9.9,0.242
462,463,инвариативность,0.05,0.0,0.0,0.0,0.0,0.1,0.0,0.0,0.9415
463,464,инверсированный,0.78,20.3,1.1,0.6,0.6,0.7,0.2,0.5,0.6695
464,465,инверсия,23.4,28.7,19.1,31.6,13.5,17.1,19.1,9.9,0.3486
465,466,ингушский,28.06,2.4,3.8,20.1,8.5,25.6,25.4,1.9,0.6576
466,467,индейский,4.12,10.8,2.0,2.1,2.3,2.6,4.5,9.4,0.5337
467,468,индийский,17.3,26.3,19.3,18.2,18.4,12.1,12.7,20.2,0.3786
468,469,индикатив,24.19,0.0,28.8,20.9,22.3,12.4,24.7,53.6,0.4064
469,470,индикативный,4.03,0.0,8.2,3.6,2.9,2.2,3.9,2.4,0.4885
470,471,индоарийский,2.78,0.0,0.2,0.8,3.4,2.4,2.3,3.3,0.6295
471,472,индоевропеистика,4.15,1.2,2.3,1.6,4.9,3.6,3.1,2.8,0.3122
472,473,индоиранский,3.7,1.2,1.0,2.5,1.9,2.7,3.9,2.4,0.5209
473,474,инкорпорация,6.82,0.0,0.2,2.2,3.7,3.9,8.7,16.0,0.6492
474,475,инкультурация,0.08,0.0,0.0,0.0,0.1,0.0,0.1,0.0,0.9335
475,476,иносказательный,4.91,13.2,9.3,4.9,4.5,3.9,2.8,5.6,0.3938
476,477,инструменталис,4.85,0.0,0.8,1.0,0.9,2.7,6.7,12.2,0.61
477,478,инструментальный,22.91,3.6,11.4,17.8,13.3,17.8,20.9,22.6,0.3218
478,479,интенсификация,15.61,0.0,3.1,11.3,14.4,15.6,9.5,14.6,0.3095
479,480,интенция,77.39,0.0,0.2,19.8,55.4,78.1,60.6,39.0,0.2958
480,481,интервокальный,9.23,0.0,30.6,12.4,4.7,3.5,8.4,22.1,0.5112
481,482,интертекстуальный,2.74,0.0,0.0,0.1,1.2,2.1,3.3,0.5,0.4639
482,483,интерферентный,0.05,0.0,0.0,0.4,0.0,0.0,0.0,0.0,0.9655
483,484,интерференционный,2.05,0.0,0.0,0.4,0.4,2.0,2.0,0.0,0.6331
484,485,интерференция,69.55,0.0,8.3,39.1,53.0,69.5,50.0,10.8,0.362
485,486,интерфикс,7.02,22.7,19.4,6.2,4.4,3.7,6.4,0.9,0.5789
486,487,интонационный,88.54,81.4,52.1,115.5,122.2,78.1,43.1,32.0,0.2781
487,488,интонация,133.29,165.2,120.7,172.1,164.5,119.8,61.7,32.9,0.2459
488,489,интонирование,1.79,1.2,0.3,1.7,0.9,1.7,1.3,0.9,0.4378
489,490,интродукция,1.78,0.0,0.0,2.3,1.7,1.0,1.9,1.9,0.5851
490,491,интуитивность,0.34,0.0,0.0,0.2,0.3,0.4,0.2,0.5,0.7415
491,492,интуитивный,8.46,1.2,2.6,4.7,9.5,7.6,6.0,7.1,0.2327
492,493,интуиция,15.85,8.4,4.9,7.1,15.9,14.3,11.6,20.7,0.2516
493,494,инфикс,2.95,0.0,3.8,1.2,2.7,2.1,2.6,4.7,0.5246
494,495,инфинитив,160.35,91.0,51.0,149.5,149.1,110.0,141.3,348.9,0.2782
495,496,инфинитивный,45.16,57.4,8.8,37.6,37.3,34.5,37.0,110.0,0.3295
496,497,информант,81.26,1.2,8.3,30.9,43.3,55.0,93.5,150.0,0.2673
497,498,инхоатив,7.08,0.0,0.7,1.9,2.3,3.5,10.3,12.7,0.5701
498,499,иранистика,1.66,0.0,4.1,0.9,0.5,1.1,1.6,0.5,0.5818
499,500,иранский,50.33,21.5,68.0,57.7,37.4,28.7,47.0,71.9,0.4167
500,501,ирландский,12.37,2.4,1.8,1.3,13.2,10.4,11.6,5.6,0.5713
501,502,иронический,31.56,63.4,33.2,29.3,20.5,27.3,21.5,10.8,0.289
502,503,ироничный,4.8,1.2,2.3,1.5,3.6,3.9,4.5,4.7,0.2895
503,504,ирония,68.0,56.2,29.2,49.9,27.3,57.7,60.9,25.4,0.3644
504,505,исландский,9.78,0.0,6.7,6.9,14.7,6.4,8.6,4.7,0.4838
505,506,испанистика,1.57,0.0,0.0,2.1,0.4,0.9,1.9,0.0,0.6907
506,507,испанский,145.9,37.1,12.7,126.0,74.3,98.5,159.1,139.6,0.4244
507,508,истолкование,19.76,29.9,26.1,21.9,20.4,14.7,13.5,7.1,0.1851
508,509,историзм,20.03,20.3,27.9,23.5,16.9,17.6,10.9,5.2,0.3081
509,510,италийский,3.22,0.0,0.7,1.5,1.8,2.2,3.8,0.5,0.6623
510,511,итальянский,68.1,77.8,33.5,46.3,51.1,43.6,63.5,266.1,0.3269
511,512,ительменский,3.32,2.4,3.9,1.0,0.4,2.1,4.1,0.5,0.6424
512,513,итератив,22.42,0.0,1.0,19.6,13.7,9.6,29.2,66.8,0.4912
513,514,итеративный,10.08,0.0,0.7,5.4,8.7,5.8,12.2,10.8,0.448
514,515,йот,10.74,38.3,5.9,7.5,16.1,5.8,10.5,5.2,0.3811
515,516,йотация,0.66,1.2,0.3,0.2,0.8,0.5,0.6,0.0,0.7495
516,517,кавказский,93.76,25.1,63.2,67.7,111.9,74.6,71.9,31.0,0.4855
517,518,каламбур,33.01,107.7,26.6,25.4,27.7,27.8,23.7,6.1,0.4121
518,519,каламбурный,3.97,8.4,4.6,3.4,5.0,3.3,2.4,0.0,0.4333
519,520,калмыцкий,55.86,9.6,23.5,13.2,19.7,60.6,40.5,21.2,0.6069
520,521,калужский,5.86,19.1,9.1,6.5,6.8,3.3,4.5,12.2,0.3802
521,522,калька,27.51,39.5,21.1,34.8,22.7,21.6,19.1,24.9,0.2809
522,523,калькирование,25.75,4.8,11.3,31.2,14.1,20.0,21.7,22.1,0.2997
523,524,канадский,7.02,2.4,0.5,1.6,3.4,4.3,9.1,8.0,0.5365
524,525,канцеляризм,1.36,21.5,1.3,2.8,1.0,0.9,0.5,0.9,0.5398
525,526,канцелярский,7.03,58.6,13.2,8.5,6.9,5.6,3.1,1.4,0.4234
526,527,караимский,8.15,0.0,43.1,21.1,3.1,2.8,4.4,10.3,0.625
527,528,каракалпакский,32.09,6.0,245.7,115.9,15.5,6.1,7.9,2.4,0.6661
528,529,карельский,30.3,12.0,5.6,8.1,18.9,14.2,41.0,92.2,0.5525
529,530,карпатский,3.09,7.2,1.3,6.0,2.0,2.0,2.1,10.3,0.5517
530,531,картвельский,6.5,13.2,3.3,14.1,17.5,3.6,2.7,2.4,0.5678
531,532,картина,856.87,180.7,147.7,102.4,363.0,795.9,816.4,518.6,0.2438
532,533,каталанский,4.24,0.0,0.2,0.4,2.6,0.9,7.4,13.2,0.7833
533,534,катарсис,2.96,0.0,0.2,0.3,19.1,1.1,1.0,0.0,0.6842
534,535,катафорический,0.13,0.0,0.0,0.1,0.1,0.1,0.1,0.0,0.9095
535,536,каузатив,89.7,1.2,34.1,69.5,71.5,70.5,78.4,79.0,0.3757
536,537,каузативность,1.62,0.0,0.3,1.3,0.9,1.9,0.8,0.0,0.5355
537,538,каузативный,45.6,1.2,20.3,43.5,42.2,38.6,33.3,30.1,0.3725
538,539,каузатор,9.49,0.0,0.8,5.9,5.8,9.0,7.5,5.6,0.4498
539,540,квантификация,5.71,0.0,0.5,1.0,4.7,4.8,5.5,3.8,0.4593
540,541,квантор,16.61,0.0,0.5,6.2,21.4,12.9,14.8,18.3,0.4942
541,542,кванторный,6.49,0.0,0.0,2.4,10.1,4.6,6.0,8.0,0.5134
542,543,кельтский,11.89,0.0,2.6,2.9,4.8,8.7,14.0,7.1,0.5088
543,544,кипчакский,2.21,1.2,13.7,6.1,1.0,0.9,0.5,4.7,0.7016
544,545,киргизский,52.67,8.4,307.0,169.8,29.0,20.1,15.2,10.3,0.5537
545,546,кириллица,6.91,8.4,6.0,5.5,7.0,4.4,6.3,9.4,0.3906
546,547,кириллический,5.47,4.8,1.5,1.6,3.6,2.2,8.0,8.9,0.4911
547,548,китайский,187.0,19.1,58.8,54.4,108.8,119.5,212.7,537.4,0.3192
548,549,клауза,14.69,0.0,0.0,0.2,0.1,5.0,23.7,88.9,0.6978
549,550,клефт,1.94,0.0,0.0,0.5,0.3,2.3,1.4,0.0,0.8374
550,551,клинописный,2.38,0.0,0.8,0.4,0.5,0.3,4.8,0.0,0.8369
551,552,клитика,12.84,0.0,3.1,4.2,4.4,6.5,18.6,10.8,0.5778
552,553,клише,30.38,8.4,5.2,11.4,25.5,31.8,19.6,23.0,0.2744
553,554,клишированность,1.15,0.0,0.0,0.1,1.0,0.9,1.1,1.4,0.4484
554,555,когерентность,8.32,0.0,0.0,3.7,6.7,8.2,6.1,8.5,0.3911
555,556,когнат,2.37,0.0,0.0,0.3,0.1,0.5,3.3,34.3,0.7429
556,557,когнитивистика,8.04,0.0,0.0,0.0,1.3,6.2,9.9,9.9,0.4025
557,558,когнитивный,1228.51,0.0,0.0,5.0,458.0,1116.5,1271.1,866.1,0.3437
558,559,комический,77.33,52.7,16.5,44.8,66.9,70.5,60.7,6.1,0.3671
559,560,коммуникант,88.65,0.0,0.0,12.4,67.0,88.1,72.5,45.6,0.305
560,561,коммуникативный,1188.51,39.5,46.7,458.1,908.9,1125.4,973.6,560.9,0.2324
561,562,коммуникация,999.44,23.9,17.6,145.5,447.6,870.9,1035.7,606.1,0.2921
562,563,компаративистика,10.38,2.4,4.7,9.0,9.6,8.8,7.9,4.7,0.3402
563,564,компаративный,33.62,1.2,2.3,13.7,32.7,30.3,28.0,7.5,0.3634
564,565,комплемент,13.42,0.0,2.0,14.5,10.4,8.9,12.1,44.2,0.4481
565,566,комплементарный,2.82,0.0,1.3,0.8,4.0,2.4,2.2,0.9,0.418
566,567,компрессия,25.43,0.0,1.3,26.2,22.3,21.7,20.0,3.8,0.3968
567,568,конверб,8.49,0.0,0.0,0.0,1.0,1.7,16.3,22.6,0.7563
568,569,конвергентный,3.81,0.0,1.3,3.3,2.1,2.6,3.9,5.2,0.4161
569,570,конвергенция,15.99,0.0,2.5,24.0,13.0,11.3,13.8,8.5,0.4543
570,571,кондиционалис,2.18,0.0,0.0,2.6,1.0,0.6,3.2,8.5,0.6591
571,572,коннектор,11.28,0.0,0.0,1.6,4.7,10.2,9.6,49.8,0.5502
572,573,коннотативный,79.92,0.0,1.1,31.7,70.1,88.2,47.6,39.0,0.2688
573,574,коннотация,117.1,0.0,0.8,42.3,82.9,114.1,93.9,68.6,0.2053
574,575,консонант,39.38,1.2,35.5,43.5,35.1,27.7,32.7,29.2,0.3218
575,576,консонантизм,17.2,1.2,17.5,15.5,17.9,12.8,13.7,3.3,0.3951
576,577,консонантный,17.26,0.0,12.9,22.8,14.8,11.7,14.0,24.9,0.3477
577,578,константа,58.85,0.0,3.1,5.3,15.4,53.9,61.2,23.5,0.2983
578,579,конституировать,16.48,2.4,3.8,12.4,19.7,15.3,10.6,6.6,0.2973
579,580,конститутивный,14.52,1.2,1.5,4.5,7.7,12.7,14.4,2.4,0.3649
580,581,конструкция,1206.97,503.8,502.9,1064.5,1018.5,909.0,1041.6,1308.5,0.1551
581,582,контактирование,9.45,0.0,8.3,12.6,10.0,7.6,5.9,6.1,0.3036
582,583,контактология,0.32,0.0,0.0,0.1,0.0,0.2,0.5,0.5,0.7975
583,584,контаминация,21.85,18.0,18.5,13.8,18.8,17.1,18.5,9.9,0.2233
584,585,контаминировать,6.03,3.6,3.1,2.7,4.4,5.2,5.1,6.1,0.3968
585,586,контекст,995.49,343.5,226.6,656.2,764.6,841.1,830.1,1120.4,0.0998
586,587,контекстный,52.28,3.6,6.5,45.8,46.7,47.8,37.1,31.0,0.1637
587,588,контекстологический,3.74,0.0,0.5,2.7,2.9,3.3,3.1,0.5,0.3185
588,589,контекстуальный,109.87,22.7,13.2,88.9,84.7,99.1,83.8,74.3,0.1953
589,590,конфикс,4.15,0.0,0.0,2.2,2.4,3.8,3.7,0.9,0.6346
590,591,концепт,2115.57,0.0,1.5,30.3,494.1,2079.2,2068.3,1114.3,0.352
591,592,концептосфера,15.99,0.0,0.0,0.0,0.8,14.3,18.3,4.7,0.4385
592,593,концептуализация,29.47,0.0,0.0,0.2,13.1,29.4,27.0,13.2,0.2905
593,594,концептуальный,400.65,0.0,1.1,20.5,190.7,387.9,372.1,248.3,0.312
594,595,концепция,241.75,19.1,55.4,107.4,205.4,214.8,201.0,151.4,0.1499
595,596,конъюнктив,14.14,0.0,3.9,6.0,4.2,10.7,15.1,28.2,0.5015
596,597,корейский,33.54,10.8,10.6,7.4,26.7,30.8,27.2,42.3,0.4935
597,598,корень,202.14,568.5,325.8,196.7,199.7,128.7,155.9,235.6,0.2395
598,599,кореферентный,0.27,0.0,0.0,0.2,0.2,0.1,0.4,1.9,0.8375
599,600,кореферентность,2.6,0.0,0.0,3.0,2.2,1.9,2.2,3.8,0.6082
600,601,корневой,58.8,25.1,71.9,68.0,56.8,47.4,36.4,52.2,0.2282
601,602,корпус,295.25,18.0,20.4,46.2,77.5,186.5,380.8,773.4,0.3357
602,603,корпусный,11.49,0.0,0.0,0.0,0.3,5.2,18.0,44.7,0.4823
603,604,косвенный,143.38,63.4,86.8,96.5,123.2,117.2,117.1,95.0,0.1702
604,605,костромской,17.78,14.4,9.6,10.7,17.5,13.4,15.3,22.6,0.4531
605,606,красноречие,15.83,28.7,11.8,19.3,18.7,13.1,9.3,5.6,0.3201
606,607,креол,27.56,1.2,0.2,3.0,4.4,19.6,36.4,12.2,0.4665
607,608,креольский,4.45,0.0,0.2,1.7,0.8,3.9,4.6,0.9,0.6501
608,609,крылатый,50.95,104.1,47.4,36.0,53.9,40.2,38.5,10.8,0.2671
609,610,крымский,16.65,10.8,71.2,30.4,15.6,6.3,10.8,16.5,0.4057
610,611,кумыкский,81.38,7.2,71.1,71.4,49.2,79.5,51.1,4.2,0.6629
611,612,курский,16.51,13.2,11.6,21.6,17.8,11.0,13.6,3.8,0.319
612,613,кхмерский,2.04,0.0,0.0,1.3,0.6,0.6,1.9,40.0,0.7332
613,614,лабиализация,5.65,0.0,11.9,8.1,4.1,2.7,5.2,5.2,0.5108
614,615,лабиализованный,5.68,1.2,9.6,6.5,5.9,2.5,6.0,0.9,0.5254
615,616,лабиальный,4.51,0.0,8.5,9.2,4.9,2.3,3.3,1.4,0.4659
616,617,лакский,50.32,6.0,41.3,21.7,26.7,44.0,44.2,1.4,0.6895
617,618,латентный,4.33,0.0,0.2,2.7,4.8,4.6,2.3,5.2,0.3681
618,619,латинизм,5.18,0.0,2.3,1.7,4.3,7.0,1.3,3.3,0.59
619,620,латиница,5.44,4.8,2.3,1.5,2.6,3.9,6.0,8.9,0.4239
620,621,латинский,139.22,240.6,129.6,114.6,106.9,104.8,114.7,104.9,0.2057
621,622,латынь,16.75,19.1,5.6,10.2,19.9,9.4,15.4,83.2,0.363
622,623,латышский,12.72,10.8,19.6,21.8,9.2,6.1,12.1,2.8,0.4512
623,624,лезгинский,103.43,4.8,9.8,11.6,85.1,90.1,100.5,6.1,0.6912
624,625,лексема,504.97,2.4,60.6,205.6,353.4,448.1,426.3,857.6,0.1535
625,626,лексика,1625.5,452.4,612.0,1251.9,1406.5,1531.2,1098.3,738.2,0.1742
626,627,лексикализация,19.06,3.6,4.6,13.1,15.2,16.4,13.5,64.4,0.3119
627,628,лексикографирование,1.03,0.0,0.7,0.0,0.8,0.9,0.9,0.5,0.478
628,629,лексикографический,255.78,25.1,74.8,137.1,191.5,224.5,212.6,214.9,0.1473
629,630,лексикография,291.96,44.3,86.4,187.0,247.4,269.1,214.9,196.1,0.1865
630,631,лексиколог,398.74,32.3,120.7,378.7,363.0,374.9,259.4,90.7,0.2223
631,632,лексикология,364.89,23.9,99.7,339.3,327.4,345.6,238.3,81.3,0.2243
632,633,лексикон,100.97,70.6,42.5,26.4,76.9,99.7,73.0,84.2,0.2239
633,634,лексикостатистика,0.68,0.0,0.3,0.1,0.4,0.2,1.0,1.9,0.7095
634,635,лексический,1502.5,242.9,551.1,1207.0,1317.7,1410.4,1005.8,814.8,0.1499
635,636,лемма,10.35,16.8,1.1,1.6,3.9,8.5,10.6,19.3,0.5317
636,637,лемматизация,1.57,0.0,0.0,0.0,0.4,1.4,1.7,1.4,0.6616
637,638,лигатура,1.74,0.0,1.8,0.5,0.5,0.7,2.7,0.0,0.6501
638,639,лингвистика,2297.41,65.8,138.1,819.0,1556.7,2047.1,2083.4,1465.1,0.2245
639,640,лингводидактика,5.1,0.0,0.0,0.8,3.5,4.4,5.1,2.8,0.3763
640,641,лингвист,5225.03,513.4,650.7,2314.8,3805.9,4728.8,4445.5,3225.4,0.1901
641,642,лингвистический,2510.71,250.1,372.3,1236.4,1936.7,2346.9,1990.3,1369.2,0.1901
642,643,лингвистка,1.96,0.0,0.0,0.1,2.2,1.9,1.6,0.0,0.4367
643,645,лингвогеография,1.38,0.0,0.2,1.0,1.1,1.3,1.0,2.4,0.5349
644,646,лингводидактика,5.1,0.0,0.0,0.8,3.5,4.4,5.1,2.8,0.3763
645,647,лингвокреативный,0.4,0.0,0.0,0.0,0.0,0.3,0.5,0.9,0.7655
646,648,лингвокультурный,20.36,0.0,0.0,0.0,0.7,12.9,29.7,18.3,0.4493
647,649,лингвокультурология,20.36,0.0,0.0,0.0,1.4,15.1,26.7,17.4,0.3695
648,650,лингвопоэтика,1.0,0.0,0.0,0.2,0.7,0.9,1.0,0.5,0.6055
649,651,лингвопрагматика,0.75,0.0,0.0,0.0,0.3,0.5,1.0,0.9,0.6135
650,652,лингвосемиотика,0.31,0.0,0.0,0.1,0.0,0.1,0.6,0.5,0.8375
651,653,лингвосинергетический,0.14,0.0,0.0,0.0,0.0,0.1,0.2,0.0,0.8775
652,654,лингвостатистический,0.61,0.0,0.0,0.1,0.4,0.5,0.6,0.0,0.5975
653,655,лингвостилистика,19.51,0.0,1.1,20.0,17.7,19.4,11.7,4.2,0.3042
654,656,лингвофольклористика,1.19,0.0,0.0,0.0,0.9,0.8,1.5,0.5,0.6509
655,657,лиризм,2.25,7.2,6.7,3.4,1.6,1.5,1.2,0.9,0.4959
656,658,лирика,76.5,38.3,49.0,32.7,64.8,77.5,49.1,10.8,0.3109
657,659,лирический,73.79,86.2,87.4,54.6,60.7,73.3,38.8,14.6,0.2938
658,660,лиричность,0.56,6.0,1.8,0.7,0.5,0.4,0.2,0.0,0.6535
659,661,литовский,38.73,37.1,52.6,68.4,36.1,15.8,38.4,19.3,0.416
660,662,литота,2.58,2.4,0.5,1.1,1.8,2.6,1.6,6.6,0.4255
661,663,логопедический,1.07,13.2,0.2,0.0,0.2,0.8,1.2,0.0,0.6215
662,664,локализатор,8.62,0.0,0.3,3.1,14.4,6.2,7.9,0.9,0.5816
663,665,локализация,46.87,0.0,11.1,15.7,38.3,36.3,46.7,42.8,0.2428
664,666,локативный,2.26,0.0,0.3,0.2,2.8,1.1,2.9,5.2,0.5248
665,667,македонский,14.62,14.4,6.4,5.6,16.8,11.1,12.8,19.3,0.5161
666,668,макрополе,3.96,0.0,0.0,1.9,1.6,4.2,3.0,0.9,0.4869
667,669,малограмотный,1.49,6.0,3.1,1.5,1.4,1.1,0.9,2.4,0.511
668,670,малопродуктивный,3.55,2.4,2.6,3.6,3.4,3.1,2.3,0.9,0.3652
669,671,малоупотребительный,4.44,13.2,7.2,5.9,4.3,3.1,2.9,1.4,0.2999
670,672,марийский,86.51,2.4,45.1,43.9,60.8,55.7,97.8,48.0,0.6136
671,673,маркирование,37.92,0.0,0.3,2.6,11.0,16.1,61.7,51.2,0.563
672,674,маркированность,15.33,0.0,1.0,9.1,17.2,14.1,11.3,3.8,0.2279
673,675,маркированный,48.11,2.4,7.7,30.4,48.1,38.8,42.0,26.3,0.2255
674,676,машинный,46.27,12.0,11.4,51.6,52.7,42.0,27.7,19.3,0.2823
675,677,мегрельский,2.2,1.2,0.3,3.8,14.0,0.2,0.7,0.0,0.7899
676,678,медиадискурс,18.74,0.0,0.0,0.0,0.0,0.9,40.9,28.2,0.7101
677,679,медиатекст,19.35,0.0,0.0,0.0,0.1,2.6,40.3,23.0,0.6551
678,680,междометие,84.31,37.1,29.4,39.7,71.8,72.1,70.1,84.6,0.417
679,681,междометный,15.34,2.4,2.5,7.0,21.5,14.2,10.5,2.8,0.45
680,682,межслоговой,0.92,0.0,0.8,0.5,0.6,1.1,0.4,0.9,0.6695
681,683,межтекстовый,0.33,0.0,0.0,0.0,0.1,0.4,0.3,0.0,0.8855
682,684,местоимение,358.39,234.6,239.4,300.2,273.8,266.9,313.9,314.6,0.2119
683,685,местоименный,68.15,18.0,33.7,74.3,81.4,51.6,51.5,26.8,0.256
684,686,метатеза,6.47,1.2,11.3,9.3,5.2,5.8,2.9,1.4,0.4715
685,687,метафора,663.98,80.2,91.3,133.1,433.6,612.8,585.5,627.7,0.2675
686,688,метафоризация,6.54,4.8,1.5,1.6,4.3,5.6,6.0,7.5,0.3061
687,689,метафорический,287.67,41.9,64.9,85.8,165.9,261.5,252.5,318.8,0.2535
688,690,метафоричность,11.14,3.6,7.4,5.0,7.9,10.2,8.3,14.1,0.2175
689,691,метонимизация,0.48,0.0,0.0,0.3,0.2,0.3,0.6,0.5,0.7015
690,692,метонимический,42.53,4.8,6.0,23.6,32.0,43.1,28.4,39.5,0.2562
691,693,метонимия,44.84,7.2,9.0,20.7,34.0,43.7,32.3,48.9,0.3025
692,694,микрополе,30.1,0.0,0.2,11.0,24.1,36.6,14.9,2.8,0.4479
693,695,микротопонимия,2.08,0.0,0.2,0.8,1.1,1.7,2.1,2.8,0.5365
694,696,микротопонимический,1.19,0.0,0.0,0.1,1.3,1.1,1.0,0.9,0.6858
695,697,микротопоним,20.7,0.0,9.0,11.9,17.6,16.4,18.3,21.2,0.4657
696,698,младописьменный,4.28,2.4,16.5,5.8,3.2,2.9,2.1,0.9,0.4879
697,699,многозначность,80.98,19.1,26.3,71.0,70.7,75.9,53.0,54.1,0.1742
698,700,многоморфемный,0.02,0.0,0.0,0.0,0.0,0.0,0.0,0.0,0.9815
699,701,многоточие,6.08,26.3,7.0,5.3,3.0,5.8,3.5,1.9,0.4088
700,702,многоязычие,22.04,0.0,3.3,11.5,13.6,20.5,16.5,53.1,0.3756
701,703,многоязычный,11.5,1.2,2.6,5.4,6.1,8.9,11.3,24.0,0.3192
702,704,модальность,299.35,6.0,61.4,188.7,294.7,281.2,211.2,145.3,0.2452
703,705,модальный,297.74,35.9,155.9,273.8,331.4,257.5,197.5,178.7,0.2147
704,706,мокшанский,17.9,2.4,2.0,10.0,10.8,12.3,19.2,38.1,0.7086
705,707,молдавский,12.87,4.8,20.7,56.5,11.6,5.4,4.7,17.4,0.5735
706,708,монгольский,161.65,52.7,304.5,179.4,107.3,121.2,114.8,74.8,0.4706
707,709,монолингв,5.09,0.0,1.5,1.5,2.6,3.6,5.9,4.7,0.4823
708,710,монолог,82.44,64.6,46.9,87.8,102.6,70.8,50.2,21.2,0.2509
709,711,монологический,35.54,2.4,6.7,41.5,49.3,31.4,20.8,4.7,0.3159
710,712,монофтонг,6.25,1.2,4.6,3.7,4.8,5.6,4.7,2.4,0.5312
711,713,мордовский,55.38,16.8,24.0,47.5,58.6,47.1,40.2,20.2,0.5653
712,714,морф,1127.91,235.8,615.5,1085.9,1003.3,939.2,825.0,965.7,0.1465
713,715,морфема,140.63,56.2,112.4,172.5,138.6,94.7,110.9,231.3,0.2017
714,716,морфемика,5.91,0.0,0.0,5.1,5.9,5.6,4.0,0.0,0.3974
715,717,морфемный,50.45,3.6,12.1,49.2,48.5,46.5,33.0,24.0,0.2812
716,718,морфологический,382.06,104.1,256.5,394.0,352.9,330.6,253.7,209.2,0.1578
717,719,морфология,288.91,39.5,155.9,239.8,239.2,261.3,202.4,136.8,0.198
718,720,морфонологический,18.97,1.2,4.1,21.0,19.2,13.8,15.3,35.7,0.3778
719,721,морфонология,17.01,0.0,0.8,31.0,14.4,12.5,12.5,18.8,0.3652
720,722,мурманский,2.54,1.2,0.7,1.8,1.1,1.2,3.5,2.4,0.5242
721,723,мягкость,11.75,50.3,13.4,12.2,10.2,8.6,8.2,14.6,0.3502
722,724,надстрочный,4.05,14.4,3.3,3.2,2.6,2.4,4.3,0.5,0.5807
723,725,назализация,2.03,0.0,1.5,2.7,1.7,1.1,1.9,4.7,0.4861
724,726,назальный,1.97,0.0,2.3,1.9,1.6,1.8,1.1,4.7,0.6063
725,727,наклонение,133.72,44.3,205.9,167.7,95.6,88.7,109.1,70.1,0.3188
726,728,наречение,4.62,0.0,5.7,4.3,4.4,3.3,3.5,7.5,0.4136
727,729,наречие,366.35,227.4,301.9,331.8,345.2,293.9,270.9,230.9,0.2116
728,730,наречный,25.56,10.8,13.7,24.3,21.4,22.8,17.3,16.0,0.2572
729,731,нарративный,36.69,0.0,2.6,1.6,20.0,29.8,40.7,18.3,0.3643
730,732,нарратор,2.05,0.0,0.0,0.0,0.0,1.3,2.9,5.2,0.6573
731,733,нахский,0.21,0.0,0.0,0.0,0.3,0.1,0.3,0.0,0.8775
732,734,невербальный,105.62,0.0,3.1,9.4,44.9,95.9,105.6,80.4,0.3117
733,735,невозвратный,3.46,4.8,1.6,1.8,2.1,2.8,3.0,7.1,0.51
734,736,невопросительный,1.65,0.0,0.5,0.9,0.9,1.3,1.6,1.9,0.5764
735,737,негация,0.86,0.0,0.0,0.2,0.3,0.4,1.4,0.0,0.6375
736,738,негласный,0.74,1.2,0.0,0.4,0.6,0.5,0.8,0.9,0.5095
737,739,неграмотность,2.0,13.2,7.4,5.3,1.4,0.7,1.1,0.9,0.5344
738,740,неграмотный,2.92,18.0,8.3,5.2,2.6,1.2,2.1,2.4,0.4551
739,741,нейролингвистика,3.62,0.0,0.0,1.0,3.6,3.3,3.0,2.4,0.3844
740,743,нейропсихологический,1.96,0.0,0.0,0.3,1.3,1.2,2.5,3.8,0.5808
741,744,нейрофизиологический,2.2,0.0,0.0,0.5,2.2,2.1,1.7,2.4,0.4675
742,745,нейрофизиология,1.62,0.0,0.0,0.5,1.6,1.4,1.3,6.6,0.4654
743,746,нейтрализация,25.92,15.6,15.4,29.7,25.2,24.2,14.1,17.4,0.2397
744,747,нейтральный,94.58,149.6,64.9,86.1,71.3,77.2,70.8,95.0,0.14
745,748,нелабиализованный,1.56,0.0,4.2,2.3,0.7,0.7,1.6,0.5,0.6126
746,749,немаркированный,18.49,1.2,4.4,12.4,22.8,13.6,16.5,8.9,0.3655
747,750,неметафорический,2.09,3.6,1.0,1.6,1.4,1.6,1.7,5.2,0.4436
748,751,немецкий,907.35,327.9,181.5,701.7,658.6,830.5,684.7,542.6,0.331
749,752,немецкоязычный,28.01,0.0,0.0,1.8,7.4,17.1,39.9,19.7,0.4947
750,753,ненормативный,18.43,6.0,5.7,7.2,18.0,16.7,14.2,13.6,0.3365
751,754,ненормированный,1.52,10.8,0.8,1.7,0.9,1.3,1.0,0.5,0.4728
752,755,неологизм,107.11,69.4,64.5,62.7,70.3,97.2,79.0,140.6,0.2869
753,757,непредикативный,5.69,1.2,1.6,4.3,5.6,5.8,3.2,1.9,0.3668
754,758,непредметный,3.69,0.0,0.7,2.1,4.0,3.6,2.4,1.4,0.3564
755,759,непродуктивность,1.74,3.6,0.8,1.6,0.9,1.6,1.2,0.5,0.4286
756,760,непродуктивный,11.32,18.0,18.3,8.8,12.3,8.4,7.8,8.0,0.2599
757,761,нереферентный,0.56,0.0,0.0,0.3,0.1,0.4,0.7,0.9,0.7495
758,762,несклоняемый,6.66,6.0,8.5,3.8,5.2,4.2,6.7,2.8,0.5026
759,763,несловарный,0.05,0.0,0.0,0.0,0.0,0.1,0.0,0.0,0.9495
760,764,неспрягаемый,1.43,1.2,1.6,3.0,1.2,0.7,1.1,2.4,0.5189
761,765,нетерминологический,3.68,3.6,2.9,5.3,2.7,3.4,2.0,0.9,0.3203
762,766,нефинитный,0.19,0.0,0.0,0.0,0.3,0.1,0.1,1.9,0.8935
763,767,нефлективность,0.03,0.0,0.0,0.0,0.0,0.1,0.0,0.0,0.9655
764,768,неформальный,16.13,0.0,0.0,0.9,7.3,14.3,15.5,37.1,0.3251
765,769,неэтимологический,0.95,0.0,0.2,0.1,0.7,0.3,1.5,2.8,0.7495
766,770,нивхский,5.56,2.4,3.1,7.0,2.0,4.0,5.2,3.8,0.5952
767,771,нидерландский,9.88,9.6,1.3,1.7,6.3,6.9,11.3,14.1,0.4763
768,772,новогреческий,12.18,9.6,1.3,5.5,6.9,7.6,15.3,2.8,0.585
769,773,новозеландский,3.18,0.0,0.0,0.0,1.2,0.5,6.3,0.5,0.8107
770,774,новороссийский,0.68,2.4,1.8,1.1,0.6,0.4,0.4,0.9,0.6665
771,775,новосибирский,13.87,12.0,4.7,9.9,9.9,10.1,13.5,9.9,0.2281
772,776,номинализация,5.98,0.0,0.8,3.9,4.3,3.5,6.7,16.9,0.4135
773,777,номинативный,219.87,26.3,48.2,146.8,211.0,212.8,144.8,131.7,0.2069
774,778,номинация,484.96,8.4,20.6,311.5,404.2,468.6,349.8,252.0,0.2133
775,779,норвежский,10.16,3.6,4.7,8.9,4.5,8.7,7.2,38.6,0.439
776,780,нормандский,1.18,0.0,0.2,0.1,0.4,1.0,1.3,0.9,0.6837
777,781,носовой,10.27,41.9,19.4,12.0,6.6,5.2,9.6,10.8,0.3911
778,782,обозначение,291.66,284.8,228.9,238.0,246.4,242.4,213.0,275.1,0.0965
779,783,оборот,256.51,493.1,355.5,289.4,232.0,189.4,173.5,258.6,0.1615
780,784,обособление,15.09,12.0,18.6,28.1,12.4,12.0,8.1,2.8,0.3205
781,785,обособленность,3.21,6.0,4.6,3.7,2.9,2.4,2.0,2.8,0.3035
782,786,обособленный,26.81,26.3,40.8,42.1,25.4,20.9,14.4,13.6,0.3273
783,787,обращение,581.69,135.2,143.9,172.5,221.6,263.5,830.0,1640.5,0.3644
784,788,обрусение,0.64,1.2,0.7,0.5,0.8,0.2,0.8,1.4,0.6935
785,789,обстоятельный,6.53,10.8,21.4,13.0,6.7,3.4,3.4,3.8,0.3104
786,790,обстоятельственный,44.53,8.4,23.7,55.1,47.4,38.6,27.2,16.5,0.2752
787,791,обстоятельство,150.14,114.9,160.4,177.4,172.0,106.5,107.7,103.4,0.1759
788,792,обсценный,3.31,0.0,0.0,0.0,3.4,2.9,3.0,4.2,0.4803
789,793,общеиндоевропейский,3.17,1.2,1.5,2.6,3.7,2.7,2.2,0.9,0.419
790,794,общелингвистический,11.87,2.4,5.4,14.0,10.2,11.1,7.0,5.6,0.2372
791,795,общеразговорный,0.79,1.2,1.6,0.7,0.7,0.8,0.3,0.0,0.6025
792,796,общеупотребительный,41.78,40.7,33.8,47.0,28.9,36.4,27.9,15.5,0.1903
793,797,огласовка,7.86,4.8,22.4,11.3,5.8,3.8,6.2,13.6,0.4825
794,798,оглушение,3.91,2.4,10.5,3.9,2.5,2.9,2.5,4.2,0.4215
795,799,оговорка,154.12,137.6,163.9,97.5,121.2,113.0,135.9,120.8,0.2148
796,800,огубленный,2.85,1.2,4.4,1.0,3.9,1.7,2.3,10.3,0.6776
797,801,огузский,1.59,0.0,11.1,4.7,0.9,0.5,0.4,0.0,0.7132
798,804,одноморфемный,0.02,0.0,0.0,0.0,0.0,0.0,0.0,0.0,0.9815
799,805,одушевление,2.49,3.6,2.8,2.1,2.5,2.0,1.6,4.2,0.3511
800,806,озвончение,3.91,3.6,13.4,4.8,1.6,1.2,4.3,1.9,0.5253
801,807,озвучивание,3.14,0.0,0.0,0.4,2.3,2.2,3.4,10.3,0.5517
802,808,означаемое,4.68,0.0,1.6,5.0,5.4,3.4,3.7,7.5,0.3002
803,809,означающее,0.79,0.0,1.0,0.6,0.7,0.6,0.5,4.2,0.5255
804,810,оканье,7.39,26.3,18.1,7.7,4.9,4.2,6.2,4.7,0.5016
805,811,окказионализм,36.15,23.9,10.0,20.6,33.3,33.6,26.5,11.8,0.3809
806,812,окказиональный,111.88,28.7,17.6,75.4,86.2,111.9,76.1,25.9,0.3292
807,813,окончание,88.71,406.9,150.0,92.3,74.0,51.1,74.1,92.2,0.37
808,814,оксюморон,9.65,1.2,3.9,6.0,12.6,7.2,8.3,2.8,0.3355
809,815,олицетворение,19.97,14.4,18.3,10.3,45.3,16.2,9.6,19.3,0.3803
810,816,омограф,7.84,0.0,3.4,8.5,14.6,6.5,4.2,2.4,0.5707
811,817,омоним,200.68,82.6,196.1,208.6,143.8,183.5,123.0,87.5,0.2463
812,818,омонимичный,24.5,16.8,19.8,21.6,15.7,22.0,17.1,12.2,0.2815
813,819,омонимия,95.39,26.3,49.8,99.1,62.9,89.8,62.4,29.2,0.2463
814,820,омофон,4.73,6.0,5.7,2.3,4.0,2.9,4.9,2.8,0.4293
815,821,омофония,0.81,1.2,0.5,0.5,0.7,0.8,0.5,1.4,0.6775
816,822,омоформа,2.54,2.4,4.4,0.8,2.2,1.4,2.8,0.9,0.5829
817,823,онимизации,7.13,0.0,1.1,3.7,6.7,6.2,5.5,14.1,0.3102
818,824,онимический,361.07,111.3,169.1,336.1,345.2,326.1,233.6,259.1,0.1759
819,825,ономастика,183.24,12.0,51.1,75.9,138.8,160.2,156.1,196.5,0.276
820,826,ономастический,91.18,2.4,11.3,22.8,46.0,75.9,90.4,155.2,0.2938
821,827,ономатопея,3.22,0.0,1.1,0.7,2.8,1.8,4.2,1.4,0.5451
822,828,ономатопоэтический,1.53,0.0,1.1,0.8,0.9,0.9,1.9,0.0,0.5447
823,829,онтолингвистика,0.26,0.0,0.0,0.0,0.0,0.2,0.4,0.0,0.8375
824,830,оптатив,17.86,0.0,8.7,10.8,14.0,14.7,15.6,8.0,0.5029
825,831,оптативный,7.55,0.0,2.6,7.4,8.6,6.4,5.3,0.5,0.5723
826,832,орографический,1.28,3.6,1.1,1.9,3.0,0.9,0.4,1.9,0.6604
827,833,оронимический,0.01,0.0,0.0,0.0,0.0,0.0,0.0,0.0,0.9815
828,834,орфограмма,3.5,13.2,2.8,0.9,2.1,2.9,2.9,5.2,0.6309
829,835,орфографический,83.31,293.2,83.8,50.4,64.6,58.6,71.5,129.8,0.2726
830,836,орфография,107.52,302.8,143.8,75.7,79.5,73.6,90.6,165.5,0.2808
831,837,орфоэпический,18.83,29.9,20.7,21.5,20.5,14.1,12.6,13.6,0.3248
832,838,орфоэпия,11.23,46.7,23.7,11.0,10.4,9.1,5.9,1.9,0.3258
833,839,осетинский,46.14,16.8,25.0,33.4,9.2,39.0,42.9,32.9,0.5317
834,840,основосложение,1.63,0.0,0.5,1.5,1.1,1.8,0.9,0.0,0.6172
835,841,отрицание,183.26,47.9,66.8,173.4,179.4,117.7,178.3,176.8,0.2905
836,842,оценочность,20.81,0.0,0.3,9.5,18.4,20.3,15.5,9.4,0.2378
837,843,оценочный,332.68,38.3,37.3,184.2,283.2,310.1,257.8,132.6,0.2275
838,844,падеж,509.13,658.2,764.9,579.7,450.9,321.3,423.5,260.5,0.2565
839,845,падежный,132.6,38.3,125.5,136.4,117.0,94.8,110.6,65.4,0.2513
840,846,палатализация,7.96,0.0,7.7,4.8,6.6,4.5,8.9,6.1,0.4665
841,847,палатализованный,4.95,0.0,7.7,2.9,2.9,1.8,6.8,2.4,0.6018
842,848,палатальность,0.91,0.0,0.8,1.6,0.4,0.5,0.9,0.5,0.6265
843,849,палатальный,7.16,1.2,8.2,6.4,8.4,2.9,8.3,5.6,0.5252
844,850,парадигма,524.96,20.3,125.1,290.3,459.7,472.9,410.4,376.6,0.1672
845,851,парадигматически,104.97,0.0,27.6,117.0,121.6,95.7,61.1,71.0,0.2135
846,853,параллелизм,36.32,28.7,42.2,31.7,44.2,26.5,26.9,18.8,0.2339
847,854,парафраз,7.2,0.0,0.8,3.3,4.0,7.7,4.2,20.2,0.508
848,855,паремиологический,1.62,0.0,0.0,0.0,0.7,1.2,2.0,2.4,0.5344
849,856,паремический,0.31,0.0,0.0,0.0,0.1,0.2,0.4,0.0,0.9015
850,857,паремия,77.91,0.0,1.5,6.2,33.5,50.2,90.7,380.4,0.4097
851,859,пароним,34.2,18.0,6.0,27.4,21.9,34.5,22.6,11.3,0.4558
852,860,паронимический,7.41,2.4,0.8,3.8,4.5,7.3,5.6,4.2,0.4076
853,861,паронимия,9.01,1.2,0.5,8.7,5.3,9.0,6.1,2.8,0.4882
854,862,парономазия,1.97,0.0,0.3,1.1,2.4,1.9,1.3,0.5,0.5001
855,863,партитивный,7.61,0.0,2.1,2.7,3.1,5.5,8.9,1.4,0.4991
856,864,парцелляция,22.96,0.0,10.5,23.7,16.9,21.9,14.6,6.6,0.4526
857,865,пассив,116.24,33.5,61.1,138.4,72.7,84.7,102.6,79.9,0.2829
858,866,пассивизация,2.86,0.0,0.2,1.5,3.4,2.4,2.2,5.2,0.5931
859,867,пассивный,70.05,23.9,43.5,91.8,43.8,51.2,59.4,39.0,0.2571
860,868,патетика,1.09,9.6,4.7,1.6,0.9,0.6,0.4,0.0,0.551
861,869,патетический,2.2,10.8,8.2,4.4,1.4,1.4,0.9,0.0,0.5002
862,870,пациенс,13.24,0.0,2.0,5.3,7.5,9.7,14.3,20.7,0.457
863,871,пейоративный,12.02,0.0,0.0,1.8,7.5,11.0,11.4,5.2,0.3759
864,872,пензенский,7.21,25.1,15.5,7.3,7.0,4.0,6.0,3.8,0.31
865,873,перевод,1642.44,557.7,710.2,901.9,896.5,1439.0,1367.2,2304.4,0.2706
866,874,переводной,26.18,31.1,12.7,20.6,18.5,21.3,21.1,37.6,0.2284
867,875,переводный,44.94,25.1,19.4,36.5,32.9,37.6,35.5,53.1,0.2023
868,876,переводоведение,11.08,0.0,0.2,0.4,0.8,10.3,11.4,18.8,0.5204
869,877,переводческий,97.72,1.2,15.5,32.8,34.3,95.6,82.4,110.5,0.4231
870,878,переводчик,150.84,51.5,77.0,82.8,84.3,132.8,121.7,238.4,0.2975
871,879,переднеязычный,7.38,1.2,8.3,10.7,5.9,5.2,5.5,5.6,0.5254
872,880,переходный,109.4,33.5,99.5,89.4,75.1,80.3,97.3,90.7,0.2523
873,881,переходность,47.41,0.0,23.7,45.9,30.6,49.7,26.0,10.8,0.2945
874,882,переходный,109.4,33.5,99.5,89.4,75.1,80.3,97.3,90.7,0.2523
875,883,периферийный,73.06,12.0,17.0,35.2,66.2,69.1,51.2,103.4,0.1871
876,884,периферия,94.09,6.0,9.3,32.8,69.1,96.0,67.7,75.2,0.1941
877,885,пермяцкий,17.77,1.2,2.5,1.2,31.0,10.9,19.2,7.5,0.7217
878,886,персидский,87.27,22.7,217.0,140.7,55.5,44.2,72.4,74.8,0.4616
879,887,перфект,255.43,9.6,53.8,89.9,107.9,116.4,374.3,380.4,0.4943
880,888,перфектив,87.19,2.4,8.8,10.4,20.9,24.8,153.7,182.0,0.6396
881,889,перфективный,36.79,0.0,4.9,5.9,7.4,10.2,66.1,50.8,0.6375
882,890,перфектный,27.56,0.0,2.6,22.2,22.0,15.8,32.5,19.7,0.4765
883,891,перцептивный,4.19,1.2,0.2,0.2,1.4,3.5,4.8,1.9,0.3965
884,892,пиджин,10.46,1.2,0.0,1.7,1.9,11.1,9.0,3.8,0.6598
885,893,пиктограмма,0.78,0.0,0.3,0.0,0.3,0.9,0.5,0.5,0.6855
886,894,письменность,183.46,179.5,336.6,220.9,174.1,125.6,128.7,89.3,0.2558
887,895,плеоназм,5.41,4.8,4.7,8.7,3.0,3.4,4.9,1.4,0.5503
888,896,плеонастический,2.45,3.6,1.6,4.7,1.1,1.4,2.3,0.9,0.5547
889,897,плюсквамперфект,27.36,0.0,4.6,10.1,9.7,18.3,31.9,68.6,0.6377
890,898,повествовательный,67.76,20.3,30.2,58.8,75.8,61.9,43.1,10.8,0.2231
891,899,поговорка,138.87,113.7,146.2,87.0,110.1,101.8,122.9,104.4,0.2503
892,900,поговорочный,4.36,0.0,2.6,0.5,3.0,4.5,3.0,4.2,0.4623
893,901,подговор,4.52,0.0,6.4,9.1,1.2,3.1,3.4,1.4,0.6578
894,902,подкорпус,8.96,0.0,0.0,0.0,0.0,2.0,15.5,61.6,0.7006
895,903,подлежащее,128.44,117.3,128.6,145.7,117.2,93.9,96.0,121.8,0.2937
896,904,подтекст,38.95,38.3,11.1,22.0,49.0,33.2,28.0,42.3,0.3441
897,905,подтекстовый,4.56,0.0,0.7,1.6,4.5,3.6,4.2,8.5,0.4576
898,906,подчинение,36.75,7.2,51.3,33.6,38.5,31.5,21.6,18.3,0.2255
899,907,подчинительный,36.32,23.9,35.5,30.1,40.5,34.1,19.5,11.3,0.2749
900,908,позднеантичный,0.73,0.0,0.0,0.2,0.3,0.7,0.7,0.0,0.7575
901,909,полилексемный,0.05,0.0,0.0,0.0,0.1,0.1,0.0,0.0,0.9735
902,910,полилингвизм,2.55,0.0,0.2,0.1,0.4,2.1,2.9,2.8,0.5053
903,911,полилог,11.12,0.0,0.2,0.7,21.6,8.4,9.7,2.4,0.5186
904,912,полипредикативность,1.83,0.0,0.0,0.5,4.2,1.8,0.8,1.4,0.4767
905,913,полисемия,93.1,12.0,18.6,81.5,72.0,80.5,70.2,134.5,0.2209
906,914,полисинтетический,1.96,0.0,1.8,0.7,0.9,1.0,1.2,35.3,0.6572
907,915,полногласие,4.44,9.6,5.2,2.0,5.5,4.4,2.1,0.9,0.5296
908,916,полупредикативный,0.23,0.0,0.2,0.6,0.2,0.2,0.1,0.0,0.8375
909,917,полупредикативность,0.44,0.0,0.5,0.6,0.2,0.2,0.5,0.0,0.8135
910,918,помета,22.85,61.0,40.2,31.9,19.6,15.8,14.5,20.2,0.3568
911,919,порождение,98.03,4.8,5.7,37.3,90.3,96.6,71.7,49.4,0.2165
912,920,португальский,13.0,10.8,2.8,17.0,17.5,8.3,9.7,37.6,0.5244
913,921,посессив,65.44,0.0,35.5,41.4,35.0,44.4,68.6,110.0,0.4655
914,922,посессивность,3.3,0.0,0.0,1.4,2.2,2.0,3.8,10.8,0.4921
915,923,посессивный,42.72,0.0,33.2,27.2,23.2,27.3,45.8,68.6,0.4717
916,924,посессор,19.68,0.0,0.0,1.7,4.6,14.1,21.8,98.7,0.6817
917,925,послелог,72.46,0.0,105.2,94.0,49.0,48.3,60.9,16.5,0.5007
918,926,послеложный,0.08,0.0,0.0,0.0,0.0,0.1,0.1,0.0,0.9335
919,927,послесловие,7.62,1.2,3.6,5.8,7.1,6.0,6.4,5.2,0.2478
920,928,пословица,262.94,185.5,227.1,126.7,178.5,209.7,230.6,253.0,0.2494
921,929,пословичный,21.87,9.6,7.7,5.2,13.4,19.4,19.7,17.4,0.4284
922,930,постфикс,7.22,0.0,11.1,2.0,11.2,5.3,5.5,2.4,0.4528
923,931,прагерманский,1.31,2.4,0.2,0.0,0.5,0.3,2.5,0.5,0.7183
924,932,прагмалингвистика,2.97,0.0,0.0,1.2,1.7,2.4,3.1,0.9,0.438
925,933,прагматика,237.09,0.0,0.5,49.5,248.3,249.5,157.3,112.4,0.2995
926,934,прагматический,598.88,0.0,2.0,162.8,506.9,598.0,454.4,358.7,0.2743
927,935,прагматичность,1.56,0.0,0.0,0.3,2.2,1.5,1.1,0.0,0.4894
928,936,праиндоевропейский,0.46,0.0,0.0,0.1,0.3,0.2,0.7,0.0,0.7815
929,937,праформа,0.97,1.2,1.5,1.1,1.5,0.3,1.1,0.0,0.5575
930,938,праязык,20.07,4.8,39.0,25.5,15.5,13.6,13.9,30.6,0.3768
931,939,праязыковой,5.12,0.0,9.1,4.2,3.9,3.2,3.8,25.4,0.4853
932,940,преверб,21.72,0.0,1.3,7.9,23.9,9.9,26.8,81.3,0.6035
933,941,предикат,588.61,46.7,194.4,549.0,694.3,490.8,411.8,484.3,0.1761
934,942,предикатив,264.43,40.7,129.2,304.5,337.1,215.3,172.6,108.1,0.1899
935,943,предикативность,38.62,3.6,29.9,49.0,55.3,30.9,22.5,9.4,0.2836
936,944,предикативный,154.68,35.9,84.5,204.1,200.8,127.2,92.5,45.6,0.1988
937,945,предикатный,43.44,0.0,16.0,50.2,55.4,40.0,23.2,18.3,0.2712
938,946,предикация,53.23,0.0,10.0,41.5,47.0,45.3,42.7,37.1,0.3002
939,947,предлог,238.78,276.5,136.3,220.4,146.3,187.7,203.5,155.6,0.2422
940,948,предложение,2092.43,1013.7,1634.0,2607.7,2564.9,1808.5,1135.5,683.6,0.1645
941,949,предложный,99.87,95.7,40.0,142.1,76.8,78.0,74.9,40.4,0.2679
942,950,презенс,27.0,1.2,2.1,18.1,23.0,13.9,30.4,112.4,0.4915
943,951,прескриптивный,0.52,0.0,0.0,0.0,0.6,0.3,0.6,0.9,0.6775
944,952,пресуппозиция,49.92,0.0,1.8,49.0,56.6,49.7,27.3,21.2,0.3165
945,953,префикс,127.15,18.0,27.4,114.1,111.9,97.7,109.3,141.5,0.2652
946,954,префиксальный,36.25,3.6,6.2,34.5,35.7,30.8,27.2,18.3,0.2748
947,955,префиксоид,3.07,0.0,0.0,1.6,0.9,3.1,2.4,2.8,0.5949
948,956,привативный,4.78,0.0,4.1,6.8,6.4,3.4,3.2,0.9,0.3788
949,957,придаточный,143.44,35.9,210.4,186.3,141.4,116.0,82.6,55.0,0.2658
950,958,придыхательный,3.24,7.2,3.4,1.5,2.5,2.1,3.4,0.0,0.5523
951,959,призвук,1.4,1.2,2.9,1.3,0.7,0.7,1.2,7.5,0.633
952,960,прилагательное,326.85,330.3,321.9,376.3,329.0,254.8,221.7,179.1,0.1653
953,961,прилагательный,303.25,283.6,251.3,353.6,304.5,251.1,194.5,115.2,0.1633
954,962,приставка,92.98,185.5,82.2,62.6,88.8,61.4,84.2,130.7,0.3335
955,963,приставочный,37.75,27.5,16.7,22.5,37.3,25.8,35.3,72.4,0.4175
956,964,притяжательность,0.52,0.0,0.0,0.4,0.9,0.4,0.4,0.9,0.7545
957,965,притяжательный,46.2,7.2,69.6,49.1,50.6,27.5,39.6,29.6,0.3716
958,966,причастный,88.8,59.8,108.6,128.5,82.3,60.6,63.0,98.7,0.3245
959,967,прогрессив,25.99,26.3,40.7,32.1,13.9,14.4,25.3,20.7,0.3807
960,968,проза,365.67,262.1,178.9,315.3,308.0,336.6,247.0,98.7,0.2081
961,969,прозаизм,0.62,3.6,1.8,0.5,1.2,0.3,0.4,0.0,0.7495
962,970,прозаический,57.46,26.3,35.5,53.7,48.5,54.3,35.6,13.2,0.2083
963,971,проклитика,1.51,0.0,0.3,0.9,1.0,0.8,2.0,0.0,0.576
964,972,прономинализация,2.22,0.0,0.8,2.7,1.1,1.7,1.6,9.9,0.4703
965,973,прономинативный,0.01,0.0,0.0,0.0,0.0,0.0,0.0,0.0,0.9815
966,974,пропозиция,66.74,0.0,0.7,26.8,80.6,62.8,48.3,33.9,0.262
967,975,просодика,4.47,0.0,0.8,5.1,5.5,3.2,3.7,0.5,0.4367
968,976,просодический,109.11,3.6,6.9,81.2,107.5,98.6,80.1,77.1,0.402
969,977,просодия,41.15,2.4,2.6,34.5,40.5,39.1,26.1,48.0,0.4082
970,978,просторечие,65.8,129.3,52.8,36.9,76.0,68.8,29.6,21.6,0.303
971,979,просторечный,53.08,146.0,83.8,50.9,54.6,47.8,24.8,20.2,0.2736
972,980,протограф,4.54,0.0,0.3,1.3,2.0,3.0,5.9,0.0,0.5962
973,981,прототип,106.36,9.6,23.4,15.4,87.6,100.4,86.4,115.2,0.2426
974,982,прототипический,3.15,0.0,0.0,0.0,2.2,3.3,2.5,1.9,0.4084
975,983,профессионализм,18.68,18.0,7.7,8.8,9.1,16.3,16.9,5.6,0.3273
976,984,психолингвист,481.21,14.4,4.6,74.9,266.0,423.6,481.4,283.5,0.3265
977,985,психолингвистика,250.66,9.6,2.0,30.2,111.5,192.1,295.1,148.6,0.361
978,986,психолингвистический,210.6,0.0,2.3,42.5,143.0,213.3,168.0,103.9,0.3073
979,987,письменность,183.46,179.5,336.6,220.9,174.1,125.6,128.7,89.3,0.2558
980,988,пунктуационный,25.91,22.7,19.0,11.8,22.8,24.0,18.6,3.3,0.413
981,989,пунктуация,65.83,114.9,42.5,44.1,70.2,64.9,36.0,15.5,0.3415
982,990,разговорный,438.97,860.5,403.4,504.4,456.5,388.7,231.3,260.9,0.1605
983,991,разметка,21.75,0.0,0.5,0.5,0.9,18.1,24.8,46.1,0.6673
984,992,раннебалканский,0.21,0.0,0.0,0.3,0.3,0.1,0.2,0.0,0.8295
985,993,раннехристианский,1.63,0.0,0.2,0.2,0.6,1.5,1.6,0.9,0.6051
986,994,регионализм,7.24,0.0,0.3,2.7,9.3,7.4,4.2,8.5,0.5281
987,995,редукция,29.73,6.0,33.3,32.9,21.1,20.2,24.8,48.9,0.2818
988,996,редупликация,28.39,0.0,2.3,15.1,9.2,15.8,38.1,39.0,0.5255
989,997,редуцированный,21.64,76.6,13.9,14.6,12.3,13.6,22.5,26.8,0.3543
990,998,результатив,57.91,2.4,14.7,31.5,44.7,43.8,57.0,47.0,0.3525
991,999,реконструкция,114.94,12.0,59.8,66.9,104.2,94.5,95.8,81.3,0.1547
992,1000,релятивизация,4.79,0.0,0.0,0.3,0.5,2.5,7.0,17.4,0.699
993,1001,релятивизм,1.12,0.0,0.0,0.1,0.6,0.7,1.4,2.4,0.5429
994,1002,реляционный,18.83,1.2,2.5,18.9,16.9,16.3,13.7,16.9,0.3046
995,1003,рема,98.58,83.8,51.8,91.1,98.8,87.2,63.3,81.3,0.2103
996,1004,рематический,1.57,0.0,0.0,1.1,3.4,1.4,0.8,0.5,0.5678
997,1005,референт,114.22,2.4,6.9,62.1,103.6,93.7,100.7,134.9,0.245
998,1006,референтность,6.14,0.0,0.0,4.9,5.2,4.2,6.3,6.6,0.4763
999,1007,референтный,29.14,0.0,0.3,20.1,26.7,24.7,24.1,31.5,0.2462
1000,1008,референциальный,49.05,0.0,0.7,14.3,34.8,41.6,48.2,23.0,0.2719
1001,1009,референция,78.47,0.0,0.2,37.5,82.4,68.4,64.2,65.8,0.2159
1002,1010,реферирование,5.89,3.6,2.3,6.4,4.4,6.0,3.2,0.9,0.4252
1003,1011,рефлексивизация,0.14,0.0,0.0,0.0,0.7,0.0,0.1,0.0,0.9175
1004,1012,рефлексивный,23.74,0.0,3.1,5.5,14.9,20.8,22.5,20.7,0.3955
1005,1013,рефлексия,47.98,3.6,1.3,2.6,36.0,45.4,42.7,27.7,0.33
1006,1014,реципиент,79.86,0.0,0.2,8.6,44.3,79.4,68.9,56.0,0.3434
1007,1015,реципрок,5.69,0.0,0.0,2.3,8.3,4.1,5.3,4.2,0.577
1008,1016,речевой,1836.78,627.1,255.5,640.6,1441.7,1797.8,1411.1,715.6,0.2273
1009,1017,речевосприятие,0.07,0.0,0.0,0.0,0.1,0.1,0.0,0.0,0.9335
1010,1018,речеобразование,0.04,0.0,0.0,0.0,0.0,0.1,0.0,0.0,0.9575
1011,1019,речеповеденческий,0.07,0.0,0.0,0.0,0.0,0.1,0.0,0.0,0.9415
1012,1020,речепорождение,0.31,0.0,0.0,0.1,0.0,0.2,0.4,0.0,0.8455
1013,1021,речепроизводство,0.56,0.0,0.0,0.0,0.1,0.4,0.7,0.5,0.6615
1014,1022,речь,3301.38,4447.3,2194.7,2725.1,3274.6,2900.9,2174.1,1842.6,0.0972
1015,1023,риторика,155.34,85.0,13.4,33.2,134.3,159.1,112.0,72.9,0.3028
1016,1024,рифма,43.32,118.5,117.5,46.6,29.5,35.0,22.2,8.0,0.4074
1017,1025,рифмовка,3.12,3.6,8.7,4.8,1.6,2.1,1.9,3.8,0.4461
1018,1026,родительный,56.93,290.8,114.9,94.7,52.5,31.2,39.2,33.4,0.3252
1019,1027,родовой,46.74,43.1,51.8,53.0,47.3,36.3,30.2,55.5,0.2125
1020,1028,романистика,8.31,0.0,0.5,3.9,3.2,5.4,10.4,7.5,0.4141
1021,1029,румынский,20.48,15.6,19.9,7.4,9.1,15.6,19.4,39.5,0.5552
1022,1030,русизм,11.79,6.0,13.6,9.2,7.3,9.1,10.2,1.9,0.4441
1023,1031,русистика,75.99,8.4,8.5,21.4,59.5,77.9,55.3,36.2,0.2832
1024,1032,русификация,2.31,6.0,1.6,1.6,2.2,1.5,2.2,2.4,0.413
1025,1033,русский,10265.3,6674.5,5095.8,7085.4,8691.4,9428.7,7230.3,5153.2,0.1541
1026,1034,русскоязычный,80.6,0.0,0.0,5.2,31.4,59.9,97.3,99.2,0.3023
1027,1035,рязанский,26.17,25.1,26.1,25.0,33.1,15.7,23.4,10.8,0.37
1028,1036,саамский,16.9,2.4,8.2,3.1,14.5,8.4,22.7,15.0,0.5655
1029,1037,санскрит,12.84,8.4,15.7,10.2,8.3,9.3,11.4,7.1,0.4103
1030,1038,санскритский,3.65,3.6,6.5,2.8,2.8,2.6,3.0,1.4,0.468
1031,1039,сапиентема,0.02,0.0,0.0,0.0,0.0,0.0,0.0,0.5,0.9735
1032,1040,сарказм,5.69,7.2,5.7,3.5,2.3,4.4,5.0,10.3,0.341
1033,1041,саркастический,1.97,4.8,2.5,0.8,1.3,1.2,1.9,5.2,0.4885
1034,1042,сатирический,21.22,99.3,47.5,35.8,16.6,15.3,10.5,3.3,0.331
1035,1043,сверхкраткий,0.84,2.4,1.5,0.5,0.3,0.4,1.0,1.4,0.6455
1036,1044,североамериканский,1.98,1.2,0.5,0.5,1.1,1.1,2.7,1.9,0.5004
1037,1045,северокавказский,7.02,0.0,3.9,6.2,11.1,4.8,5.6,2.8,0.5047
1038,1046,сегмент,118.38,10.8,16.0,93.1,79.3,115.4,82.1,95.0,0.2342
1039,1047,сегментация,16.61,0.0,3.6,12.3,18.9,16.4,9.8,7.1,0.3095
1040,1048,сегментирование,0.98,0.0,0.0,1.0,1.4,0.9,0.6,0.0,0.5705
1041,1049,сельджукский,1.37,0.0,16.7,3.7,0.3,0.1,0.1,0.0,0.8096
1042,1050,сема,6184.14,391.3,1013.0,4620.2,5698.5,5910.8,4166.8,3634.5,0.1565
1043,1051,семантема,5.29,0.0,0.7,3.8,3.2,2.9,6.7,4.7,0.507
1044,1052,семантизация,6.21,0.0,1.1,5.5,7.5,5.3,4.5,0.5,0.2298
1045,1053,семантика,1989.47,81.4,213.5,1076.1,1779.8,1971.0,1371.8,1056.0,0.1822
1046,1054,семантический,3085.42,232.2,567.4,2654.5,2950.5,2951.0,1983.2,1465.1,0.173
1047,1055,семасиология,44.91,8.4,12.1,56.2,46.0,44.7,22.0,12.7,0.2747
1048,1056,семашический,0.02,0.0,0.0,0.0,0.0,0.0,0.0,0.0,0.9735
1049,1057,семема,23.08,0.0,5.2,28.6,23.1,21.7,13.3,6.1,0.3977
1050,1058,семиология,8.0,0.0,0.0,2.7,5.2,7.9,6.6,2.4,0.3328
1051,1059,семиотика,195.79,0.0,3.8,34.4,133.6,185.0,174.6,76.6,0.2761
1052,1060,семиотический,127.75,0.0,2.3,29.9,88.0,116.2,116.6,81.3,0.2548
1053,1061,сенсорный,15.78,0.0,0.0,3.9,7.6,15.1,13.3,30.6,0.362
1054,1062,сентенциальный,18.68,0.0,0.0,2.7,6.8,9.2,26.8,58.8,0.6599
1055,1063,сентенция,5.94,1.2,1.8,2.1,3.3,6.6,3.7,4.7,0.3973
1056,1064,сербохорватский,10.03,4.8,1.0,28.6,9.4,5.1,7.7,9.9,0.4774
1057,1065,сербский,26.12,13.2,21.9,9.7,14.9,13.5,32.3,55.5,0.4516
1058,1066,сербскохорватский,2.95,46.7,12.4,3.8,3.8,1.3,1.2,0.5,0.538
1059,1067,сибилянт,3.44,1.2,0.5,1.7,0.9,0.5,6.2,10.3,0.7546
1060,1068,сигматический,1.8,0.0,0.0,0.8,3.3,1.6,1.2,0.0,0.7205
1061,1069,сигнификат,23.38,0.0,1.6,26.1,34.1,20.7,13.2,20.2,0.2718
1062,1070,сигнификативный,2.27,0.0,0.2,3.3,3.4,2.2,1.0,0.0,0.3834
1063,1071,силлабический,4.8,4.8,10.5,6.6,4.0,2.6,4.1,0.0,0.534
1064,1072,силлогизм,5.55,1.2,0.3,0.8,8.5,7.3,1.3,0.0,0.6349
1065,1073,симплока,0.51,0.0,0.0,0.0,0.3,0.7,0.2,0.0,0.8455
1066,1074,сингармонизм,11.44,1.2,32.2,18.9,11.7,6.7,6.8,11.3,0.4928
1067,1075,синекдоха,4.26,3.6,2.5,2.6,4.6,3.9,2.3,13.6,0.3391
1068,1076,синкопа,1.37,1.2,1.0,1.2,2.0,1.0,1.0,0.9,0.5642
1069,1077,синкретизм,37.24,0.0,6.2,12.2,28.2,38.6,26.1,23.0,0.3328
1070,1078,синомия,0.02,0.0,0.0,0.0,0.1,0.0,0.0,0.0,0.9735
1071,1079,синоним,694.83,342.3,377.6,736.7,703.3,641.5,402.9,312.2,0.1958
1072,1080,синонимический,171.96,68.2,79.7,183.8,177.4,169.6,87.7,56.0,0.2369
1073,1081,синонимичный,48.43,25.1,49.2,57.6,44.0,36.9,33.4,58.8,0.1749
1074,1082,синонимия,159.01,32.3,34.8,180.5,192.2,152.0,84.6,30.6,0.2718
1075,1083,синтагма,190.37,8.4,50.5,233.4,206.9,180.2,103.4,64.4,0.2106
1076,1084,синтаксема,3.26,0.0,0.2,11.3,4.8,2.4,1.0,0.0,0.5858
1077,1085,синтаксис,766.02,166.4,316.6,832.6,912.0,711.7,423.4,227.6,0.2064
1078,1086,синтаксист,2.5,1.2,3.3,3.1,2.8,2.0,1.3,2.4,0.3801
1079,1087,синтаксический,1130.23,344.7,553.4,1354.0,1272.5,992.6,668.9,489.0,0.1558
1080,1088,синтетизм,3.51,0.0,0.5,0.7,2.1,2.7,2.9,24.4,0.5172
1081,1089,синтетический,37.54,79.0,29.7,32.8,37.3,28.7,27.1,58.3,0.2518
1082,1090,синхронический,19.96,4.8,7.8,16.7,18.1,16.6,15.7,12.2,0.1897
1083,1091,синхрония,50.99,3.6,6.9,36.6,49.9,46.9,37.0,19.3,0.2121
1084,1092,сирийский,4.77,1.2,15.0,5.9,2.7,2.3,4.4,0.9,0.5072
1085,1093,сирконстант,10.44,0.0,0.0,8.2,6.9,8.6,9.2,12.7,0.4127
1086,1094,сказуемое,167.08,119.7,278.1,292.6,203.2,107.1,102.1,48.0,0.2839
1087,1095,скандинавский,14.53,7.2,6.0,11.5,11.0,12.7,11.1,8.5,0.3825
1088,1096,склонение,78.52,156.8,103.4,77.3,77.9,55.6,58.3,59.7,0.3163
1089,1097,славистика,10.6,2.4,8.3,6.0,8.2,8.3,9.4,5.2,0.2695
1090,1098,славянизм,21.74,77.8,39.5,13.2,34.9,15.5,13.3,6.1,0.4295
1091,1099,славянский,875.62,825.8,596.5,616.2,830.0,685.8,716.3,546.8,0.1793
1092,1100,сленг,84.79,1.2,0.2,4.9,33.8,96.1,63.6,20.7,0.424
1093,1101,сленгизм,5.53,0.0,0.0,0.2,1.6,6.3,4.3,0.5,0.6265
1094,1102,сленговый,10.87,1.2,0.0,0.2,1.8,13.9,6.7,3.8,0.5348
1095,1103,словарный,319.07,213.0,235.4,288.3,274.9,273.8,221.5,221.9,0.1048
1096,1104,словарь,3561.97,2448.6,2285.7,2202.7,2541.8,3120.6,2791.7,1974.8,0.1044
1097,1105,словацкий,24.24,31.1,39.2,25.3,17.0,19.9,15.6,9.9,0.3318
1098,1106,словенский,13.19,16.8,8.0,6.6,14.8,8.9,11.1,46.1,0.4526
1099,1107,словесность,105.75,73.0,37.1,47.7,61.1,100.3,85.1,31.0,0.2376
1100,1108,словесный,177.64,165.2,118.0,171.3,163.4,155.3,118.2,65.8,0.1466
1101,1109,словник,43.73,20.3,28.3,65.2,38.5,30.9,34.1,20.2,0.2189
1102,1110,слово,8262.45,11561.0,9301.8,8937.2,7872.0,6832.6,5146.8,4352.5,0.1062
1103,1111,словоизменение,36.92,22.7,29.1,44.5,36.5,28.5,25.5,38.6,0.2687
1104,1112,словоизменительный,30.73,9.6,27.4,25.7,34.8,19.9,27.0,38.6,0.3578
1105,1113,словообразование,545.42,156.8,173.5,554.6,524.2,533.1,313.6,86.5,0.257
1106,1114,словообразовательный,583.32,166.4,179.9,637.4,578.9,552.4,341.9,165.5,0.2597
1107,1115,словопроизводство,20.34,9.6,7.0,21.6,18.1,20.0,11.5,1.9,0.3238
1108,1116,словосложение,39.7,8.4,20.6,34.1,26.8,41.4,22.6,6.6,0.3537
1109,1117,словосочетание,479.5,296.8,507.1,642.7,442.8,409.6,269.2,239.3,0.2035
1110,1118,словоформа,124.27,31.1,51.1,97.6,74.4,94.7,115.4,144.8,0.2972
1111,1119,слог,271.84,332.7,381.7,286.9,183.9,169.5,247.4,203.6,0.2473
1112,1120,слоговой,29.61,7.2,26.3,30.8,21.8,23.5,22.9,12.7,0.3494
1113,1121,сложноподчиненный,105.08,14.4,129.9,139.4,100.3,104.0,40.3,24.0,0.3203
1114,1122,сложнопроизводный,2.67,0.0,0.2,1.8,2.7,3.2,1.0,0.0,0.6632
1115,1123,сложносокращенный,8.48,37.1,11.6,20.0,2.2,7.5,3.0,2.4,0.4903
1116,1124,сложносоставной,4.27,0.0,1.8,3.1,3.0,4.3,2.8,1.9,0.5115
1117,1125,смычка,0.94,0.0,1.6,1.3,0.4,0.7,0.7,1.4,0.5655
1118,1126,смычный,21.44,3.6,48.0,26.7,14.4,11.5,19.3,13.2,0.4272
1119,1127,смягчение,10.6,7.2,7.4,5.2,8.2,8.9,8.6,15.0,0.2639
1120,1128,смягченный,2.29,7.2,2.6,2.3,2.2,1.9,1.4,0.9,0.394
1121,1129,смягчительный,1.47,0.0,0.3,1.6,1.7,1.3,0.8,3.3,0.6761
1122,1130,согласный,239.5,408.1,470.4,289.9,186.1,152.0,179.2,271.8,0.2916
1123,1131,согласование,80.45,28.7,43.3,53.8,51.1,48.0,92.6,69.1,0.3399
1124,1132,согласуемый,3.22,0.0,1.8,2.0,3.5,2.1,3.1,4.7,0.4493
1125,1133,созвучие,9.13,16.8,24.7,8.2,6.6,7.0,5.3,8.5,0.3405
1126,1134,сонант,52.17,1.2,63.1,65.3,44.9,36.6,40.4,33.4,0.3328
1127,1135,сонорный,11.71,14.4,25.7,20.2,11.6,6.6,7.9,9.9,0.404
1128,1136,составляющая,25.02,0.0,1.0,3.2,12.3,21.1,26.2,25.4,0.2247
1129,1137,социолект,23.94,0.0,0.0,0.5,12.3,22.5,23.1,11.8,0.5381
1130,1138,социолингвист,212.02,4.8,9.1,75.5,142.4,193.3,171.4,518.6,0.2375
1131,1139,социолингвистика,86.62,1.2,2.6,26.4,58.0,74.8,72.8,299.0,0.266
1132,1140,социолингвистический,119.66,3.6,6.2,46.9,80.8,113.5,94.3,189.5,0.2279
1133,1141,сочетаемостный,13.07,0.0,2.8,11.0,13.2,12.7,7.5,19.7,0.2653
1134,1142,сочетаемость,184.54,47.9,60.6,222.9,192.3,164.6,110.9,124.1,0.2005
1135,1143,сочетание,986.64,1163.3,1254.9,1297.0,856.2,777.7,612.2,682.2,0.1475
1136,1144,сочетательный,3.36,0.0,2.1,4.2,3.4,2.9,2.2,0.0,0.3895
1137,1145,сочинительный,52.06,12.0,33.5,28.1,40.3,47.6,39.2,20.7,0.307
1138,1146,союз,492.97,268.1,632.8,553.8,424.8,428.8,281.3,314.6,0.1845
1139,1147,союзный,156.12,86.2,235.9,243.9,164.6,135.5,65.8,46.5,0.2591
1140,1148,спирант,79.83,26.3,53.6,49.4,46.8,57.4,80.1,66.3,0.1475
1141,1149,спирантизация,0.39,0.0,1.0,0.6,0.8,0.2,0.2,0.0,0.8055
1142,1150,спрягаемый,7.56,6.0,16.8,11.9,8.2,4.3,5.1,5.6,0.3651
1143,1151,спряжение,34.77,22.7,40.4,27.0,29.6,16.6,39.0,52.7,0.436
1144,1152,среднеболгарский,1.79,1.2,0.5,1.5,1.0,1.3,1.9,0.0,0.6498
1145,1153,среднеперсидский,2.07,0.0,2.3,0.7,0.7,0.9,2.9,3.3,0.6333
1146,1154,среднеязычный,3.53,0.0,7.4,2.2,2.2,2.9,2.6,0.9,0.5593
1147,1155,старописьменный,4.79,1.2,12.4,5.2,4.0,2.8,3.9,1.9,0.5533
1148,1156,старорусский,13.25,0.0,6.7,13.8,13.9,10.9,9.0,16.5,0.4415
1149,1157,старославянизм,2.14,1.2,6.2,1.7,2.8,1.2,1.6,0.0,0.5655
1150,1158,старославянский,52.84,142.4,60.9,31.8,80.4,38.6,36.5,31.5,0.3356
1151,1159,староукраинский,1.23,0.0,0.8,6.6,1.3,0.4,0.5,0.5,0.6582
1152,1160,статив,24.79,0.0,0.5,13.1,29.4,14.6,28.3,16.9,0.4913
1153,1161,стилистика,535.32,147.2,95.7,432.2,497.0,525.8,339.7,134.0,0.2291
1154,1162,стилистический,634.82,552.9,304.9,686.3,590.8,572.6,397.9,221.0,0.1705
1155,1163,стиль,619.43,690.5,386.7,666.5,551.7,554.0,384.8,276.0,0.1565
1156,1164,стих,527.62,1180.0,897.1,551.0,582.9,394.7,327.2,192.3,0.2123
1157,1165,стиховой,5.96,9.6,9.3,3.8,6.8,5.0,3.8,0.0,0.3906
1158,1166,стихосложение,11.16,15.6,28.3,19.4,7.3,7.9,6.1,0.5,0.3219
1159,1167,стихотворение,185.49,466.7,284.6,181.2,218.6,145.7,108.4,73.8,0.2638
1160,1168,стихотворный,58.25,99.3,85.1,69.5,56.1,49.4,31.4,10.3,0.2245
1161,1169,стихотворство,1.15,3.6,3.8,1.2,1.1,0.9,0.6,0.0,0.6565
1162,1170,стопа,12.33,14.4,12.4,8.3,11.5,7.0,12.8,13.6,0.3852
1163,1171,стопный,4.5,8.4,5.1,3.8,6.3,3.8,2.5,0.5,0.4954
1164,1172,стохастический,0.8,0.0,0.5,0.2,0.3,0.7,0.7,0.0,0.6695
1165,1173,страдательный,24.55,37.1,51.6,47.9,16.0,15.8,15.4,6.1,0.3428
1166,1174,строка,148.3,330.3,290.8,138.4,98.8,60.1,169.1,81.8,0.4617
1167,1175,строфа,33.25,152.0,50.6,47.9,39.8,22.1,20.0,12.7,0.3989
1168,1176,строфика,2.32,2.4,1.1,2.2,1.6,1.9,1.9,0.9,0.3861
1169,1177,строфический,3.5,1.2,4.4,3.6,2.2,3.2,2.2,0.9,0.4182
1170,1178,строчной,1.38,1.2,2.3,1.6,0.7,0.7,1.4,1.4,0.521
1171,1179,структуралистский,2.39,0.0,0.8,0.3,1.9,2.0,2.2,2.8,0.3738
1172,1180,структурный,524.92,56.2,142.1,475.3,521.3,473.2,359.4,234.6,0.1765
1173,1181,стяжение,9.48,4.8,13.1,8.2,9.6,6.2,8.2,4.2,0.2846
1174,1182,суахили,2.11,0.0,1.1,0.5,0.8,2.6,1.0,4.2,0.6089
1175,1183,суггестивный,12.91,0.0,0.0,0.5,11.0,13.7,9.3,9.9,0.449
1176,1184,суггестия,3.74,0.0,0.0,0.0,5.1,3.0,3.5,3.8,0.5337
1177,1185,суперсегментный,4.98,0.0,2.1,5.9,5.1,4.4,3.2,0.9,0.3553
1178,1186,супин,3.8,0.0,0.8,2.7,2.8,1.4,4.2,34.3,0.6114
1179,1187,суффикс,357.93,664.2,388.5,382.8,365.1,253.5,264.1,363.0,0.2135
1180,1188,суффиксальный,64.8,28.7,23.7,81.6,64.8,57.6,39.3,29.2,0.2589
1181,1189,суффиксация,17.28,2.4,5.9,13.7,16.4,17.8,9.4,7.5,0.2986
1182,1190,существительный,200.55,306.4,164.0,216.5,184.2,163.3,136.6,110.0,0.1437
1183,1191,табуирование,0.49,0.0,0.2,0.5,0.4,0.5,0.2,1.9,0.6775
1184,1192,табуированный,3.19,0.0,3.8,0.9,1.9,2.4,2.9,6.1,0.4385
1185,1193,тавтологический,7.49,8.4,11.9,6.4,12.1,4.7,5.6,0.0,0.4376
1186,1194,тавтология,10.48,13.2,9.6,8.0,9.9,7.6,9.0,2.8,0.5001
1187,1195,таджикский,140.31,16.8,39.7,58.8,63.1,56.0,212.3,187.1,0.659
1188,1196,тайский,353.96,43.1,399.0,217.2,182.8,210.1,385.2,630.0,0.2946
1189,1197,таксисный,0.18,0.0,0.0,0.0,0.0,0.1,0.2,0.0,0.8535
1190,1198,таксономический,14.96,0.0,0.0,5.7,9.7,14.9,11.6,10.3,0.3008
1191,1199,таксономия,11.54,0.0,0.3,2.4,12.7,11.4,8.5,4.7,0.2665
1192,1200,татарский,403.97,70.6,729.0,429.9,214.0,338.5,265.8,112.8,0.5315
1193,1201,твердость,8.82,9.6,6.5,9.6,9.6,6.9,6.1,5.6,0.3466
1194,1202,тезаурус,84.75,0.0,7.8,19.6,47.2,86.9,67.5,35.7,0.2169
1195,1203,тезаурусный,0.98,0.0,0.0,0.1,0.5,0.9,0.8,4.2,0.5415
1196,1204,текст,9460.86,1324.8,1089.7,3099.9,5144.0,8416.1,8953.8,3922.7,0.227
1197,1205,текстовый,223.86,1.2,7.8,65.1,181.2,230.7,163.2,79.5,0.2458
1198,1206,телеология,0.69,0.0,0.0,0.0,1.9,0.6,0.4,0.0,0.6775
1199,1207,тембр,11.53,12.0,4.4,10.8,23.6,8.0,7.8,3.8,0.4248
1200,1208,тембральный,2.26,0.0,0.2,2.4,6.0,1.8,1.1,0.5,0.64
1201,1209,тембровый,1.12,2.4,0.2,0.5,2.2,0.9,0.8,0.0,0.4733
1202,1210,темп,179.83,52.7,50.8,127.8,140.6,160.6,139.1,110.5,0.2017
1203,1211,темпоральный,3.64,0.0,0.7,1.9,3.0,3.1,3.2,0.9,0.367
1204,1212,темпоральность,6.58,0.0,0.7,1.4,4.3,6.7,5.3,0.9,0.3987
1205,1213,теоним,8.45,0.0,0.2,1.1,2.5,6.4,10.0,14.1,0.5957
1206,1214,терминоведения,38.9,0.0,0.0,1.7,20.4,35.5,39.1,8.5,0.3705
1207,1215,терминография,2.85,0.0,0.0,0.0,1.1,2.9,2.5,1.4,0.4267
1208,1216,терминологизация,6.81,0.0,0.3,3.8,2.5,6.5,5.9,0.9,0.4134
1209,1217,терминологический,288.18,76.6,100.2,235.5,235.2,247.1,227.5,120.4,0.2116
1210,1218,терминология,626.37,198.7,203.4,526.1,490.7,557.4,473.6,211.6,0.2282
1211,1219,терминоним,0.61,0.0,0.0,0.0,0.0,0.8,0.3,0.0,0.8775
1212,1220,терминосистема,13.68,0.0,0.3,9.0,10.5,11.9,11.9,5.2,0.3427
1213,1221,терминосочетание,0.26,1.2,0.0,0.2,0.5,0.2,0.1,0.0,0.8775
1214,1222,тибетский,9.03,0.0,12.1,3.4,2.8,6.8,9.1,8.0,0.5441
1215,1223,типологический,271.67,6.0,75.5,200.9,224.0,240.1,208.0,226.6,0.2499
1216,1224,типология,460.21,31.1,40.5,272.2,404.4,431.0,344.1,303.3,0.1915
1217,1225,толкование,199.07,165.2,164.5,151.3,192.2,159.5,150.8,152.3,0.1655
1218,1226,тон,1242.2,990.9,912.8,1164.1,1055.6,1006.3,928.3,913.1,0.0872
1219,1227,тональность,25.55,31.1,15.2,13.9,12.3,20.2,23.5,35.3,0.3211
1220,1228,тональный,17.86,1.2,1.8,11.0,9.7,13.2,17.8,42.8,0.481
1221,1229,тонический,7.49,8.4,3.8,8.1,6.0,6.4,5.3,2.8,0.3137
1222,1230,тоновый,2.32,1.2,2.0,0.4,2.0,1.6,2.4,0.9,0.5955
1223,1231,топикализация,0.68,0.0,0.0,0.0,0.6,0.5,0.7,0.5,0.6775
1224,1232,топографический,3.98,1.2,3.1,3.6,2.9,2.6,3.7,8.9,0.4015
1225,1233,топологический,8.3,0.0,0.0,0.8,6.7,8.3,6.4,9.9,0.4843
1226,1234,топоним,462.4,111.3,441.9,391.2,523.5,309.7,380.8,777.7,0.2948
1227,1235,топонимика,52.12,34.7,45.1,40.3,73.2,40.5,34.6,65.8,0.3157
1228,1236,топонимический,83.43,23.9,56.2,53.0,90.6,55.7,76.8,131.7,0.307
1229,1237,топонимия,113.13,4.8,64.4,83.2,120.2,84.0,93.7,170.2,0.3505
1230,1238,траектор,7.6,0.0,0.7,0.3,2.7,4.6,9.2,42.3,0.4856
1231,1239,транскрибирование,4.09,3.6,4.4,1.8,1.6,4.4,2.4,2.8,0.454
1232,1240,транскрипционный,2.88,2.4,4.7,2.7,2.1,2.5,1.7,3.8,0.4738
1233,1241,транскрипция,40.79,75.4,85.4,31.4,25.1,29.4,30.8,43.7,0.2835
1234,1242,транслитерация,13.44,9.6,11.3,5.2,5.8,9.8,14.0,15.0,0.34
1235,1243,трансляция,19.94,0.0,1.5,0.7,3.9,18.7,19.6,32.9,0.3047
1236,1244,трансонимизация,0.35,0.0,0.0,0.1,0.3,0.2,0.4,1.4,0.7655
1237,1245,трансфикс,0.24,0.0,0.0,0.0,0.2,0.2,0.3,0.0,0.8455
1238,1246,трансформация,149.27,15.6,43.9,95.6,111.5,133.4,118.2,115.7,0.1594
1239,1247,трехъязычный,1.4,1.2,3.1,1.0,0.8,0.6,1.6,3.3,0.5726
1240,1248,трилингвизм,0.63,0.0,0.0,0.3,0.2,0.4,0.8,1.4,0.8055
1241,1249,троп,614.47,123.3,182.3,232.7,387.2,555.0,526.7,525.2,0.1522
1242,1250,тропа,39.67,28.7,24.7,31.8,44.1,32.7,27.4,48.9,0.2231
1243,1251,тувинский,56.04,14.4,138.4,68.7,29.2,36.2,43.8,24.0,0.5574
1244,1252,турецкий,154.39,31.1,784.2,319.0,65.2,75.1,77.3,108.6,0.4989
1245,1253,туркменский,46.1,13.2,389.0,139.1,17.0,12.6,9.2,4.2,0.6458
1246,1254,тюменский,28.17,0.0,8.5,9.4,5.1,29.2,22.6,24.0,0.435
1247,1255,тюркологический,26.69,4.8,168.6,72.8,11.9,8.6,11.5,8.0,0.6054
1248,1256,тюркский,661.9,234.6,3134.1,1665.5,399.5,302.5,296.6,313.1,0.5339
1249,1257,убыхский,0.15,0.0,0.0,0.1,0.2,0.1,0.1,0.0,0.8855
1250,1258,увулярный,2.51,4.8,3.1,3.8,2.8,1.6,1.9,0.0,0.591
1251,1259,ударение,211.85,629.5,374.3,316.1,169.9,125.6,161.4,117.1,0.3128
1252,1260,ударный,117.11,177.1,172.0,115.3,81.1,74.5,101.9,151.4,0.3158
1253,1261,удинский,9.69,0.0,18.1,16.3,4.0,3.3,11.5,1.4,0.6238
1254,1262,удмуртский,73.21,3.6,34.8,11.0,60.2,37.9,96.1,97.8,0.5937
1255,1263,удэгейский,3.56,0.0,0.3,0.1,0.6,1.9,5.0,15.0,0.7812
1256,1264,узбекский,117.95,21.5,693.4,432.8,72.8,36.5,30.9,19.7,0.6203
1257,1265,узуальный,46.74,0.0,2.0,29.7,44.9,47.2,29.8,26.8,0.2625
1258,1266,украинский,92.05,185.5,131.4,194.8,63.3,55.9,63.2,63.0,0.2976
1259,1267,ульяновский,5.38,9.6,4.1,3.8,5.6,3.7,4.6,7.1,0.3509
1260,1268,умлаут,5.0,0.0,3.3,2.8,24.1,1.2,3.5,0.5,0.6928
1261,1269,употребимый,1.23,0.0,0.0,0.5,1.1,1.2,0.8,3.3,0.4387
1262,1270,употребительность,20.8,38.3,20.3,25.4,21.7,16.2,13.5,8.9,0.2073
1263,1271,употребительный,92.96,217.8,131.2,113.7,77.9,71.8,58.9,57.8,0.1412
1264,1272,урбаноним,11.78,0.0,0.0,0.5,1.6,6.1,16.1,67.7,0.736
1265,1273,устный,283.32,299.2,214.2,232.9,292.4,225.2,209.0,245.0,0.1066
1266,1274,утвердительный,20.23,9.6,10.5,26.7,20.7,11.3,19.4,23.5,0.3148
1267,1275,фарерский,0.49,0.0,0.0,0.0,0.2,0.5,0.4,0.0,0.8215
1268,1276,фарингальный,2.59,0.0,3.1,3.8,2.1,1.9,1.9,0.0,0.5685
1269,1277,фарси,4.5,0.0,6.9,4.7,4.4,3.7,2.9,0.0,0.554
1270,1278,филологический,803.13,225.0,217.3,509.3,643.7,732.8,622.4,265.7,0.1685
1271,1279,филология,404.41,31.1,92.8,224.7,232.8,334.7,385.9,185.7,0.1887
1272,1280,финитный,30.65,0.0,5.9,29.5,24.8,19.1,31.3,55.5,0.4549
1273,1281,финский,80.78,61.0,45.3,28.9,80.2,45.2,92.6,122.7,0.4338
1274,1282,флексия,86.42,53.9,15.5,34.0,73.1,70.7,79.0,85.1,0.2289
1275,1283,флективность,0.95,0.0,0.2,0.1,0.9,1.0,0.7,0.0,0.5575
1276,1284,флективный,18.98,1.2,6.7,17.8,23.2,16.5,11.7,28.7,0.3176
1277,1285,фокусный,7.32,0.0,0.7,1.8,4.7,3.7,9.9,18.3,0.5241
1278,1286,фольклор,345.31,77.8,322.8,327.4,316.0,260.8,273.7,189.0,0.1969
1279,1287,фольклорист,30.48,10.8,45.1,40.6,23.5,18.9,25.6,19.3,0.2844
1280,1288,фольклористика,16.0,1.2,23.7,24.5,12.6,10.2,12.5,10.3,0.2882
1281,1289,фольклорный,120.03,26.3,77.8,93.1,94.5,93.0,104.0,73.8,0.2262
1282,1290,фонационный,2.1,1.2,0.2,1.9,1.5,1.5,2.1,0.9,0.4933
1283,1291,фонация,3.09,0.0,0.2,1.3,2.2,2.6,2.9,1.4,0.4795
1284,1292,фонема,150.84,87.4,251.6,139.5,110.0,116.1,108.9,102.5,0.2937
1285,1293,фонематический,12.43,1.2,16.5,8.2,8.7,13.2,5.8,8.0,0.3995
1286,1294,фонемный,15.68,1.2,30.2,17.4,13.6,12.6,9.3,6.6,0.3151
1287,1295,фонетика,256.66,92.2,255.7,271.7,214.7,222.6,164.5,104.4,0.2055
1288,1296,фонетический,375.96,146.0,491.6,402.7,329.6,299.9,254.2,183.8,0.161
1289,1297,фонологический,101.18,6.0,65.8,99.5,91.4,80.8,74.4,141.1,0.2553
1290,1298,фонология,75.24,8.4,28.3,96.1,73.1,62.6,49.5,84.2,0.233
1291,1299,формализм,4.91,2.4,5.1,3.8,3.8,5.0,2.5,1.4,0.4383
1292,1300,формант,165.18,10.8,93.0,138.5,133.8,119.3,146.9,252.0,0.182
1293,1301,формообразование,20.57,0.0,14.2,17.6,25.0,19.4,11.3,5.2,0.2815
1294,1302,формообразовательный,3.92,0.0,3.1,2.7,4.4,4.2,1.7,0.9,0.4562
1295,1303,фрагментарность,2.96,0.0,1.3,1.5,1.6,2.7,2.5,0.5,0.3011
1296,1304,фраза,183.26,533.8,229.4,181.4,157.7,141.2,125.1,152.3,0.2173
1297,1305,фразеография,2.97,0.0,0.2,0.7,1.3,2.0,3.8,0.5,0.4885
1298,1306,фразеологизация,2.21,0.0,0.0,0.7,1.7,2.2,1.7,1.9,0.437
1299,1307,фразеологизм,443.37,83.8,216.3,376.3,371.4,389.8,327.3,144.8,0.2435
1300,1308,фразеологический,820.58,94.5,279.2,624.8,649.0,738.4,621.8,320.2,0.2558
1301,1309,фразеология,595.57,76.6,151.9,438.5,475.5,552.3,443.4,119.9,0.2568
1302,1310,фразеосемантический,0.15,0.0,0.0,0.0,0.0,0.1,0.2,0.0,0.9095
1303,1311,фразовый,77.04,4.8,15.2,100.7,91.5,65.1,48.5,45.1,0.2931
1304,1312,франкский,0.79,0.0,1.6,1.8,1.1,0.4,0.5,0.5,0.6345
1305,1313,французский,639.24,412.9,189.2,463.4,445.1,572.2,490.2,600.4,0.2765
1306,1314,фрейм,195.32,0.0,0.0,6.8,107.7,205.7,150.1,303.7,0.356
1307,1315,фреймовый,41.03,0.0,0.0,0.8,21.3,38.0,39.7,38.6,0.4135
1308,1316,фрикативный,6.77,9.6,19.8,8.1,5.3,3.8,4.7,13.6,0.4366
1309,1317,фузионный,1.46,0.0,1.1,3.8,2.3,0.8,0.9,0.0,0.59
1310,1318,фузия,4.82,1.2,5.2,4.2,5.3,3.3,4.1,1.4,0.3267
1311,1319,функциональный,846.85,45.5,103.3,586.6,859.6,818.9,560.9,351.2,0.1978
1312,1320,функционирование,688.67,46.7,66.8,406.9,604.5,667.2,490.5,348.4,0.1988
1313,1321,хабитуалис,4.85,0.0,0.0,0.0,0.8,0.9,9.4,9.9,0.722
1314,1322,хакасский,48.31,4.8,123.5,57.6,31.4,31.3,35.5,36.7,0.5269
1315,1323,хиазм,2.17,0.0,0.5,0.9,0.6,2.8,1.1,0.0,0.5559
1316,1324,хинди,6.03,3.6,4.9,2.7,2.9,5.6,3.7,28.2,0.4958
1317,1325,хорватский,21.11,51.5,18.5,37.3,21.2,10.9,17.8,24.9,0.4418
1318,1326,хороним,0.42,0.0,0.0,0.0,0.3,0.2,0.6,3.3,0.7975
1319,1328,цахурский,1.32,0.0,0.5,0.1,2.1,1.2,0.9,1.4,0.6406
1320,1329,цыганский,11.78,29.9,3.3,4.5,7.2,11.6,8.9,0.0,0.6705
1321,1330,частица,239.51,104.1,151.6,202.6,236.8,188.3,186.7,198.9,0.2472
1322,1331,частичный,45.49,23.9,24.5,41.5,37.7,38.6,33.3,39.0,0.1515
1323,1332,чередование,49.87,69.4,69.8,65.8,37.0,31.5,40.5,53.6,0.2756
1324,1333,чеченский,39.66,1.2,2.9,22.3,11.9,35.8,37.8,6.6,0.7151
1325,1334,чешский,54.68,105.3,50.5,44.2,57.3,40.3,43.0,32.9,0.325
1326,1335,численный,203.21,207.0,242.8,197.8,163.8,150.8,155.2,213.9,0.1172
1327,1336,числительное,49.96,89.8,49.0,28.7,55.6,45.6,30.3,15.5,0.3631
1328,1337,числительный,84.51,148.4,82.0,65.2,91.7,74.1,51.7,39.0,0.2738
1329,1338,число,845.77,823.4,928.8,699.9,695.9,626.6,685.0,789.4,0.1415
1330,1339,членение,157.77,50.3,87.6,220.8,186.6,143.9,77.2,50.3,0.2209
1331,1340,чувашский,124.03,21.5,398.0,247.4,59.8,71.8,77.5,47.5,0.5397
1332,1341,шведский,23.46,12.0,20.1,21.8,23.3,14.6,22.3,16.0,0.3925
1333,1342,швейцарский,9.0,1.2,1.5,10.7,2.1,4.6,11.2,18.3,0.5628
1334,1343,шотландский,6.44,0.0,1.1,0.7,1.9,3.6,9.4,1.9,0.5931
1335,1344,шумный,14.58,18.0,18.0,13.4,11.4,11.2,11.1,8.5,0.3681
1336,1345,щелевой,9.19,10.8,11.1,14.6,3.5,6.7,6.8,8.9,0.4765
1337,1346,эвиденциальность,4.17,0.0,0.0,0.0,2.0,2.2,6.2,5.2,0.5806
1338,1347,эвристический,9.83,0.0,1.5,4.0,9.3,9.7,7.0,4.7,0.2786
1339,1348,эвфемизации,6.79,0.0,0.0,0.5,1.6,6.2,6.9,7.5,0.575
1340,1349,эвфемизм,50.74,0.0,12.4,17.8,18.4,44.4,45.3,135.9,0.4715
1341,1350,эвфемистический,11.78,0.0,1.3,9.3,4.7,12.0,7.9,16.9,0.4909
1342,1351,эквиполентный,0.07,0.0,0.0,0.3,0.0,0.0,0.1,0.0,0.9625
1343,1352,экзоглоссный,0.03,0.0,0.0,0.0,0.0,0.0,0.1,0.0,0.9815
1344,1353,экзотизм,8.93,2.4,3.1,4.2,7.9,8.4,6.6,1.9,0.4224
1345,1354,экспериенцер,6.74,0.0,0.0,1.7,1.2,3.1,10.3,15.5,0.6695
1346,1355,экспликация,56.21,0.0,2.0,16.7,46.5,54.4,44.9,23.5,0.2535
1347,1356,эксплозивный,0.92,0.0,5.1,3.0,0.6,0.5,0.0,0.0,0.8215
1348,1357,экспресивный,0.01,0.0,0.0,0.0,0.0,0.0,0.0,0.0,0.9815
1349,1358,экспрессивность,124.31,25.1,19.9,63.5,126.1,125.6,80.5,25.9,0.2676
1350,1359,экспрессивный,249.99,130.4,103.3,183.1,267.2,246.3,145.2,71.9,0.2122
1351,1360,экспрессия,44.92,73.0,29.4,57.0,41.7,38.7,27.3,13.2,0.2205
1352,1361,элатив,7.21,0.0,0.0,1.9,4.7,1.9,11.9,18.8,0.6513
1353,1362,эллипс,34.06,7.2,7.7,21.0,33.0,26.7,31.1,11.3,0.3315
1354,1363,эллипсис,31.79,7.2,7.0,17.8,30.1,24.6,29.9,11.3,0.3472
1355,1364,эллиптический,24.21,3.6,9.8,15.4,38.9,21.4,15.0,3.8,0.4169
1356,1365,элокутивный,0.09,0.0,0.0,0.0,0.0,0.1,0.1,0.0,0.9335
1357,1366,эмотивность,7.41,0.0,0.0,2.7,5.6,7.2,6.1,0.5,0.3493
1358,1367,эмотивный,97.85,0.0,0.8,18.6,89.6,98.4,74.3,38.6,0.324
1359,1368,эмоциональность,53.97,19.1,21.2,45.2,48.0,50.7,35.5,22.1,0.2285
1360,1369,эмоциональный,351.06,154.4,104.6,181.8,288.3,331.6,259.9,186.7,0.1878
1361,1370,эмпиризм,1.09,0.0,0.2,0.5,0.9,1.0,0.7,2.8,0.4638
1362,1371,эмфаза,7.71,0.0,2.5,12.4,9.9,5.5,5.3,6.1,0.4714
1363,1372,эмфатический,14.63,4.8,6.0,15.8,24.8,9.6,11.2,9.9,0.3487
1364,1373,энклитика,7.3,0.0,2.8,3.3,2.9,4.1,9.7,5.6,0.5917
1365,1374,энклитический,2.11,0.0,1.6,0.9,2.0,1.2,2.4,0.9,0.5527
1366,1375,энтимем,1.28,0.0,0.0,0.0,1.0,1.5,0.8,0.0,0.7068
1367,1376,эпентеза,2.18,0.0,3.6,2.0,1.6,1.4,1.5,9.9,0.4883
1368,1377,эпиграфический,3.85,1.2,9.6,8.1,2.8,2.4,2.1,3.8,0.5675
1369,1378,эпистемический,1.09,0.0,0.0,0.0,1.5,0.6,1.4,0.9,0.5981
1370,1379,эпитет,74.54,122.1,131.2,79.6,66.9,53.7,51.7,38.6,0.3019
1371,1380,эпитетных,0.15,0.0,0.0,0.0,0.3,0.2,0.1,0.0,0.9255
1372,1381,эпифора,2.41,1.2,2.9,1.2,1.1,2.6,1.3,0.5,0.4938
1373,1382,эпос,71.92,10.8,146.7,182.7,57.4,41.6,41.0,36.7,0.4217
1374,1383,эргатив,38.62,0.0,0.8,9.7,43.6,28.4,40.0,18.3,0.5619
1375,1384,эргативный,24.05,0.0,0.8,7.5,27.6,19.8,22.1,6.1,0.5502
1376,1385,эргонимия,0.57,0.0,0.0,0.0,0.0,0.2,1.0,0.5,0.7575
1377,1386,эргоним,20.31,0.0,0.0,0.2,2.0,10.8,31.0,37.1,0.726
1378,1387,эрзянский,20.62,1.2,2.1,4.3,13.4,22.8,14.0,7.5,0.7127
1379,1388,эрратический,0.11,0.0,0.0,0.0,0.0,0.0,0.2,0.9,0.9015
1380,1389,эстонский,15.87,7.2,13.2,10.6,12.5,9.1,17.8,10.8,0.408
1381,1390,этимолог,457.32,357.8,418.7,393.7,342.7,367.5,354.8,307.5,0.129
1382,1391,этимологизация,11.09,6.0,14.4,16.7,13.6,8.1,6.4,7.5,0.3035
1383,1392,этимологизирования,0.71,0.0,1.5,0.5,0.3,0.7,0.4,0.0,0.6375
1384,1393,этимологический,273.49,167.6,177.8,198.1,194.6,235.6,213.2,157.0,0.1364
1385,1394,этимология,144.32,140.0,182.2,147.9,111.5,104.9,113.1,111.0,0.1733
1386,1395,этимон,11.03,0.0,4.2,5.0,7.8,7.8,11.7,8.9,0.3841
1387,1396,этнолингвистика,36.85,0.0,0.0,2.1,19.3,33.7,36.3,21.2,0.2655
1388,1397,этнолингвистический,45.08,0.0,9.5,11.2,23.5,38.8,44.2,36.2,0.2668
1389,1398,этнонимика,2.27,1.2,3.4,1.3,2.1,1.6,1.9,0.9,0.5199
1390,1399,этнопсихолингвистика,0.91,0.0,0.0,0.1,0.2,0.8,0.9,2.4,0.5655
1391,1400,этноэйдемы,0.46,0.0,0.0,0.0,0.2,0.6,0.3,0.0,0.6935
1392,1401,эфиопский,0.97,1.2,0.5,0.4,1.9,0.7,0.7,0.0,0.7015
1393,1402,южноафриканский,0.98,0.0,0.0,0.0,0.6,1.2,0.5,0.9,0.7735
1394,1403,южнославянский,24.93,26.3,21.7,13.0,15.6,17.3,25.5,13.6,0.4513
1395,1404,ядерный,92.01,12.0,22.4,50.0,60.8,85.6,71.7,98.7,0.2075
1396,1405,ядро,144.09,18.0,32.3,76.8,104.4,135.5,112.5,68.2,0.1952
1397,1406,язык,25036.92,10215.8,14013.7,18466.0,19528.8,22227.0,18581.3,14141.1,0.1255
1398,1407,языковед,104.59,193.9,174.7,151.0,85.7,74.5,68.5,36.7,0.165
1399,1408,языковедение,32.77,9.6,11.3,26.6,23.5,30.8,23.5,7.1,0.2235
1400,1409,языковедческий,15.21,21.5,25.7,21.1,13.8,10.6,10.2,7.1,0.2023
1401,1410,языковой,3533.5,730.0,616.3,1275.9,2325.2,3288.1,2983.6,2173.2,0.1888
1402,1411,языкознание,1659.97,193.9,538.0,1300.2,1294.1,1548.6,1183.9,739.1,0.1919
1403,1412,языкотворческий,1.16,0.0,0.0,0.2,1.2,1.3,0.7,0.0,0.5112
1404,1413,яканье,8.61,6.0,2.3,2.3,4.5,6.7,9.3,3.8,0.6789
1405,1414,ямб,9.57,23.9,5.6,7.5,10.2,9.6,4.7,4.2,0.434
1406,1415,ямбический,1.14,2.4,1.1,0.7,1.3,1.2,0.5,0.5,0.6165
1407,1416,японский,58.98,20.3,42.2,49.0,48.4,48.7,44.2,68.2,0.3848
