термин,частота (ipm),1960-е,1970-е,1980-е,1990-е,2000-е,2010-е,2020-е,DP,D,R
язык,25036.92,10215.8,14013.7,18466.0,19528.8,22227.0,18581.3,14141.1,0.1255,97.34,123.0
русский,10265.3,6674.5,5095.8,7085.4,8691.4,9428.7,7230.3,5153.2,0.1541,96.46,123.0
текст,9460.86,1324.8,1089.7,3099.9,5144.0,8416.1,8953.8,3922.7,0.2269,94.82,123.0
слово,8262.45,11561.0,9301.8,8937.2,7872.0,6832.6,5146.8,4352.5,0.1062,97.58,123.0
словарь,3561.97,2448.6,2285.7,2202.7,2541.8,3120.6,2791.7,1974.8,0.1044,97.63,123.0
языковой,3533.5,730.0,616.3,1275.9,2325.2,3288.1,2983.6,2173.2,0.1888,96.04,123.0
речь,3301.38,4447.3,2194.7,2725.1,3274.6,2900.9,2174.1,1842.6,0.0972,97.86,123.0
семантический,3085.42,232.2,567.4,2654.5,2950.5,2951.0,1983.2,1465.1,0.1730,96.18,123.0
глагол,2949.37,1748.5,2073.6,3001.8,2627.3,2283.6,2201.8,4049.7,0.1445,96.46,123.0
говор,2706.45,3754.3,2960.4,2441.3,2420.3,2093.4,1983.1,2343.4,0.1147,97.42,123.0
лингвистический,2510.71,250.1,372.3,1236.4,1936.7,2346.9,1990.3,1369.2,0.1901,96.12,123.0
лингвистика,2297.41,65.8,138.1,819.0,1556.7,2047.1,2083.4,1465.1,0.2245,95.06,123.0
английский,2165.5,256.1,190.5,1450.4,1512.4,1939.4,1797.1,1080.5,0.3784,92.33,123.0
концепт,2115.57,0.0,1.5,30.3,494.1,2079.2,2068.3,1114.3,0.3520,92.49,123.0
предложение,2092.43,1013.7,1634.0,2607.7,2564.9,1808.5,1135.5,683.6,0.1645,96.2,123.0
аспект,2015.01,55.1,169.9,789.7,1560.9,1925.2,1613.5,880.2,0.215,95.6,123.0
семантика,1989.47,81.4,213.5,1076.1,1779.8,1971.0,1371.8,1056.0,0.1822,96.02,123.0
время,1857.13,1896.9,2083.9,1629.2,1532.6,1398.2,1451.1,1663.5,0.1009,97.73,123.0
речевой,1836.78,627.1,255.5,640.6,1441.7,1797.8,1411.1,715.6,0.2273,95.16,123.0
языкознание,1659.97,193.9,538.0,1300.2,1294.1,1548.6,1183.9,739.1,0.1919,96.14,123.0
перевод,1642.44,557.7,710.2,901.9,896.5,1439.0,1367.2,2304.4,0.2706,93.24,123.0
дискурс,1635.74,0.0,0.5,12.7,374.8,1153.3,2146.5,1675.2,0.3682,91.26,122.0
лексика,1625.5,452.4,612.0,1251.9,1406.5,1531.2,1098.3,738.2,0.1742,96.27,123.0
лексический,1502.5,242.9,551.1,1207.0,1317.7,1410.4,1005.8,814.8,0.1499,96.78,123.0
диалект,1231.52,761.2,1782.6,1298.1,950.2,896.9,928.2,1119.5,0.2132,95.28,123.0
когнитивный,1228.51,0.0,0.0,5.0,458.0,1116.5,1271.1,866.1,0.3437,92.59,120.0
грамматика,1211.5,438.0,680.8,1009.3,1176.4,1085.5,820.8,408.1,0.1371,96.86,123.0
конструкция,1206.97,503.8,502.9,1064.5,1018.5,909.0,1041.6,1308.5,0.1551,95.9,123.0
грамматический,1189.32,479.9,825.6,1225.2,1234.0,1020.3,773.3,444.8,0.1299,97.06,123.0
коммуникативный,1188.51,39.5,46.7,458.1,908.9,1125.4,973.6,560.9,0.2324,95.12,123.0
синтаксический,1130.23,344.7,553.4,1354.0,1272.5,992.6,668.9,489.0,0.1558,96.33,123.0
коммуникация,999.44,23.9,17.6,145.5,447.6,870.9,1035.7,606.1,0.2921,93.56,123.0
контекст,995.49,343.5,226.6,656.2,764.6,841.1,830.1,1120.4,0.0998,97.55,123.0
сочетание,986.64,1163.3,1254.9,1297.0,856.2,777.7,612.2,682.2,0.1475,96.59,123.0
немецкий,907.35,327.9,181.5,701.7,658.6,830.5,684.7,542.6,0.331,92.48,123.0
графический,902.38,635.5,649.8,638.9,739.3,733.0,720.2,792.3,0.0885,98.01,123.0
славянский,875.62,825.8,596.5,616.2,830.0,685.8,716.3,546.8,0.1793,95.88,123.0
картина,856.87,180.7,147.7,102.4,363.0,795.9,816.4,518.6,0.2438,94.77,123.0
функциональный,846.85,45.5,103.3,586.6,859.6,818.9,560.9,351.2,0.1978,95.73,123.0
число,845.77,823.4,928.8,699.9,695.9,626.6,685.0,789.4,0.1415,96.79,123.0
жанр,833.34,250.1,197.0,318.0,444.8,741.8,765.7,350.3,0.2436,94.75,123.0
фразеологический,820.58,94.5,279.2,624.8,649.0,738.4,621.8,320.2,0.2558,94.46,123.0
филологический,803.13,225.0,217.3,509.3,643.7,732.8,622.4,265.7,0.1685,96.47,123.0
синтаксис,766.02,166.4,316.6,832.6,912.0,711.7,423.4,227.6,0.2064,95.62,123.0
синоним,694.83,342.3,377.6,736.7,703.3,641.5,402.9,312.2,0.1958,95.79,123.0
функционирование,688.67,46.7,66.8,406.9,604.5,667.2,490.5,348.4,0.1988,95.78,123.0
глагольный,683.38,210.6,433.6,768.7,688.8,556.7,470.7,441.0,0.1574,96.35,123.0
метафора,663.98,80.2,91.3,133.1,433.6,612.8,585.5,627.7,0.2675,94.31,123.0
тюркский,661.9,234.6,3134.1,1665.5,399.5,302.5,296.6,313.1,0.5339,86.3,123.0
французский,639.24,412.9,189.2,463.4,445.1,572.2,490.2,600.4,0.2765,93.54,123.0
стилистический,634.82,552.9,304.9,686.3,590.8,572.6,397.9,221.0,0.1705,96.17,123.0
терминология,626.37,198.7,203.4,526.1,490.7,557.4,473.6,211.6,0.2282,95.08,123.0
стиль,619.43,690.5,386.7,666.5,551.7,554.0,384.8,276.0,0.1565,96.48,123.0
троп,614.47,123.3,182.3,232.7,387.2,555.0,526.7,525.2,0.1522,96.5,123.0
прагматический,598.88,0.0,2.0,162.8,506.9,598.0,454.4,358.7,0.2743,93.83,122.0
фразеология,595.57,76.6,151.9,438.5,475.5,552.3,443.4,119.9,0.2568,94.24,123.0
гласный,590.04,850.9,1311.9,713.7,420.4,342.3,473.5,710.9,0.2975,93.17,123.0
предикат,588.61,46.7,194.4,549.0,694.3,490.8,411.8,484.3,0.1761,96.17,123.0
словообразовательный,583.32,166.4,179.9,637.4,578.9,552.4,341.9,165.5,0.2597,93.92,123.0
обращение,581.69,135.2,143.9,172.5,221.6,263.5,830.0,1640.5,0.3644,89.85,123.0
словообразование,545.42,156.8,173.5,554.6,524.2,533.1,313.6,86.5,0.257,94.43,123.0
стилистика,535.32,147.2,95.7,432.2,497.0,525.8,339.7,134.0,0.2291,95.15,123.0
стих,527.62,1180.0,897.1,551.0,582.9,394.7,327.2,192.3,0.2123,95.14,123.0
парадигма,524.96,20.3,125.1,290.3,459.7,472.9,410.4,376.6,0.1672,96.36,123.0
структурный,524.92,56.2,142.1,475.3,521.3,473.2,359.4,234.6,0.1765,96.16,123.0
падеж,509.13,658.2,764.9,579.7,450.9,321.3,423.5,260.5,0.2565,94.12,123.0
лексема,504.97,2.4,60.6,205.6,353.4,448.1,426.3,857.6,0.1535,96.36,123.0
союз,492.97,268.1,632.8,553.8,424.8,428.8,281.3,314.6,0.1845,95.87,123.0
номинация,484.96,8.4,20.6,311.5,404.2,468.6,349.8,252.0,0.2133,95.3,123.0
психолингвист,481.21,14.4,4.6,74.9,266.0,423.6,481.4,283.5,0.3265,92.0,123.0
словосочетание,479.5,296.8,507.1,642.7,442.8,409.6,269.2,239.3,0.2035,95.32,123.0
топоним,462.4,111.3,441.9,391.2,523.5,309.7,380.8,777.7,0.2948,93.26,123.0
типология,460.21,31.1,40.5,272.2,404.4,431.0,344.1,303.3,0.1915,95.78,123.0
звук,453.71,1055.6,776.4,460.4,433.3,323.3,313.5,297.2,0.1705,95.73,123.0
фразеологизм,443.37,83.8,216.3,376.3,371.4,389.8,327.3,144.8,0.2435,94.71,123.0
разговорный,438.97,860.5,403.4,504.4,456.5,388.7,231.3,260.9,0.1605,96.45,123.0
заимствование,412.44,178.3,385.1,339.8,339.1,343.8,303.5,246.4,0.1532,96.22,123.0
филология,404.41,31.1,92.8,224.7,232.8,334.7,385.9,185.7,0.1887,95.91,123.0
татарский,403.97,70.6,729.0,429.9,214.0,338.5,265.8,112.8,0.5315,86.48,123.0
концептуальный,400.65,0.0,1.1,20.5,190.7,387.9,372.1,248.3,0.312,93.21,123.0
лексиколог,398.74,32.3,120.7,378.7,363.0,374.9,259.4,90.7,0.2223,95.3,123.0
морфологический,382.06,104.1,256.5,394.0,352.9,330.6,253.7,209.2,0.1578,95.94,123.0
фонетический,375.96,146.0,491.6,402.7,329.6,299.9,254.2,183.8,0.161,96.13,123.0
наречие,366.35,227.4,301.9,331.8,345.2,293.9,270.9,230.9,0.2116,94.77,123.0
проза,365.67,262.1,178.9,315.3,308.0,336.6,247.0,98.7,0.2081,95.17,123.0
лексикология,364.89,23.9,99.7,339.3,327.4,345.6,238.3,81.3,0.2243,95.19,123.0
онимический,361.07,111.3,169.1,336.1,345.2,326.1,233.6,259.1,0.1759,96.3,123.0
местоимение,358.39,234.6,239.4,300.2,273.8,266.9,313.9,314.6,0.2119,95.03,123.0
суффикс,357.93,664.2,388.5,382.8,365.1,253.5,264.1,363.0,0.2135,94.91,123.0
тайский,353.96,43.1,399.0,217.2,182.8,210.1,385.2,630.0,0.2946,93.27,123.0
эмоциональный,351.06,154.4,104.6,181.8,288.3,331.6,259.9,186.7,0.1878,95.62,123.0
фольклор,345.31,77.8,322.8,327.4,316.0,260.8,273.7,189.0,0.1969,95.25,123.0
диалектный,337.23,275.3,343.8,310.5,270.0,281.4,236.1,219.6,0.2425,94.22,123.0
оценочный,332.68,38.3,37.3,184.2,283.2,310.1,257.8,132.6,0.2275,94.84,123.0
вербальный,332.21,1.2,6.4,34.5,145.7,295.4,340.7,197.0,0.2774,93.31,122.0
прилагательное,326.85,330.3,321.9,376.3,329.0,254.8,221.7,179.1,0.1653,96.16,123.0
словарный,319.07,213.0,235.4,288.3,274.9,273.8,221.5,221.9,0.1048,97.66,123.0
прилагательный,303.25,283.6,251.3,353.6,304.5,251.1,194.5,115.2,0.1633,96.01,123.0
модальность,299.35,6.0,61.4,188.7,294.7,281.2,211.2,145.3,0.2452,94.42,123.0
модальный,297.74,35.9,155.9,273.8,331.4,257.5,197.5,178.7,0.2147,94.9,123.0
корпус,295.25,18.0,20.4,46.2,77.5,186.5,380.8,773.4,0.3357,91.68,123.0
лексикография,291.96,44.3,86.4,187.0,247.4,269.1,214.9,196.1,0.1865,95.66,123.0
обозначение,291.66,284.8,228.9,238.0,246.4,242.4,213.0,275.1,0.0965,97.81,123.0
морфология,288.91,39.5,155.9,239.8,239.2,261.3,202.4,136.8,0.198,94.41,123.0
терминологический,288.18,76.6,100.2,235.5,235.2,247.1,227.5,120.4,0.2116,95.29,123.0
метафорический,287.67,41.9,64.9,85.8,165.9,261.5,252.5,318.8,0.2535,94.3,123.0
устный,283.32,299.2,214.2,232.9,292.4,225.2,209.0,245.0,0.1066,97.43,123.0
именной,280.1,85.0,192.3,304.2,271.5,207.4,220.7,221.5,0.1993,95.4,123.0
аффикс,279.03,31.1,1133.7,582.6,181.1,147.2,146.0,146.7,0.3628,89.86,123.0
этимологический,273.49,167.6,177.8,198.1,194.6,235.6,213.2,157.0,0.1364,96.93,123.0
слог,271.84,332.7,381.7,286.9,183.9,169.5,247.4,203.6,0.2473,93.86,123.0
типологический,271.67,6.0,75.5,200.9,224.0,240.1,208.0,226.6,0.2499,94.14,123.0
предикатив,264.43,40.7,129.2,304.5,337.1,215.3,172.6,108.1,0.1899,95.62,123.0
пословица,262.94,185.5,227.1,126.7,178.5,209.7,230.6,253.0,0.2494,93.95,123.0
европейский,257.67,252.5,184.0,199.0,239.3,205.7,201.3,176.8,0.1225,97.1,123.0
адресат,256.8,28.7,17.3,56.6,194.1,247.0,212.1,163.2,0.2019,95.27,123.0
фонетика,256.66,92.2,255.7,271.7,214.7,222.6,164.5,104.4,0.2055,94.9,123.0
оборот,256.51,493.1,355.5,289.4,232.0,189.4,173.5,258.6,0.1615,96.48,123.0
лексикографический,255.78,25.1,74.8,137.1,191.5,224.5,212.6,214.9,0.1473,96.55,123.0
перфект,255.43,9.6,53.8,89.9,107.9,116.4,374.3,380.4,0.4943,81.79,123.0
психолингвистика,250.66,9.6,2.0,30.2,111.5,192.1,295.1,148.6,0.361,90.07,123.0
экспрессивный,249.99,130.4,103.3,183.1,267.2,246.3,145.2,71.9,0.2122,95.02,123.0
дискурсивный,247.38,0.0,0.0,4.9,59.3,165.6,328.7,392.1,0.3286,92.38,120.0
американский,244.25,57.4,25.3,97.6,117.5,213.4,232.9,168.3,0.3803,91.75,123.0
концепция,241.75,19.1,55.4,107.4,205.4,214.8,201.0,151.4,0.1499,96.49,123.0
частица,239.51,104.1,151.6,202.6,236.8,188.3,186.7,198.9,0.2472,94.15,123.0
согласный,239.5,408.1,470.4,289.9,186.1,152.0,179.2,271.8,0.2916,93.4,123.0
предлог,238.78,276.5,136.3,220.4,146.3,187.7,203.5,155.6,0.2422,94.18,123.0
древнерусский,237.61,456.0,266.8,215.1,272.7,178.8,165.7,155.2,0.3094,93.14,123.0
прагматика,237.09,0.0,0.5,49.5,248.3,249.5,157.3,112.4,0.2995,93.27,123.0
аргумент,228.73,55.1,36.4,53.0,170.2,199.1,209.7,213.0,0.258,94.07,123.0
арго,227.76,256.1,77.3,56.2,188.3,244.8,137.6,184.3,0.3105,92.71,123.0
текстовый,223.86,1.2,7.8,65.1,181.2,230.7,163.2,79.5,0.2458,94.67,123.0
акцент,223.79,86.2,65.8,118.4,184.7,190.7,189.7,162.2,0.2355,94.22,123.0
номинативный,219.87,26.3,48.2,146.8,211.0,212.8,144.8,131.7,0.2069,95.42,123.0
социолингвист,212.02,4.8,9.1,75.5,142.4,193.3,171.4,518.6,0.2375,94.2,123.0
ударение,211.85,629.5,374.3,316.1,169.9,125.6,161.4,117.1,0.3128,92.48,123.0
психолингвистический,210.6,0.0,2.3,42.5,143.0,213.3,168.0,103.9,0.3073,92.56,122.0
численный,203.21,207.0,242.8,197.8,163.8,150.8,155.2,213.9,0.1172,97.45,123.0
корень,202.14,568.5,325.8,196.7,199.7,128.7,155.9,235.6,0.2395,94.59,123.0
омоним,200.68,82.6,196.1,208.6,143.8,183.5,123.0,87.5,0.2463,93.61,123.0
идиом,200.67,23.9,73.7,71.7,209.4,164.8,168.6,286.8,0.2462,94.03,123.0
существительный,200.55,306.4,164.0,216.5,184.2,163.3,136.6,110.0,0.1437,96.61,123.0
толкование,199.07,165.2,164.5,151.3,192.2,159.5,150.8,152.3,0.1655,96.03,123.0
башкирский,197.15,15.6,326.8,257.5,103.0,126.6,166.3,205.9,0.4283,89.99,123.0
семиотика,195.79,0.0,3.8,34.4,133.6,185.0,174.6,76.6,0.2761,93.92,123.0
фрейм,195.32,0.0,0.0,6.8,107.7,205.7,150.1,303.7,0.356,91.51,117.0
синтагма,190.37,8.4,50.5,233.4,206.9,180.2,103.4,64.4,0.2106,94.63,123.0
китайский,187,19.1,58.8,54.4,108.8,119.5,212.7,537.4,0.3192,91.58,123.0
стихотворение,185.49,466.7,284.6,181.2,218.6,145.7,108.4,73.8,0.2638,94.23,123.0
сочетаемость,184.54,47.9,60.6,222.9,192.3,164.6,110.9,124.1,0.2005,95.38,123.0
письменность,183.46,179.5,336.6,220.9,174.1,125.6,128.7,89.3,0.2558,94.26,123.0
письменность,183.46,179.5,336.6,220.9,174.1,125.6,128.7,89.3,0.2558,94.26,123.0
отрицание,183.26,47.9,66.8,173.4,179.4,117.7,178.3,176.8,0.2905,92.71,123.0
фраза,183.26,533.8,229.4,181.4,157.7,141.2,125.1,152.3,0.2173,94.92,123.0
ономастика,183.24,12.0,51.1,75.9,138.8,160.2,156.1,196.5,0.276,93.57,123.0
антоним,181.16,56.2,77.3,266.4,121.1,166.8,109.2,28.7,0.2999,92.36,123.0
темп,179.83,52.7,50.8,127.8,140.6,160.6,139.1,110.5,0.2017,95.43,123.0
словесный,177.64,165.2,118.0,171.3,163.4,155.3,118.2,65.8,0.1466,96.65,123.0
англоязычный,174.68,1.2,0.3,14.6,64.7,118.8,226.3,176.8,0.4677,88.71,121.0
диалектолог,173.31,128.1,358.1,232.0,129.3,130.9,105.4,70.5,0.2705,93.65,123.0
аналитический,172,76.6,93.3,137.7,139.0,142.6,136.9,105.8,0.1802,95.82,123.0
синонимический,171.96,68.2,79.7,183.8,177.4,169.6,87.7,56.0,0.2369,94.96,123.0
сказуемое,167.08,119.7,278.1,292.6,203.2,107.1,102.1,48.0,0.2839,93.09,123.0
греческий,166.62,317.1,140.0,118.4,156.1,106.8,162.2,71.0,0.3054,92.46,123.0
формант,165.18,10.8,93.0,138.5,133.8,119.3,146.9,252.0,0.182,95.27,123.0
монгольский,161.65,52.7,304.5,179.4,107.3,121.2,114.8,74.8,0.4706,88.84,122.0
арабский,160.69,74.2,281.3,267.5,70.7,123.9,101.7,55.5,0.4175,89.79,123.0
инфинитив,160.35,91.0,51.0,149.5,149.1,110.0,141.3,348.9,0.2782,93.12,123.0
синонимия,159.01,32.3,34.8,180.5,192.2,152.0,84.6,30.6,0.2718,93.99,123.0
членение,157.77,50.3,87.6,220.8,186.6,143.9,77.2,50.3,0.2209,94.78,123.0
союзный,156.12,86.2,235.9,243.9,164.6,135.5,65.8,46.5,0.2591,94.26,123.0
риторика,155.34,85.0,13.4,33.2,134.3,159.1,112.0,72.9,0.3028,92.97,123.0
предикативный,154.68,35.9,84.5,204.1,200.8,127.2,92.5,45.6,0.1988,95.34,123.0
турецкий,154.39,31.1,784.2,319.0,65.2,75.1,77.3,108.6,0.4989,86.67,123.0
оговорка,154.12,137.6,163.9,97.5,121.2,113.0,135.9,120.8,0.2148,94.2,123.0
зависимый,153.37,73.0,77.8,104.0,119.9,114.6,137.5,238.9,0.2599,93.64,123.0
валентность,151.21,0.0,28.9,148.1,147.1,127.6,108.9,202.2,0.241,94.4,123.0
жаргон,150.85,122.1,44.6,31.3,133.3,164.4,91.3,68.6,0.3466,91.9,123.0
переводчик,150.84,51.5,77.0,82.8,84.3,132.8,121.7,238.4,0.2975,92.25,123.0
фонема,150.84,87.4,251.6,139.5,110.0,116.1,108.9,102.5,0.2937,92.87,123.0
обстоятельство,150.14,114.9,160.4,177.4,172.0,106.5,107.7,103.4,0.1759,95.77,123.0
трансформация,149.27,15.6,43.9,95.6,111.5,133.4,118.2,115.7,0.1594,96.24,123.0
строка,148.3,330.3,290.8,138.4,98.8,60.1,169.1,81.8,0.4617,80.2,123.0
испанский,145.9,37.1,12.7,126.0,74.3,98.5,159.1,139.6,0.4244,89.38,123.0
этимология,144.32,140.0,182.2,147.9,111.5,104.9,113.1,111.0,0.1733,95.86,123.0
ядро,144.09,18.0,32.3,76.8,104.4,135.5,112.5,68.2,0.1952,95.22,123.0
вариативность,143.8,12.0,9.0,58.0,124.8,123.4,127.3,122.7,0.2155,95.14,123.0
придаточный,143.44,35.9,210.4,186.3,141.4,116.0,82.6,55.0,0.2658,93.34,123.0
косвенный,143.38,63.4,86.8,96.5,123.2,117.2,117.1,95.0,0.1702,96.07,123.0
морфема,140.63,56.2,112.4,172.5,138.6,94.7,110.9,231.3,0.2017,95.04,123.0
звуковой,140.38,155.6,174.7,138.5,148.8,116.7,85.9,46.1,0.1765,95.98,123.0
таджикский,140.31,16.8,39.7,58.8,63.1,56.0,212.3,187.1,0.659,81.88,112.0
актуализация,140.21,12.0,11.3,72.9,110.5,135.4,105.8,68.2,0.2591,94.39,123.0
жанровый,139.4,25.1,30.9,55.5,93.0,127.0,120.2,59.7,0.2325,94.86,123.0
латинский,139.22,240.6,129.6,114.6,106.9,104.8,114.7,104.9,0.2057,95.01,123.0
поговорка,138.87,113.7,146.2,87.0,110.1,101.8,122.9,104.4,0.2503,93.45,123.0
дагестанский,133.82,2.4,25.2,39.8,112.5,120.7,116.7,24.0,0.5635,84.52,122.0
наклонение,133.72,44.3,205.9,167.7,95.6,88.7,109.1,70.1,0.3188,92.45,123.0
интонация,133.29,165.2,120.7,172.1,164.5,119.8,61.7,32.9,0.2459,93.97,123.0
падежный,132.6,38.3,125.5,136.4,117.0,94.8,110.6,65.4,0.2513,93.75,123.0
аварский,130.25,8.4,7.7,38.4,177.1,108.9,111.8,6.1,0.6482,82.8,113.0
азербайджанский,128.87,16.8,764.0,473.4,65.1,43.6,31.0,35.7,0.6395,82.29,119.0
подлежащее,128.44,117.3,128.6,145.7,117.2,93.9,96.0,121.8,0.2937,93.53,123.0
идиома,127.81,13.2,57.5,55.5,137.2,104.7,104.1,166.4,0.2376,94.19,123.0
семиотический,127.75,0.0,2.3,29.9,88.0,116.2,116.6,81.3,0.2548,94.42,123.0
префикс,127.15,18.0,27.4,114.1,111.9,97.7,109.3,141.5,0.2652,93.78,123.0
дополнение,127.1,61.0,139.4,139.5,92.0,89.6,106.3,95.4,0.2729,93.4,123.0
денотат,126.31,0.0,7.5,94.6,147.7,123.6,76.4,62.5,0.2173,95.21,123.0
экспрессивность,124.31,25.1,19.9,63.5,126.1,125.6,80.5,25.9,0.2676,93.9,123.0
словоформа,124.27,31.1,51.1,97.6,74.4,94.7,115.4,144.8,0.2972,92.39,123.0
чувашский,124.03,21.5,398.0,247.4,59.8,71.8,77.5,47.5,0.5397,87.26,121.0
деривация,122.14,0.0,21.1,82.4,105.3,118.4,83.5,77.6,0.2409,94.37,123.0
фольклорный,120.03,26.3,77.8,93.1,94.5,93.0,104.0,73.8,0.2262,94.2,123.0
выборка,119.84,13.2,10.1,62.7,69.0,95.6,116.4,182.4,0.1588,96.05,123.0
социолингвистический,119.66,3.6,6.2,46.9,80.8,113.5,94.3,189.5,0.2279,94.83,123.0
вопросительный,118.84,40.7,66.2,127.8,124.5,96.3,83.9,72.4,0.2689,93.31,123.0
сегмент,118.38,10.8,16.0,93.1,79.3,115.4,82.1,95.0,0.2342,94.12,123.0
узбекский,117.95,21.5,693.4,432.8,72.8,36.5,30.9,19.7,0.6203,82.95,120.0
ареал,117.79,0.0,102.3,146.4,103.8,75.0,101.4,174.0,0.2663,94.08,123.0
ударный,117.11,177.1,172.0,115.3,81.1,74.5,101.9,151.4,0.3158,91.46,123.0
коннотация,117.1,0.0,0.8,42.3,82.9,114.1,93.9,68.6,0.2053,95.05,121.0
дифференциация,116.4,26.3,55.2,113.1,121.6,105.5,73.7,30.6,0.1725,96.03,123.0
пассив,116.24,33.5,61.1,138.4,72.7,84.7,102.6,79.9,0.2829,92.17,123.0
реконструкция,114.94,12.0,59.8,66.9,104.2,94.5,95.8,81.3,0.1547,96.34,123.0
референт,114.22,2.4,6.9,62.1,103.6,93.7,100.7,134.9,0.245,93.96,123.0
залог,114.04,19.1,169.4,219.7,76.2,83.8,69.6,29.6,0.3262,91.84,123.0
топонимия,113.13,4.8,64.4,83.2,120.2,84.0,93.7,170.2,0.3505,91.9,122.0
актант,112.82,0.0,6.9,60.4,90.2,86.8,108.1,172.1,0.3108,92.23,123.0
варьирование,112.54,14.4,28.1,106.1,121.0,98.1,77.1,85.6,0.1875,95.35,123.0
имплицитный,111.89,0.0,5.4,57.1,99.8,109.2,80.9,60.2,0.2388,94.37,123.0
окказиональный,111.88,28.7,17.6,75.4,86.2,111.9,76.1,25.9,0.3292,92.07,123.0
контекстуальный,109.87,22.7,13.2,88.9,84.7,99.1,83.8,74.3,0.1953,95.66,123.0
переходный,109.4,33.5,99.5,89.4,75.1,80.3,97.3,90.7,0.2523,93.24,123.0
переходный,109.4,33.5,99.5,89.4,75.1,80.3,97.3,90.7,0.2523,93.24,123.0
просодический,109.11,3.6,6.9,81.2,107.5,98.6,80.1,77.1,0.402,89.92,123.0
диалектология,109.01,58.6,155.7,135.5,89.7,89.3,66.8,39.5,0.258,94.18,123.0
императив,108.08,4.8,37.3,19.6,68.0,82.9,115.9,83.7,0.3512,90.37,123.0
орфография,107.52,302.8,143.8,75.7,79.5,73.6,90.6,165.5,0.2808,93.56,123.0
неологизм,107.11,69.4,64.5,62.7,70.3,97.2,79.0,140.6,0.2869,93.17,123.0
прототип,106.36,9.6,23.4,15.4,87.6,100.4,86.4,115.2,0.2426,94.3,123.0
словесность,105.75,73.0,37.1,47.7,61.1,100.3,85.1,31.0,0.2376,94.67,123.0
невербальный,105.62,0.0,3.1,9.4,44.9,95.9,105.6,80.4,0.3117,92.54,120.0
сложноподчиненный,105.08,14.4,129.9,139.4,100.3,104.0,40.3,24.0,0.3203,92.33,123.0
парадигматически,104.97,0.0,27.6,117.0,121.6,95.7,61.1,71.0,0.2135,94.79,123.0
языковед,104.59,193.9,174.7,151.0,85.7,74.5,68.5,36.7,0.165,96.02,123.0
лезгинский,103.43,4.8,9.8,11.6,85.1,90.1,100.5,6.1,0.6912,81.71,111.0
фонологический,101.18,6.0,65.8,99.5,91.4,80.8,74.4,141.1,0.2553,93.39,123.0
лексикон,100.97,70.6,42.5,26.4,76.9,99.7,73.0,84.2,0.2239,94.28,123.0
инвариант,100.92,0.0,10.9,68.1,125.1,97.6,62.4,39.0,0.2329,94.76,123.0
предложный,99.87,95.7,40.0,142.1,76.8,78.0,74.9,40.4,0.2679,93.09,123.0
рема,98.58,83.8,51.8,91.1,98.8,87.2,63.3,81.3,0.2103,94.95,123.0
порождение,98.03,4.8,5.7,37.3,90.3,96.6,71.7,49.4,0.2165,94.97,123.0
эмотивный,97.85,0.0,0.8,18.6,89.6,98.4,74.3,38.6,0.324,92.44,119.0
переводческий,97.72,1.2,15.5,32.8,34.3,95.6,82.4,110.5,0.4231,89.4,123.0
омонимия,95.39,26.3,49.8,99.1,62.9,89.8,62.4,29.2,0.2463,93.77,123.0
временной,95.06,28.7,33.0,63.1,77.7,74.0,86.4,68.2,0.1526,96.43,123.0
деривационный,94.95,0.0,9.5,61.6,95.7,90.8,65.8,34.3,0.2709,93.57,123.0
деепричастие,94.85,51.5,128.7,128.4,62.9,63.4,75.5,101.6,0.4208,89.99,121.0
нейтральный,94.58,149.6,64.9,86.1,71.3,77.2,70.8,95.0,0.14,96.61,123.0
дательный,94.24,141.2,185.1,114.5,73.9,62.9,68.8,54.5,0.2315,94.52,123.0
диахронический,94.17,2.4,19.8,52.5,76.2,74.8,87.0,92.6,0.1796,95.51,123.0
периферия,94.09,6.0,9.3,32.8,69.1,96.0,67.7,75.2,0.1941,95.45,123.0
билингв,94.07,0.0,11.1,33.0,48.6,73.1,102.3,51.2,0.3878,89.77,123.0
кавказский,93.76,25.1,63.2,67.7,111.9,74.6,71.9,31.0,0.4855,86.57,123.0
полисемия,93.1,12.0,18.6,81.5,72.0,80.5,70.2,134.5,0.2209,94.76,123.0
приставка,92.98,185.5,82.2,62.6,88.8,61.4,84.2,130.7,0.3335,91.54,123.0
употребительный,92.96,217.8,131.2,113.7,77.9,71.8,58.9,57.8,0.1412,96.65,123.0
дефиниция,92.62,2.4,4.4,52.4,61.5,82.4,80.9,47.5,0.2033,95.21,123.0
арийский,92.07,3.6,47.4,45.9,68.2,60.0,102.4,53.6,0.5778,84.43,119.0
украинский,92.05,185.5,131.4,194.8,63.3,55.9,63.2,63.0,0.2976,91.45,123.0
ядерный,92.01,12.0,22.4,50.0,60.8,85.6,71.7,98.7,0.2075,95.13,123.0
ономастический,91.18,2.4,11.3,22.8,46.0,75.9,90.4,155.2,0.2938,93.31,123.0
воронежский,90.4,33.5,12.1,33.7,64.3,79.7,81.3,45.1,0.2454,94.01,123.0
даргинский,89.97,2.4,2.8,12.4,31.9,72.9,104.4,2.4,0.6949,80.81,97.0
каузатив,89.7,1.2,34.1,69.5,71.5,70.5,78.4,79.0,0.3757,89.53,123.0
причастный,88.8,59.8,108.6,128.5,82.3,60.6,63.0,98.7,0.3245,92.72,123.0
окончание,88.71,406.9,150.0,92.3,74.0,51.1,74.1,92.2,0.37,91.7,123.0
коммуникант,88.65,0.0,0.0,12.4,67.0,88.1,72.5,45.6,0.305,92.7,120.0
интонационный,88.54,81.4,52.1,115.5,122.2,78.1,43.1,32.0,0.2781,92.65,123.0
дериват,88.28,0.0,13.2,57.5,67.4,76.0,70.7,164.1,0.2595,93.86,123.0
персидский,87.27,22.7,217.0,140.7,55.5,44.2,72.4,74.8,0.4616,89.46,123.0
перфектив,87.19,2.4,8.8,10.4,20.9,24.8,153.7,182.0,0.6396,78.63,120.0
социолингвистика,86.62,1.2,2.6,26.4,58.0,74.8,72.8,299.0,0.266,92.84,123.0
марийский,86.51,2.4,45.1,43.9,60.8,55.7,97.8,48.0,0.6136,83.59,114.0
флексия,86.42,53.9,15.5,34.0,73.1,70.7,79.0,85.1,0.2289,94.55,123.0
бурятский,84.87,8.4,18.3,22.8,96.9,75.3,67.2,80.4,0.5648,83.17,122.0
сленг,84.79,1.2,0.2,4.9,33.8,96.1,63.6,20.7,0.424,88.44,119.0
тезаурус,84.75,0.0,7.8,19.6,47.2,86.9,67.5,35.7,0.2169,94.29,122.0
числительный,84.51,148.4,82.0,65.2,91.7,74.1,51.7,39.0,0.2738,92.92,123.0
междометие,84.31,37.1,29.4,39.7,71.8,72.1,70.1,84.6,0.41700000000000004,89.42,123.0
топонимический,83.43,23.9,56.2,53.0,90.6,55.7,76.8,131.7,0.307,92.5,123.0
орфографический,83.31,293.2,83.8,50.4,64.6,58.6,71.5,129.8,0.2726,93.77,123.0
монолог,82.44,64.6,46.9,87.8,102.6,70.8,50.2,21.2,0.2509,93.98,123.0
кумыкский,81.38,7.2,71.1,71.4,49.2,79.5,51.1,4.2,0.6629,81.22,99.0
информант,81.26,1.2,8.3,30.9,43.3,55.0,93.5,150.0,0.2673,91.91,123.0
многозначность,80.98,19.1,26.3,71.0,70.7,75.9,53.0,54.1,0.1742,95.8,123.0
финский,80.78,61.0,45.3,28.9,80.2,45.2,92.6,122.7,0.4338,86.75,123.0
болгарский,80.76,107.7,112.7,77.1,69.5,62.3,57.7,34.3,0.3012,92.79,123.0
русскоязычный,80.6,0.0,0.0,5.2,31.4,59.9,97.3,99.2,0.3023,93.03,119.0
согласование,80.45,28.7,43.3,53.8,51.1,48.0,92.6,69.1,0.3399,86.24,123.0
коннотативный,79.92,0.0,1.1,31.7,70.1,88.2,47.6,39.0,0.2688,93.85,121.0
реципиент,79.86,0.0,0.2,8.6,44.3,79.4,68.9,56.0,0.3434,91.98,120.0
спирант,79.83,26.3,53.6,49.4,46.8,57.4,80.1,66.3,0.1475,95.78,123.0
британский,79.59,7.2,6.7,20.4,32.9,53.0,101.1,52.7,0.4952,88.37,122.0
склонение,78.52,156.8,103.4,77.3,77.9,55.6,58.3,59.7,0.3163,92.8,123.0
двуязычие,78.5,4.8,25.5,83.6,61.8,75.2,48.5,37.6,0.3618,91.59,123.0
референция,78.47,0.0,0.2,37.5,82.4,68.4,64.2,65.8,0.2159,94.85,121.0
паремия,77.91,0.0,1.5,6.2,33.5,50.2,90.7,380.4,0.4097,88.67,117.0
заимствованный,77.43,61.0,69.8,53.9,58.7,70.1,53.2,44.2,0.1841,95.61,123.0
интенция,77.39,0.0,0.2,19.8,55.4,78.1,60.6,39.0,0.2958,93.43,121.0
комический,77.33,52.7,16.5,44.8,66.9,70.5,60.7,6.1,0.3671,90.55,123.0
фразовый,77.04,4.8,15.2,100.7,91.5,65.1,48.5,45.1,0.2931,93.11,123.0
вариантность,76.79,13.2,33.7,90.9,81.6,66.6,49.2,15.5,0.2509,93.82,123.0
лирика,76.5,38.3,49.0,32.7,64.8,77.5,49.1,10.8,0.3109,91.9,123.0
активность,76.32,26.3,27.9,54.7,63.0,63.9,62.7,50.3,0.1517,96.36,123.0
русистика,75.99,8.4,8.5,21.4,59.5,77.9,55.3,36.2,0.2832,93.28,123.0
фонология,75.24,8.4,28.3,96.1,73.1,62.6,49.5,84.2,0.233,94.54,123.0
вербализация,74.74,0.0,0.7,4.6,20.1,64.5,83.2,35.7,0.3337,92.67,121.0
аппарат,74.58,29.9,41.3,46.6,72.9,61.1,59.7,57.4,0.125,96.94,123.0
эпитет,74.54,122.1,131.2,79.6,66.9,53.7,51.7,38.6,0.3019,92.28,123.0
имперфект,74.03,6.0,10.0,13.8,28.2,26.1,120.9,139.6,0.5847,82.8,119.0
алфавит,73.88,223.8,193.4,74.9,60.0,45.1,54.3,44.2,0.2906,92.93,123.0
лирический,73.79,86.2,87.4,54.6,60.7,73.3,38.8,14.6,0.2938,93.17,123.0
удмуртский,73.21,3.6,34.8,11.0,60.2,37.9,96.1,97.8,0.5937,84.35,123.0
периферийный,73.06,12.0,17.0,35.2,66.2,69.1,51.2,103.4,0.1871,95.52,123.0
послелог,72.46,0.0,105.2,94.0,49.0,48.3,60.9,16.5,0.5007,88.25,115.0
антрополог,72.43,6.0,11.4,11.7,41.4,66.7,66.4,54.5,0.2218,95.08,123.0
эпос,71.92,10.8,146.7,182.7,57.4,41.6,41.0,36.7,0.4217,88.67,123.0
антология,70.61,2.4,7.8,4.7,24.1,65.8,71.0,15.0,0.3405,92.45,123.0
пассивный,70.05,23.9,43.5,91.8,43.8,51.2,59.4,39.0,0.2571,92.26,123.0
интерференция,69.55,0.0,8.3,39.1,53.0,69.5,50.0,10.8,0.362,90.88,123.0
местоименный,68.15,18.0,33.7,74.3,81.4,51.6,51.5,26.8,0.256,93.43,123.0
глубинный,68.14,7.2,19.6,60.0,60.4,63.8,44.3,59.2,0.1814,95.74,123.0
итальянский,68.1,77.8,33.5,46.3,51.1,43.6,63.5,266.1,0.3269,91.01,123.0
дифференциальный,68.07,20.3,33.5,80.6,69.3,60.3,40.9,43.7,0.1923,95.53,123.0
ирония,68,56.2,29.2,49.9,27.3,57.7,60.9,25.4,0.3644,90.1,123.0
повествовательный,67.76,20.3,30.2,58.8,75.8,61.9,43.1,10.8,0.2231,94.8,123.0
вспомогательный,67.32,20.3,67.1,68.3,51.6,45.2,59.0,91.7,0.2753,92.82,123.0
пропозиция,66.74,0.0,0.7,26.8,80.6,62.8,48.3,33.9,0.262,93.89,120.0
пунктуация,65.83,114.9,42.5,44.1,70.2,64.9,36.0,15.5,0.3415,91.6,123.0
просторечие,65.8,129.3,52.8,36.9,76.0,68.8,29.6,21.6,0.303,92.11,123.0
посессив,65.44,0.0,35.5,41.4,35.0,44.4,68.6,110.0,0.4655,87.65,123.0
суффиксальный,64.8,28.7,23.7,81.6,64.8,57.6,39.3,29.2,0.2589,93.7,123.0
акцентный,60.7,25.1,10.6,37.3,59.6,49.2,52.7,32.4,0.3905,89.35,123.0
античный,60.44,39.5,15.4,31.0,56.5,55.8,45.0,32.9,0.2145,94.21,123.0
аспектуальный,60.29,0.0,7.4,25.9,36.4,41.6,69.5,44.7,0.3382,85.83,121.0
адаптация,59.8,1.2,8.2,15.6,24.6,53.3,56.1,97.3,0.2312,94.84,123.0
японский,58.98,20.3,42.2,49.0,48.4,48.7,44.2,68.2,0.3848,89.52,123.0
константа,58.85,0.0,3.1,5.3,15.4,53.9,61.2,23.5,0.2983,92.93,123.0
звучание,58.84,164.0,93.6,57.0,58.5,46.2,36.5,18.3,0.1953,95.27,123.0
корневой,58.8,25.1,71.9,68.0,56.8,47.4,36.4,52.2,0.2282,94.5,123.0
автоматический,58.68,6.0,27.0,38.4,42.5,55.1,42.6,32.0,0.3413,90.9,123.0
адресант,58.51,2.4,1.8,5.5,33.4,54.7,54.6,41.4,0.2872,93.36,121.0
стихотворный,58.25,99.3,85.1,69.5,56.1,49.4,31.4,10.3,0.2245,94.32,123.0
двуязычный,58.06,7.2,36.6,41.6,33.2,50.1,47.0,50.3,0.2683,93.71,123.0
белорусский,58.04,69.4,94.8,114.2,50.8,33.1,41.5,34.8,0.3541,90.25,123.0
результатив,57.91,2.4,14.7,31.5,44.7,43.8,57.0,47.0,0.3525,87.04,123.0
прозаический,57.46,26.3,35.5,53.7,48.5,54.3,35.6,13.2,0.2083,94.99,123.0
адъективный,57.28,0.0,8.8,55.3,52.6,46.5,46.8,26.8,0.2799,93.14,123.0
восточнославянский,56.96,34.7,55.2,71.5,50.6,46.9,35.8,39.5,0.2948,93.01,123.0
родительный,56.93,290.8,114.9,94.7,52.5,31.2,39.2,33.4,0.3252,91.52,122.0
экспликация,56.21,0.0,2.0,16.7,46.5,54.4,44.9,23.5,0.2535,94.48,123.0
тувинский,56.04,14.4,138.4,68.7,29.2,36.2,43.8,24.0,0.5574,86.99,100.0
калмыцкий,55.86,9.6,23.5,13.2,19.7,60.6,40.5,21.2,0.6069,80.77,117.0
мордовский,55.38,16.8,24.0,47.5,58.6,47.1,40.2,20.2,0.5653,84.14,123.0
чешский,54.68,105.3,50.5,44.2,57.3,40.3,43.0,32.9,0.325,92.07,123.0
генетический,54.31,3.6,44.9,52.2,58.7,43.8,38.3,28.2,0.2005,94.95,123.0
гидроним,54.17,27.5,48.7,59.7,96.3,30.7,39.7,118.0,0.4541,88.95,117.0
эмоциональность,53.97,19.1,21.2,45.2,48.0,50.7,35.5,22.1,0.2285,94.87,123.0
предикация,53.23,0.0,10.0,41.5,47.0,45.3,42.7,37.1,0.3002,92.62,123.0
просторечный,53.08,146.0,83.8,50.9,54.6,47.8,24.8,20.2,0.2736,93.26,123.0
артикль,53.07,40.7,9.8,29.7,60.1,48.0,38.5,21.2,0.4102,89.5,122.0
старославянский,52.84,142.4,60.9,31.8,80.4,38.6,36.5,31.5,0.3356,89.28,123.0
киргизский,52.67,8.4,307.0,169.8,29.0,20.1,15.2,10.3,0.5537,84.24,122.0
дейксис,52.32,0.0,1.0,6.1,39.8,50.8,44.9,14.1,0.2942,92.09,121.0
контекстный,52.28,3.6,6.5,45.8,46.7,47.8,37.1,31.0,0.1637,96.07,123.0
сонант,52.17,1.2,63.1,65.3,44.9,36.6,40.4,33.4,0.3328,92.26,123.0
топонимика,52.12,34.7,45.1,40.3,73.2,40.5,34.6,65.8,0.3157,92.06,123.0
сочинительный,52.06,12.0,33.5,28.1,40.3,47.6,39.2,20.7,0.307,92.7,123.0
афоризм,51.92,76.6,21.6,10.5,33.1,50.0,41.8,15.5,0.3679,89.94,123.0
древнетюркский,51.66,2.4,303.4,131.1,22.1,16.6,27.0,25.4,0.5906,84.36,100.0
синхрония,50.99,3.6,6.9,36.6,49.9,46.9,37.0,19.3,0.2121,95.24,123.0
крылатый,50.95,104.1,47.4,36.0,53.9,40.2,38.5,10.8,0.2671,92.83,123.0
археолог,50.77,28.7,78.9,54.1,45.7,31.6,43.1,40.0,0.2668,93.8,123.0
эвфемизм,50.74,0.0,12.4,17.8,18.4,44.4,45.3,135.9,0.4715,87.95,121.0
морфемный,50.45,3.6,12.1,49.2,48.5,46.5,33.0,24.0,0.2812,92.76,123.0
антонимия,50.44,1.2,6.9,73.4,39.3,47.4,30.1,7.1,0.3202,91.64,123.0
иранский,50.33,21.5,68.0,57.7,37.4,28.7,47.0,71.9,0.4167,90.3,120.0
лакский,50.32,6.0,41.3,21.7,26.7,44.0,44.2,1.4,0.6895,81.18,100.0
числительное,49.96,89.8,49.0,28.7,55.6,45.6,30.3,15.5,0.3631,89.88,123.0
пресуппозиция,49.92,0.0,1.8,49.0,56.6,49.7,27.3,21.2,0.3165,91.49,120.0
чередование,49.87,69.4,69.8,65.8,37.0,31.5,40.5,53.6,0.2756,93.06,123.0
диалектологический,49.85,47.9,151.6,71.4,32.1,33.2,30.0,23.0,0.3278,91.61,120.0
референциальный,49.05,0.0,0.7,14.3,34.8,41.6,48.2,23.0,0.2719,93.04,120.0
синонимичный,48.43,25.1,49.2,57.6,44.0,36.9,33.4,58.8,0.1749,95.98,123.0
хакасский,48.31,4.8,123.5,57.6,31.4,31.3,35.5,36.7,0.5269,87.16,118.0
маркированный,48.11,2.4,7.7,30.4,48.1,38.8,42.0,26.3,0.2255,94.15,123.0
рефлексия,47.98,3.6,1.3,2.6,36.0,45.4,42.7,27.7,0.33,91.54,120.0
имперфектив,47.79,1.2,2.0,2.3,9.2,12.0,88.2,91.7,0.6738,77.81,110.0
переходность,47.41,0.0,23.7,45.9,30.6,49.7,26.0,10.8,0.2945,92.44,123.0
адыгейский,47.31,2.4,3.8,8.7,41.3,49.6,31.8,56.4,0.5515,83.92,118.0
глухой,47.19,83.8,109.8,56.5,39.2,27.4,36.6,39.0,0.3273,92.06,123.0
генитив,46.99,0.0,1.5,27.4,47.7,33.8,44.0,104.9,0.4913,86.37,119.0
локализация,46.87,0.0,11.1,15.7,38.3,36.3,46.7,42.8,0.2428,93.38,123.0
родовой,46.74,43.1,51.8,53.0,47.3,36.3,30.2,55.5,0.2125,94.89,123.0
узуальный,46.74,0.0,2.0,29.7,44.9,47.2,29.8,26.8,0.2625,93.93,123.0
машинный,46.27,12.0,11.4,51.6,52.7,42.0,27.7,19.3,0.2823,92.62,123.0
притяжательный,46.2,7.2,69.6,49.1,50.6,27.5,39.6,29.6,0.3716,90.49,123.0
осетинский,46.14,16.8,25.0,33.4,9.2,39.0,42.9,32.9,0.5317,83.56,120.0
туркменский,46.1,13.2,389.0,139.1,17.0,12.6,9.2,4.2,0.6458,79.03,119.0
билингвизм,45.73,0.0,5.6,17.8,26.2,34.9,49.2,30.6,0.393,89.32,123.0
каузативный,45.6,1.2,20.3,43.5,42.2,38.6,33.3,30.1,0.3725,90.49,123.0
частичный,45.49,23.9,24.5,41.5,37.7,38.6,33.3,39.0,0.1515,96.34,123.0
балтийский,45.27,25.1,32.3,29.7,64.6,24.1,46.5,41.4,0.3929,90.7,123.0
инфинитивный,45.16,57.4,8.8,37.6,37.3,34.5,37.0,110.0,0.3295,92.04,123.0
этнолингвистический,45.08,0.0,9.5,11.2,23.5,38.8,44.2,36.2,0.2668,93.94,123.0
переводный,44.94,25.1,19.4,36.5,32.9,37.6,35.5,53.1,0.2023,95.23,123.0
экспрессия,44.92,73.0,29.4,57.0,41.7,38.7,27.3,13.2,0.2205,94.85,123.0
семасиология,44.91,8.4,12.1,56.2,46.0,44.7,22.0,12.7,0.2747,93.98,123.0
метонимия,44.84,7.2,9.0,20.7,34.0,43.7,32.3,48.9,0.3025,91.78,123.0
обстоятельственный,44.53,8.4,23.7,55.1,47.4,38.6,27.2,16.5,0.2752,93.42,122.0
возвратный,44.41,18.0,34.3,52.2,25.7,35.6,34.2,34.3,0.3777,90.74,120.0
инвариантный,44.38,0.0,4.4,44.7,48.1,43.6,25.3,9.9,0.242,94.31,123.0
акустический,44.31,2.4,41.7,53.1,35.7,34.7,32.2,27.7,0.2989,92.93,123.0
востоковед,44.01,4.8,137.9,58.3,23.8,23.2,36.0,30.1,0.3078,91.74,123.0
словник,43.73,20.3,28.3,65.2,38.5,30.9,34.1,20.2,0.2189,94.71,123.0
предикатный,43.44,0.0,16.0,50.2,55.4,40.0,23.2,18.3,0.2712,93.56,123.0
вхождение,43.42,6.0,12.4,25.3,28.5,31.0,43.4,87.0,0.2494,93.3,123.0
дейктический,43.32,0.0,3.6,13.9,37.0,40.2,35.6,28.2,0.3049,92.16,121.0
рифма,43.32,118.5,117.5,46.6,29.5,35.0,22.2,8.0,0.4074,89.28,123.0
атематический,43.3,15.6,23.2,37.2,45.0,38.4,28.6,24.4,0.192,95.19,123.0
посессивный,42.72,0.0,33.2,27.2,23.2,27.3,45.8,68.6,0.4717,86.76,122.0
метонимический,42.53,4.8,6.0,23.6,32.0,43.1,28.4,39.5,0.2562,93.55,123.0
винительный,41.94,88.6,119.4,55.6,30.8,26.6,27.1,20.7,0.3407,91.79,123.0
общеупотребительный,41.78,40.7,33.8,47.0,28.9,36.4,27.9,15.5,0.1903,95.43,123.0
глосса,41.21,26.3,53.9,36.2,31.7,27.2,36.6,43.3,0.2556,93.97,123.0
просодия,41.15,2.4,2.6,34.5,40.5,39.1,26.1,48.0,0.4082,89.78,119.0
фреймовый,41.03,0.0,0.0,0.8,21.3,38.0,39.7,38.6,0.4135,90.33,114.0
гендерный,40.83,0.0,0.0,0.0,0.3,21.2,61.8,127.4,0.5263,84.02,102.0
транскрипция,40.79,75.4,85.4,31.4,25.1,29.4,30.8,43.7,0.2835,93.27,123.0
азбука,40.7,53.9,28.1,24.4,25.2,29.4,40.3,20.2,0.2564,93.58,123.0
гипертекст,40.04,0.0,0.3,0.5,2.3,38.0,42.8,13.2,0.5498,84.51,112.0
словосложение,39.7,8.4,20.6,34.1,26.8,41.4,22.6,6.6,0.3537,91.68,122.0
датский,39.68,37.1,52.9,52.2,27.6,26.9,31.5,30.6,0.2185,94.23,123.0
аорист,39.67,6.0,18.8,18.3,34.6,18.5,51.5,54.1,0.5393,84.09,111.0
вокализм,39.67,7.2,55.5,35.9,35.9,27.3,33.6,11.3,0.3423,92.15,122.0
тропа,39.67,28.7,24.7,31.8,44.1,32.7,27.4,48.9,0.2231,94.64,123.0
чеченский,39.66,1.2,2.9,22.3,11.9,35.8,37.8,6.6,0.7151,79.24,106.0
консонант,39.38,1.2,35.5,43.5,35.1,27.7,32.7,29.2,0.3218,92.06,122.0
грузин,39.33,40.7,65.0,127.7,45.2,16.9,22.4,10.8,0.4565,80.76,123.0
антонимический,39.27,7.2,12.3,58.5,26.3,36.8,23.3,6.1,0.3259,92.3,123.0
подтекст,38.95,38.3,11.1,22.0,49.0,33.2,28.0,42.3,0.3441,90.17,123.0
терминоведения,38.9,0.0,0.0,1.7,20.4,35.5,39.1,8.5,0.3705,91.55,112.0
литовский,38.73,37.1,52.6,68.4,36.1,15.8,38.4,19.3,0.416,88.53,123.0
предикативность,38.62,3.6,29.9,49.0,55.3,30.9,22.5,9.4,0.2836,93.16,122.0
эргатив,38.62,0.0,0.8,9.7,43.6,28.4,40.0,18.3,0.5619,84.92,111.0
архетип,38.15,0.0,16.5,11.6,20.5,31.3,38.6,10.3,0.2815,91.45,123.0
маркирование,37.92,0.0,0.3,2.6,11.0,16.1,61.7,51.2,0.563,76.62,117.0
идиолект,37.79,3.6,1.8,3.5,12.3,34.0,38.8,30.6,0.3767,91.55,120.0
приставочный,37.75,27.5,16.7,22.5,37.3,25.8,35.3,72.4,0.4175,88.45,123.0
детерминант,37.65,0.0,7.8,43.3,32.7,34.3,25.2,6.6,0.3956,88.82,123.0
синтетический,37.54,79.0,29.7,32.8,37.3,28.7,27.1,58.3,0.2518,94.11,123.0
синкретизм,37.24,0.0,6.2,12.2,28.2,38.6,26.1,23.0,0.3328,91.42,123.0
словоизменение,36.92,22.7,29.1,44.5,36.5,28.5,25.5,38.6,0.2687,93.65,123.0
этнолингвистика,36.85,0.0,0.0,2.1,19.3,33.7,36.3,21.2,0.2655,93.77,115.0
перфективный,36.79,0.0,4.9,5.9,7.4,10.2,66.1,50.8,0.6375,74.63,107.0
подчинение,36.75,7.2,51.3,33.6,38.5,31.5,21.6,18.3,0.2255,94.06,123.0
нарративный,36.69,0.0,2.6,1.6,20.0,29.8,40.7,18.3,0.3643,91.57,117.0
безударный,36.45,79.0,61.9,43.0,28.9,23.1,27.1,69.6,0.3261,92.25,123.0
параллелизм,36.32,28.7,42.2,31.7,44.2,26.5,26.9,18.8,0.2339,91.33,123.0
подчинительный,36.32,23.9,35.5,30.1,40.5,34.1,19.5,11.3,0.2749,93.09,123.0
префиксальный,36.25,3.6,6.2,34.5,35.7,30.8,27.2,18.3,0.2748,93.62,122.0
окказионализм,36.15,23.9,10.0,20.6,33.3,33.6,26.5,11.8,0.3809,90.09,123.0
ареальный,36.06,0.0,33.2,53.9,29.0,25.3,27.8,22.6,0.2879,92.99,123.0
деепричастный,35.85,27.5,48.0,53.5,34.9,23.7,24.2,61.6,0.3951,90.66,118.0
генезис,35.67,2.4,19.1,34.3,30.5,28.9,28.3,12.7,0.1465,96.56,123.0
монологический,35.54,2.4,6.7,41.5,49.3,31.4,20.8,4.7,0.3159,92.66,123.0
ассимиляция,35.51,6.0,36.3,28.8,21.0,29.7,27.1,35.7,0.2222,94.8,123.0
императивный,35.27,0.0,18.3,5.1,24.3,30.1,33.9,8.5,0.3644,90.1,123.0
армянский,34.88,7.2,74.2,73.2,15.9,21.2,23.7,32.9,0.4765,86.21,122.0
спряжение,34.77,22.7,40.4,27.0,29.6,16.6,39.0,52.7,0.436,87.73,112.0
венгерский,34.26,23.9,103.9,48.0,38.0,18.7,22.6,16.9,0.4308,88.22,123.0
пароним,34.2,18.0,6.0,27.4,21.9,34.5,22.6,11.3,0.4558,86.7,122.0
эллипс,34.06,7.2,7.7,21.0,33.0,26.7,31.1,11.3,0.3315,91.4,123.0
дистрибутивный,33.97,1.2,6.2,42.6,32.2,27.2,24.7,40.9,0.2144,94.59,123.0
диалектика,33.64,14.4,19.4,58.2,27.0,30.5,17.2,6.6,0.2429,94.11,123.0
компаративный,33.62,1.2,2.3,13.7,32.7,30.3,28.0,7.5,0.3634,90.79,120.0
корейский,33.54,10.8,10.6,7.4,26.7,30.8,27.2,42.3,0.4935,84.97,120.0
аспектология,33.36,0.0,0.5,21.7,36.8,32.9,21.5,8.5,0.2685,93.61,121.0
строфа,33.25,152.0,50.6,47.9,39.8,22.1,20.0,12.7,0.3989,90.42,123.0
каламбур,33.01,107.7,26.6,25.4,27.7,27.8,23.7,6.1,0.4121,87.76,123.0
языковедение,32.77,9.6,11.3,26.6,23.5,30.8,23.5,7.1,0.2235,95.21,123.0
грузинский,32.5,28.7,53.6,111.6,34.8,14.0,17.8,8.9,0.4821,79.84,123.0
енисейский,32.44,4.8,137.6,52.8,12.0,15.1,23.6,28.7,0.4891,87.57,120.0
аккузатив,32.13,2.4,2.1,5.9,16.9,16.8,44.2,73.3,0.5942,80.78,105.0
каракалпакский,32.09,6.0,245.7,115.9,15.5,6.1,7.9,2.4,0.6661,79.29,89.0
эллипсис,31.79,7.2,7.0,17.8,30.1,24.6,29.9,11.3,0.3472,90.95,123.0
вологодский,31.64,31.1,25.3,25.3,22.9,20.2,30.8,53.6,0.3855,90.58,121.0
иронический,31.56,63.4,33.2,29.3,20.5,27.3,21.5,10.8,0.289,92.78,122.0
аффиксальный,31.31,3.6,39.7,41.5,25.3,24.1,21.6,9.9,0.3059,92.35,123.0
диалектизм,31.15,77.8,58.7,31.8,24.3,27.5,15.3,19.3,0.366,90.15,122.0
датив,30.89,0.0,2.8,5.4,19.3,12.8,46.4,62.5,0.5601,83.36,109.0
архаичный,30.83,20.3,28.4,25.7,27.3,22.1,25.9,35.7,0.2125,95.23,123.0
словоизменительный,30.73,9.6,27.4,25.7,34.8,19.9,27.0,38.6,0.3578,91.4,121.0
финитный,30.65,0.0,5.9,29.5,24.8,19.1,31.3,55.5,0.4549,88.58,115.0
фольклорист,30.48,10.8,45.1,40.6,23.5,18.9,25.6,19.3,0.2844,93.58,123.0
клише,30.38,8.4,5.2,11.4,25.5,31.8,19.6,23.0,0.2744,90.81,123.0
агенс,30.32,0.0,2.9,30.7,17.2,21.6,30.8,17.4,0.3752,89.73,122.0
карельский,30.3,12.0,5.6,8.1,18.9,14.2,41.0,92.2,0.5525,77.61,117.0
микрополе,30.1,0.0,0.2,11.0,24.1,36.6,14.9,2.8,0.4479,87.82,113.0
редукция,29.73,6.0,33.3,32.9,21.1,20.2,24.8,48.9,0.2818,91.85,123.0
англицизм,29.67,0.0,0.0,5.9,23.3,26.3,28.0,8.9,0.424,88.65,118.0
волгоградский,29.67,3.6,6.2,9.0,13.5,19.3,37.1,24.9,0.3355,91.55,121.0
слоговой,29.61,7.2,26.3,30.8,21.8,23.5,22.9,12.7,0.3494,91.46,121.0
дистрибуция,29.57,0.0,12.1,28.8,19.7,23.3,24.8,36.2,0.2233,94.71,123.0
концептуализация,29.47,0.0,0.0,0.2,13.1,29.4,27.0,13.2,0.2905,93.87,113.0
древнеанглийский,29.33,0.0,2.0,20.7,25.0,25.9,24.1,4.7,0.5395,87.12,117.0
антропоцентризм,29.26,0.0,0.0,0.4,11.8,27.3,29.4,13.2,0.3058,92.95,111.0
референтный,29.14,0.0,0.3,20.1,26.7,24.7,24.1,31.5,0.2462,94.1,120.0
диалектический,28.88,9.6,33.8,61.1,29.1,21.4,15.1,6.1,0.2449,93.62,123.0
звонкий,28.54,46.7,76.8,44.0,26.0,15.8,19.5,18.3,0.3908,90.3,118.0
редупликация,28.39,0.0,2.3,15.1,9.2,15.8,38.1,39.0,0.5255,80.98,121.0
тюменский,28.17,0.0,8.5,9.4,5.1,29.2,22.6,24.0,0.435,89.41,122.0
ингушский,28.06,2.4,3.8,20.1,8.5,25.6,25.4,1.9,0.6576,78.17,107.0
немецкоязычный,28.01,0.0,0.0,1.8,7.4,17.1,39.9,19.7,0.4947,87.39,110.0
архаизм,27.73,57.4,41.5,25.3,41.4,20.2,16.8,14.1,0.3114,91.64,122.0
креол,27.56,1.2,0.2,3.0,4.4,19.6,36.4,12.2,0.4665,87.63,113.0
перфектный,27.56,0.0,2.6,22.2,22.0,15.8,32.5,19.7,0.4765,76.18,120.0
адвербиальный,27.51,0.0,4.1,21.5,25.7,22.6,23.3,8.9,0.3487,91.17,123.0
калька,27.51,39.5,21.1,34.8,22.7,21.6,19.1,24.9,0.2809,92.52,123.0
плюсквамперфект,27.36,0.0,4.6,10.1,9.7,18.3,31.9,68.6,0.6377,79.48,112.0
презенс,27,1.2,2.1,18.1,23.0,13.9,30.4,112.4,0.4915,87.14,108.0
обособленный,26.81,26.3,40.8,42.1,25.4,20.9,14.4,13.6,0.3273,90.89,123.0
тюркологический,26.69,4.8,168.6,72.8,11.9,8.6,11.5,8.0,0.6054,82.86,89.0
говорение,26.63,27.5,15.0,19.9,23.7,25.6,16.3,15.5,0.2285,94.47,123.0
анафорический,26.43,12.0,4.2,24.1,23.0,23.1,19.2,27.7,0.3599,89.61,123.0
переводной,26.18,31.1,12.7,20.6,18.5,21.3,21.1,37.6,0.2284,94.34,123.0
рязанский,26.17,25.1,26.1,25.0,33.1,15.7,23.4,10.8,0.37,90.54,123.0
сербский,26.12,13.2,21.9,9.7,14.9,13.5,32.3,55.5,0.4516,88.07,118.0
прогрессив,25.99,26.3,40.7,32.1,13.9,14.4,25.3,20.7,0.3807,85.35,123.0
нейтрализация,25.92,15.6,15.4,29.7,25.2,24.2,14.1,17.4,0.2397,93.68,123.0
пунктуационный,25.91,22.7,19.0,11.8,22.8,24.0,18.6,3.3,0.413,89.14,123.0
калькирование,25.75,4.8,11.3,31.2,14.1,20.0,21.7,22.1,0.2997,92.59,123.0
букварь,25.72,2.4,13.9,17.5,6.0,3.2,48.3,1.4,0.7294,56.15,95.0
наречный,25.56,10.8,13.7,24.3,21.4,22.8,17.3,16.0,0.2572,92.54,123.0
тональность,25.55,31.1,15.2,13.9,12.3,20.2,23.5,35.3,0.3211,89.88,123.0
жаргонный,25.48,39.5,13.2,5.8,23.5,27.6,14.0,16.5,0.3798,90.82,123.0
компрессия,25.43,0.0,1.3,26.2,22.3,21.7,20.0,3.8,0.3968,89.01,122.0
антропонимика,25.4,21.5,6.9,9.5,12.5,27.4,17.4,6.6,0.3546,91.81,120.0
составляющая,25.02,0.0,1.0,3.2,12.3,21.1,26.2,25.4,0.2247,94.82,122.0
импликация,24.93,1.2,0.2,14.0,25.9,23.9,17.7,8.9,0.3039,92.15,119.0
южнославянский,24.93,26.3,21.7,13.0,15.6,17.3,25.5,13.6,0.4513,87.83,117.0
граммема,24.87,0.0,0.0,3.6,24.1,11.8,33.9,54.1,0.5788,84.06,106.0
статив,24.79,0.0,0.5,13.1,29.4,14.6,28.3,16.9,0.4913,84.28,118.0
страдательный,24.55,37.1,51.6,47.9,16.0,15.8,15.4,6.1,0.3428,90.9,121.0
западноевропейский,24.51,27.5,34.5,25.8,16.6,20.1,16.2,21.2,0.1779,95.6,123.0
омонимичный,24.5,16.8,19.8,21.6,15.7,22.0,17.1,12.2,0.2815,91.47,123.0
словацкий,24.24,31.1,39.2,25.3,17.0,19.9,15.6,9.9,0.3318,89.28,122.0
избыточность,24.21,13.2,6.0,19.8,13.6,14.2,29.0,9.4,0.3525,78.43,123.0
эллиптический,24.21,3.6,9.8,15.4,38.9,21.4,15.0,3.8,0.4169,89.03,123.0
индикатив,24.19,0.0,28.8,20.9,22.3,12.4,24.7,53.6,0.4064,89.43,120.0
эргативный,24.05,0.0,0.8,7.5,27.6,19.8,22.1,6.1,0.5502,85.12,109.0
социолект,23.94,0.0,0.0,0.5,12.3,22.5,23.1,11.8,0.5381,84.06,110.0
рефлексивный,23.74,0.0,3.1,5.5,14.9,20.8,22.5,20.7,0.3955,87.55,120.0
шведский,23.46,12.0,20.1,21.8,23.3,14.6,22.3,16.0,0.3925,89.28,123.0
инверсия,23.4,28.7,19.1,31.6,13.5,17.1,19.1,9.9,0.3486,87.04,123.0
сигнификат,23.38,0.0,1.6,26.1,34.1,20.7,13.2,20.2,0.2718,93.58,122.0
археология,23.09,7.2,26.1,19.3,17.2,15.7,21.2,18.8,0.2035,95.23,123.0
семема,23.08,0.0,5.2,28.6,23.1,21.7,13.3,6.1,0.3977,90.02,120.0
гипоним,23.06,0.0,0.5,21.8,20.3,18.9,19.5,7.1,0.3374,86.5,117.0
древнегреческий,22.97,34.7,17.0,20.8,20.7,14.9,21.8,9.9,0.2912,93.37,123.0
парцелляция,22.96,0.0,10.5,23.7,16.9,21.9,14.6,6.6,0.4526,85.01,119.0
инструментальный,22.91,3.6,11.4,17.8,13.3,17.8,20.9,22.6,0.3218,90.91,123.0
помета,22.85,61.0,40.2,31.9,19.6,15.8,14.5,20.2,0.3568,92.01,122.0
дескриптивный,22.44,0.0,2.0,12.5,19.0,18.2,20.2,25.9,0.2342,94.34,123.0
итератив,22.42,0.0,1.0,19.6,13.7,9.6,29.2,66.8,0.4912,83.88,113.0
идиоматический,22.24,4.8,20.7,15.4,16.1,19.5,16.1,19.3,0.2869,91.76,123.0
многоязычие,22.04,0.0,3.3,11.5,13.6,20.5,16.5,53.1,0.3756,90.68,123.0
жестовый,21.99,0.0,0.2,2.5,2.7,18.6,23.2,63.5,0.6104,81.78,101.0
пословичный,21.87,9.6,7.7,5.2,13.4,19.4,19.7,17.4,0.4284,87.84,118.0
акцентуация,21.85,1.2,10.1,12.2,15.1,19.6,17.5,14.1,0.3808,89.1,123.0
контаминация,21.85,18.0,18.5,13.8,18.8,17.1,18.5,9.9,0.2233,93.91,123.0
разметка,21.75,0.0,0.5,0.5,0.9,18.1,24.8,46.1,0.6673,78.99,92.0
славянизм,21.74,77.8,39.5,13.2,34.9,15.5,13.3,6.1,0.4295,89.17,108.0
преверб,21.72,0.0,1.3,7.9,23.9,9.9,26.8,81.3,0.6035,82.85,87.0
редуцированный,21.64,76.6,13.9,14.6,12.3,13.6,22.5,26.8,0.3543,90.45,121.0
восклицательный,21.58,40.7,11.4,21.5,33.1,17.3,13.3,5.6,0.333,90.37,123.0
еврейский,21.49,21.5,11.6,25.1,20.4,14.0,19.2,17.4,0.416,88.24,122.0
залоговый,21.47,0.0,33.2,43.3,16.6,15.7,12.3,2.8,0.4024,89.75,120.0
смычный,21.44,3.6,48.0,26.7,14.4,11.5,19.3,13.2,0.4272,89.4,104.0
дифтонг,21.42,9.6,45.4,21.3,12.8,13.0,18.7,26.3,0.4405,88.77,115.0
антропонимии,21.34,2.4,17.6,18.1,10.8,21.0,13.0,23.5,0.3893,90.12,119.0
сатирический,21.22,99.3,47.5,35.8,16.6,15.3,10.5,3.3,0.331,91.99,121.0
византийский,21.19,16.8,30.9,22.1,22.9,13.7,17.2,5.6,0.4218,90.1,119.0
хорватский,21.11,51.5,18.5,37.3,21.2,10.9,17.8,24.9,0.4418,88.53,118.0
звукоподражательный,21.1,59.8,36.4,18.9,20.8,12.0,18.8,9.4,0.4508,87.4,121.0
археологический,20.85,7.2,35.5,25.3,20.8,12.2,17.2,17.4,0.3596,91.68,120.0
оценочность,20.81,0.0,0.3,9.5,18.4,20.3,15.5,9.4,0.2378,94.58,122.0
употребительность,20.8,38.3,20.3,25.4,21.7,16.2,13.5,8.9,0.2073,95.09,123.0
микротопоним,20.7,0.0,9.0,11.9,17.6,16.4,18.3,21.2,0.4657,85.38,109.0
эрзянский,20.62,1.2,2.1,4.3,13.4,22.8,14.0,7.5,0.7127,74.98,87.0
формообразование,20.57,0.0,14.2,17.6,25.0,19.4,11.3,5.2,0.2815,93.38,123.0
румынский,20.48,15.6,19.9,7.4,9.1,15.6,19.4,39.5,0.5552,73.66,115.0
лингвокультурный,20.36,0.0,0.0,0.0,0.7,12.9,29.7,18.3,0.4493,88.96,101.0
лингвокультурология,20.36,0.0,0.0,0.0,1.4,15.1,26.7,17.4,0.3695,91.52,102.0
вьетнамский,20.34,6.0,1.8,14.3,17.9,16.8,17.7,8.5,0.559,84.92,116.0
словопроизводство,20.34,9.6,7.0,21.6,18.1,20.0,11.5,1.9,0.3238,92.59,123.0
эргоним,20.31,0.0,0.0,0.2,2.0,10.8,31.0,37.1,0.726,78.74,82.0
утвердительный,20.23,9.6,10.5,26.7,20.7,11.3,19.4,23.5,0.3148,92.23,123.0
дифференцированный,20.09,8.4,14.1,22.6,16.7,13.3,18.7,5.2,0.2973,84.33,123.0
праязык,20.07,4.8,39.0,25.5,15.5,13.6,13.9,30.6,0.3768,90.83,122.0
историзм,20.03,20.3,27.9,23.5,16.9,17.6,10.9,5.2,0.3081,91.57,123.0
олицетворение,19.97,14.4,18.3,10.3,45.3,16.2,9.6,19.3,0.3803,84.38,123.0
синхронический,19.96,4.8,7.8,16.7,18.1,16.6,15.7,12.2,0.1897,95.5,123.0
трансляция,19.94,0.0,1.5,0.7,3.9,18.7,19.6,32.9,0.3047,92.94,119.0
истолкование,19.76,29.9,26.1,21.9,20.4,14.7,13.5,7.1,0.1851,95.65,123.0
посессор,19.68,0.0,0.0,1.7,4.6,14.1,21.8,98.7,0.6817,79.34,80.0
лингвостилистика,19.51,0.0,1.1,20.0,17.7,19.4,11.7,4.2,0.3042,93.38,118.0
аллофон,19.46,0.0,6.0,6.8,17.0,18.1,15.3,11.8,0.5145,86.45,111.0
медиатекст,19.35,0.0,0.0,0.0,0.1,2.6,40.3,23.0,0.6551,81.0,77.0
вариация,19.33,13.2,11.1,15.4,19.3,15.9,14.5,13.2,0.1639,95.72,123.0
вокальный,19.15,26.3,37.6,18.4,9.0,13.1,15.3,28.2,0.4505,88.17,117.0
губной,19.07,7.2,63.9,39.3,12.0,9.8,11.6,22.6,0.4454,88.88,109.0
лексикализация,19.06,3.6,4.6,13.1,15.2,16.4,13.5,64.4,0.3119,91.01,123.0
флективный,18.98,1.2,6.7,17.8,23.2,16.5,11.7,28.7,0.3176,90.93,123.0
морфонологический,18.97,1.2,4.1,21.0,19.2,13.8,15.3,35.7,0.3778,90.91,119.0
орфоэпический,18.83,29.9,20.7,21.5,20.5,14.1,12.6,13.6,0.3248,92.56,121.0
реляционный,18.83,1.2,2.5,18.9,16.9,16.3,13.7,16.9,0.3046,92.92,122.0
жаргонизм,18.8,22.7,6.9,8.6,24.0,16.1,14.0,6.6,0.3727,89.75,123.0
медиадискурс,18.74,0.0,0.0,0.0,0.0,0.9,40.9,28.2,0.7101,80.31,52.0
профессионализм,18.68,18.0,7.7,8.8,9.1,16.3,16.9,5.6,0.3273,90.07,123.0
сентенциальный,18.68,0.0,0.0,2.7,6.8,9.2,26.8,58.8,0.6599,78.84,97.0
близкородственный,18.6,8.4,15.7,25.4,14.7,13.8,13.7,16.0,0.28,93.47,123.0
немаркированный,18.49,1.2,4.4,12.4,22.8,13.6,16.5,8.9,0.3655,90.61,121.0
ненормативный,18.43,6.0,5.7,7.2,18.0,16.7,14.2,13.6,0.3365,84.32,122.0
запятая,18.27,99.3,30.4,19.2,16.3,13.1,12.1,7.1,0.3943,90.43,113.0
мокшанский,17.9,2.4,2.0,10.0,10.8,12.3,19.2,38.1,0.7086,79.81,73.0
оптатив,17.86,0.0,8.7,10.8,14.0,14.7,15.6,8.0,0.5029,85.86,116.0
тональный,17.86,1.2,1.8,11.0,9.7,13.2,17.8,42.8,0.481,86.16,114.0
костромской,17.78,14.4,9.6,10.7,17.5,13.4,15.3,22.6,0.4531,86.56,120.0
пермяцкий,17.77,1.2,2.5,1.2,31.0,10.9,19.2,7.5,0.7217,75.48,81.0
звучащий,17.66,14.4,4.1,7.2,13.3,16.6,13.9,8.9,0.3237,91.82,122.0
изолированный,17.63,9.6,16.3,21.0,22.0,12.6,12.3,13.6,0.1886,95.4,123.0
изречение,17.54,29.9,19.6,10.1,18.5,12.7,14.1,20.7,0.2834,92.82,123.0
индийский,17.3,26.3,19.3,18.2,18.4,12.1,12.7,20.2,0.3786,91.63,122.0
суффиксация,17.28,2.4,5.9,13.7,16.4,17.8,9.4,7.5,0.2986,93.5,123.0
консонантный,17.26,0.0,12.9,22.8,14.8,11.7,14.0,24.9,0.3477,92.54,121.0
консонантизм,17.2,1.2,17.5,15.5,17.9,12.8,13.7,3.3,0.3951,90.36,118.0
имперфективный,17.15,0.0,1.0,0.9,2.5,4.5,32.2,16.9,0.6666,72.03,87.0
артикуляция,17.07,9.6,33.2,21.3,10.3,11.8,11.6,38.1,0.3349,91.59,119.0
германист,17.05,1.2,2.3,8.7,11.2,12.1,18.9,6.6,0.4205,89.76,116.0
морфонология,17.01,0.0,0.8,31.0,14.4,12.5,12.5,18.8,0.3652,89.12,121.0
саамский,16.9,2.4,8.2,3.1,14.5,8.4,22.7,15.0,0.5655,83.34,91.0
латынь,16.75,19.1,5.6,10.2,19.9,9.4,15.4,83.2,0.363,88.98,119.0
крымский,16.65,10.8,71.2,30.4,15.6,6.3,10.8,16.5,0.4057,85.35,122.0
квантор,16.61,0.0,0.5,6.2,21.4,12.9,14.8,18.3,0.4942,86.45,110.0
сегментация,16.61,0.0,3.6,12.3,18.9,16.4,9.8,7.1,0.3095,91.19,122.0
графика,16.56,16.8,33.5,13.6,17.9,10.1,13.6,10.8,0.2695,92.47,123.0
курский,16.51,13.2,11.6,21.6,17.8,11.0,13.6,3.8,0.319,92.25,122.0
конституировать,16.48,2.4,3.8,12.4,19.7,15.3,10.6,6.6,0.2973,92.58,123.0
албанский,16.46,1.2,20.3,5.1,4.0,11.3,18.8,6.1,0.5886,79.9,107.0
берестяной,16.38,44.3,15.8,7.0,12.8,10.7,15.0,49.4,0.4884,86.56,105.0
антитеза,16.13,9.6,15.4,13.6,15.6,12.3,12.3,16.9,0.2692,93.44,123.0
неформальный,16.13,0.0,0.0,0.9,7.3,14.3,15.5,37.1,0.3251,90.6,116.0
аффиксация,16.05,6.0,7.2,15.5,12.0,15.9,9.6,4.2,0.3235,92.49,121.0
иконический,16.03,0.0,0.0,0.7,13.8,13.2,16.4,9.9,0.4563,86.35,108.0
фольклористика,16,1.2,23.7,24.5,12.6,10.2,12.5,10.3,0.2882,93.21,123.0
конвергенция,15.99,0.0,2.5,24.0,13.0,11.3,13.8,8.5,0.4543,83.35,117.0
концептосфера,15.99,0.0,0.0,0.0,0.8,14.3,18.3,4.7,0.4385,90.05,98.0
гагаузский,15.91,1.2,115.2,42.6,8.8,5.2,4.8,2.4,0.6889,77.92,77.0
аналитизм,15.87,0.0,4.7,6.4,10.5,15.3,12.8,0.5,0.3666,89.0,122.0
эстонский,15.87,7.2,13.2,10.6,12.5,9.1,17.8,10.8,0.408,84.6,120.0
абхазский,15.85,2.4,2.5,21.1,37.9,10.7,9.2,2.8,0.6627,78.57,85.0
интуиция,15.85,8.4,4.9,7.1,15.9,14.3,11.6,20.7,0.2516,92.77,123.0
иврит,15.83,1.2,0.2,6.5,2.8,12.2,18.8,1.9,0.7565,67.54,83.0
красноречие,15.83,28.7,11.8,19.3,18.7,13.1,9.3,5.6,0.3201,92.05,121.0
сенсорный,15.78,0.0,0.0,3.9,7.6,15.1,13.3,30.6,0.362,89.86,116.0
фонемный,15.68,1.2,30.2,17.4,13.6,12.6,9.3,6.6,0.3151,91.44,121.0
интенсификация,15.61,0.0,3.1,11.3,14.4,15.6,9.5,14.6,0.3095,91.58,122.0
избыточный,15.6,25.1,7.4,10.3,12.0,12.3,13.5,15.0,0.2599,88.92,123.0
междометный,15.34,2.4,2.5,7.0,21.5,14.2,10.5,2.8,0.45,84.98,117.0
маркированность,15.33,0.0,1.0,9.1,17.2,14.1,11.3,3.8,0.2279,94.73,122.0
аффриката,15.32,2.4,30.2,12.1,11.2,9.2,14.4,9.4,0.4477,86.07,104.0
гипероним,15.21,0.0,0.2,6.2,12.5,13.7,13.1,8.0,0.3302,91.37,116.0
языковедческий,15.21,21.5,25.7,21.1,13.8,10.6,10.2,7.1,0.2023,95.21,123.0
изоглосса,15.2,16.8,32.2,24.4,13.5,10.0,9.6,6.6,0.4216,89.42,114.0
обособление,15.09,12.0,18.6,28.1,12.4,12.0,8.1,2.8,0.3205,89.8,123.0
таксономический,14.96,0.0,0.0,5.7,9.7,14.9,11.6,10.3,0.3008,90.91,118.0
грамотность,14.94,63.4,29.7,17.3,14.1,10.8,8.8,9.4,0.3497,86.71,121.0
анафора,14.92,10.8,6.2,8.1,9.5,11.0,14.3,31.0,0.3722,89.89,121.0
изоморфизм,14.74,0.0,2.0,12.3,18.9,13.3,9.8,3.3,0.3133,91.22,122.0
грамотный,14.69,83.8,34.0,16.9,14.7,8.4,10.0,16.9,0.326,92.06,123.0
клауза,14.69,0.0,0.0,0.2,0.1,5.0,23.7,88.9,0.6978,77.9,56.0
алломорф,14.64,0.0,6.0,13.5,5.3,7.2,18.1,38.1,0.4395,88.52,109.0
эмфатический,14.63,4.8,6.0,15.8,24.8,9.6,11.2,9.9,0.3487,90.33,117.0
македонский,14.62,14.4,6.4,5.6,16.8,11.1,12.8,19.3,0.5161,85.62,103.0
арабизм,14.58,3.6,7.4,11.7,12.4,14.6,8.2,12.7,0.602,83.42,89.0
шумный,14.58,18.0,18.0,13.4,11.4,11.2,11.1,8.5,0.3681,88.59,113.0
скандинавский,14.53,7.2,6.0,11.5,11.0,12.7,11.1,8.5,0.3825,86.07,119.0
конститутивный,14.52,1.2,1.5,4.5,7.7,12.7,14.4,2.4,0.3649,91.42,121.0
звукоподражание,14.26,14.4,16.0,7.5,10.0,10.7,13.1,3.3,0.4635,87.03,118.0
вепсский,14.21,0.0,1.8,3.4,9.6,4.3,23.2,20.7,0.6521,70.06,84.0
конъюнктив,14.14,0.0,3.9,6.0,4.2,10.7,15.1,28.2,0.5015,86.03,103.0
долженствование,14.01,13.2,10.5,8.0,14.5,11.9,10.5,6.1,0.3279,88.33,121.0
артикуляционный,13.87,3.6,27.8,14.4,12.2,10.1,8.6,29.2,0.3832,88.52,115.0
новосибирский,13.87,12.0,4.7,9.9,9.9,10.1,13.5,9.9,0.2281,94.78,123.0
терминосистема,13.68,0.0,0.3,9.0,10.5,11.9,11.9,5.2,0.3427,92.24,108.0
графема,13.58,2.4,18.8,8.8,5.9,8.7,14.5,7.5,0.4472,88.71,114.0
транслитерация,13.44,9.6,11.3,5.2,5.8,9.8,14.0,15.0,0.34,91.74,121.0
комплемент,13.42,0.0,2.0,14.5,10.4,8.9,12.1,44.2,0.4481,85.4,116.0
старорусский,13.25,0.0,6.7,13.8,13.9,10.9,9.0,16.5,0.4415,88.39,102.0
пациенс,13.24,0.0,2.0,5.3,7.5,9.7,14.3,20.7,0.457,86.73,109.0
буквенный,13.2,35.9,11.8,10.1,8.5,11.1,9.6,14.6,0.2962,92.41,123.0
словенский,13.19,16.8,8.0,6.6,14.8,8.9,11.1,46.1,0.4526,86.39,110.0
вокалический,13.13,0.0,11.4,8.1,11.4,7.1,15.4,3.3,0.4606,84.88,110.0
сочетаемостный,13.07,0.0,2.8,11.0,13.2,12.7,7.5,19.7,0.2653,93.33,121.0
аффективный,13.05,0.0,1.5,6.4,8.5,10.9,12.5,5.2,0.3383,91.08,118.0
португальский,13,10.8,2.8,17.0,17.5,8.3,9.7,37.6,0.5244,84.18,116.0
агглютинативный,12.95,0.0,24.0,17.8,9.5,9.8,7.8,14.6,0.4017,90.24,116.0
детерминатив,12.91,1.2,5.1,18.9,12.2,10.1,9.3,2.8,0.4876,82.58,110.0
суггестивный,12.91,0.0,0.0,0.5,11.0,13.7,9.3,9.9,0.449,87.52,104.0
автоматизированный,12.87,6.0,4.2,7.3,11.3,13.0,8.0,8.9,0.3859,88.66,119.0
молдавский,12.87,4.8,20.7,56.5,11.6,5.4,4.7,17.4,0.5735,83.43,118.0
древнегерманский,12.85,0.0,1.1,2.4,10.3,12.0,11.2,4.7,0.4735,87.42,110.0
глоссарий,12.84,4.8,14.9,10.3,10.7,9.3,10.8,10.3,0.2806,92.08,121.0
клитика,12.84,0.0,3.1,4.2,4.4,6.5,18.6,10.8,0.5778,82.35,90.0
санскрит,12.84,8.4,15.7,10.2,8.3,9.3,11.4,7.1,0.4103,86.41,118.0
гипербола,12.73,4.8,6.7,6.3,10.9,11.8,9.2,11.3,0.3526,87.45,123.0
латышский,12.72,10.8,19.6,21.8,9.2,6.1,12.1,2.8,0.4512,86.93,122.0
фонематический,12.43,1.2,16.5,8.2,8.7,13.2,5.8,8.0,0.3995,80.45,117.0
ирландский,12.37,2.4,1.8,1.3,13.2,10.4,11.6,5.6,0.5713,81.38,111.0
стопа,12.33,14.4,12.4,8.3,11.5,7.0,12.8,13.6,0.3852,85.08,117.0
новогреческий,12.18,9.6,1.3,5.5,6.9,7.6,15.3,2.8,0.585,83.07,99.0
германистика,12.11,0.0,1.0,5.1,7.1,8.5,14.0,4.7,0.4561,88.97,108.0
пейоративный,12.02,0.0,0.0,1.8,7.5,11.0,11.4,5.2,0.3759,87.9,117.0
гетерогенный,12,0.0,2.9,7.1,10.5,11.1,9.0,5.6,0.3021,92.47,121.0
абсолютив,11.97,2.4,0.7,2.8,4.9,5.4,18.5,9.9,0.6298,69.33,88.0
кельтский,11.89,0.0,2.6,2.9,4.8,8.7,14.0,7.1,0.5088,82.79,109.0
общелингвистический,11.87,2.4,5.4,14.0,10.2,11.1,7.0,5.6,0.2372,94.37,122.0
брянский,11.82,9.6,12.7,8.5,8.0,9.5,9.4,9.4,0.4391,86.5,117.0
русизм,11.79,6.0,13.6,9.2,7.3,9.1,10.2,1.9,0.4441,88.15,112.0
урбаноним,11.78,0.0,0.0,0.5,1.6,6.1,16.1,67.7,0.736,75.05,69.0
цыганский,11.78,29.9,3.3,4.5,7.2,11.6,8.9,0.0,0.6705,78.46,82.0
эвфемистический,11.78,0.0,1.3,9.3,4.7,12.0,7.9,16.9,0.4909,86.78,112.0
мягкость,11.75,50.3,13.4,12.2,10.2,8.6,8.2,14.6,0.3502,91.93,115.0
аканье,11.73,28.7,11.9,7.5,6.8,6.8,13.2,1.4,0.5937,77.17,91.0
сонорный,11.71,14.4,25.7,20.2,11.6,6.6,7.9,9.9,0.40399999999999997,89.72,112.0
иероглиф,11.62,7.2,5.7,1.5,8.9,10.7,9.3,17.4,0.48,82.09,113.0
таксономия,11.54,0.0,0.3,2.4,12.7,11.4,8.5,4.7,0.2665,93.95,117.0
австралийский,11.53,6.0,1.0,7.8,12.2,7.0,12.9,3.8,0.5725,80.62,107.0
тембр,11.53,12.0,4.4,10.8,23.6,8.0,7.8,3.8,0.4248,85.3,117.0
многоязычный,11.5,1.2,2.6,5.4,6.1,8.9,11.3,24.0,0.3192,92.59,119.0
корпусный,11.49,0.0,0.0,0.0,0.3,5.2,18.0,44.7,0.4823,88.06,92.0
беспредложный,11.46,14.4,6.7,16.7,11.5,8.2,8.6,2.8,0.4366,85.3,116.0
сингармонизм,11.44,1.2,32.2,18.9,11.7,6.7,6.8,11.3,0.4928,88.4,94.0
герундий,11.41,0.0,8.3,14.6,6.0,8.2,10.2,3.3,0.5458,83.56,97.0
непродуктивный,11.32,18.0,18.3,8.8,12.3,8.4,7.8,8.0,0.2599,93.38,123.0
коннектор,11.28,0.0,0.0,1.6,4.7,10.2,9.6,49.8,0.5502,82.48,101.0
дескриптор,11.24,4.8,0.5,8.9,6.9,13.9,4.5,4.2,0.5943,75.05,99.0
орфоэпия,11.23,46.7,23.7,11.0,10.4,9.1,5.9,1.9,0.3258,89.84,123.0
стихосложение,11.16,15.6,28.3,19.4,7.3,7.9,6.1,0.5,0.3219,91.47,123.0
метафоричность,11.14,3.6,7.4,5.0,7.9,10.2,8.3,14.1,0.2175,94.66,123.0
полилог,11.12,0.0,0.2,0.7,21.6,8.4,9.7,2.4,0.5186,78.64,107.0
этимологизация,11.09,6.0,14.4,16.7,13.6,8.1,6.4,7.5,0.3035,93.05,119.0
переводоведение,11.08,0.0,0.2,0.4,0.8,10.3,11.4,18.8,0.5204,87.59,96.0
этимон,11.03,0.0,4.2,5.0,7.8,7.8,11.7,8.9,0.3841,87.61,117.0
аблатив,11.02,0.0,1.3,3.2,11.9,3.7,16.3,18.8,0.5838,82.26,78.0
астраханский,10.92,4.8,15.5,18.9,4.1,5.2,11.2,8.9,0.3842,84.69,117.0
генерализация,10.91,2.4,1.8,3.3,4.7,7.2,13.5,11.3,0.3893,77.92,116.0
арготизм,10.88,15.6,2.8,1.7,11.6,12.0,5.4,21.6,0.5236,84.48,104.0
сленговый,10.87,1.2,0.0,0.2,1.8,13.9,6.7,3.8,0.5348,85.26,101.0
аллитерация,10.79,15.6,23.7,21.0,5.7,5.9,8.2,4.2,0.3958,84.24,115.0
йот,10.74,38.3,5.9,7.5,16.1,5.8,10.5,5.2,0.3811,88.69,119.0
заднеязычный,10.63,10.8,20.9,8.0,8.1,7.4,8.5,7.5,0.4036,88.27,106.0
славистика,10.6,2.4,8.3,6.0,8.2,8.3,9.4,5.2,0.2695,93.14,122.0
смягчение,10.6,7.2,7.4,5.2,8.2,8.9,8.6,15.0,0.2639,93.1,122.0
генеративный,10.56,0.0,1.0,3.6,13.9,8.6,8.8,12.2,0.3728,90.34,120.0
тавтология,10.48,13.2,9.6,8.0,9.9,7.6,9.0,2.8,0.5001,82.96,120.0
пиджин,10.46,1.2,0.0,1.7,1.9,11.1,9.0,3.8,0.6598,76.42,82.0
сирконстант,10.44,0.0,0.0,8.2,6.9,8.6,9.2,12.7,0.4127,89.95,108.0
компаративистика,10.38,2.4,4.7,9.0,9.6,8.8,7.9,4.7,0.3402,92.52,123.0
лемма,10.35,16.8,1.1,1.6,3.9,8.5,10.6,19.3,0.5317,84.4,107.0
автоматизация,10.28,2.4,8.5,11.4,10.5,9.4,5.7,4.7,0.3359,91.83,120.0
носовой,10.27,41.9,19.4,12.0,6.6,5.2,9.6,10.8,0.3911,89.96,112.0
норвежский,10.16,3.6,4.7,8.9,4.5,8.7,7.2,38.6,0.439,86.12,116.0
итеративный,10.08,0.0,0.7,5.4,8.7,5.8,12.2,10.8,0.44799999999999995,86.85,105.0
сербохорватский,10.03,4.8,1.0,28.6,9.4,5.1,7.7,9.9,0.4774,84.22,111.0
бесприставочный,9.97,9.6,3.6,2.6,9.2,6.3,10.8,22.1,0.5148,84.33,100.0
нидерландский,9.88,9.6,1.3,1.7,6.3,6.9,11.3,14.1,0.4763,85.22,111.0
идиостиль,9.84,0.0,0.0,0.1,4.0,10.4,8.3,6.1,0.4547,89.6,101.0
эвристический,9.83,0.0,1.5,4.0,9.3,9.7,7.0,4.7,0.2786,92.69,120.0
актуализатор,9.79,0.0,0.3,11.8,14.0,8.7,5.7,0.0,0.387,89.25,114.0
исландский,9.78,0.0,6.7,6.9,14.7,6.4,8.6,4.7,0.4838,86.44,111.0
удинский,9.69,0.0,18.1,16.3,4.0,3.3,11.5,1.4,0.6238,75.98,76.0
оксюморон,9.65,1.2,3.9,6.0,12.6,7.2,8.3,2.8,0.3355,89.77,119.0
ямб,9.57,23.9,5.6,7.5,10.2,9.6,4.7,4.2,0.434,85.34,114.0
англосаксонский,9.56,0.0,0.3,0.6,2.0,6.0,13.6,3.8,0.5747,83.11,95.0
каузатор,9.49,0.0,0.8,5.9,5.8,9.0,7.5,5.6,0.4498,85.6,107.0
стяжение,9.48,4.8,13.1,8.2,9.6,6.2,8.2,4.2,0.2846,92.65,121.0
контактирование,9.45,0.0,8.3,12.6,10.0,7.6,5.9,6.1,0.3036,93.0,122.0
архаизация,9.39,12.0,4.4,4.6,11.0,7.8,7.4,0.5,0.4031,87.16,117.0
заударный,9.39,6.0,6.4,7.1,4.7,6.6,9.1,16.0,0.449,87.33,106.0
абазинский,9.35,2.4,1.0,4.2,7.4,8.9,6.0,33.9,0.6932,75.84,73.0
древнеуйгурский,9.29,1.2,51.6,24.5,2.2,2.6,5.9,4.2,0.6151,82.18,71.0
интервокальный,9.23,0.0,30.6,12.4,4.7,3.5,8.4,22.1,0.5112,86.17,93.0
щелевой,9.19,10.8,11.1,14.6,3.5,6.7,6.8,8.9,0.4765,87.61,98.0
австрийский,9.15,1.2,4.4,2.7,14.1,6.2,8.7,3.3,0.4181,82.96,113.0
созвучие,9.13,16.8,24.7,8.2,6.6,7.0,5.3,8.5,0.3405,91.29,119.0
тибетский,09.03,0.0,12.1,3.4,2.8,6.8,9.1,8.0,0.5441,78.35,96.0
паронимия,09.01,1.2,0.5,8.7,5.3,9.0,6.1,2.8,0.4882,85.23,104.0
швейцарский,9,1.2,1.5,10.7,2.1,4.6,11.2,18.3,0.5628,78.22,102.0
англистика,8.99,0.0,0.8,14.3,7.4,7.4,6.3,3.8,0.4281,89.51,106.0
подкорпус,8.96,0.0,0.0,0.0,0.0,2.0,15.5,61.6,0.7006,79.26,58.0
галлицизм,8.95,4.8,1.8,1.6,5.3,8.3,8.2,0.5,0.5799,81.15,101.0
экзотизм,8.93,2.4,3.1,4.2,7.9,8.4,6.6,1.9,0.4224,84.91,110.0
твердость,8.82,9.6,6.5,9.6,9.6,6.9,6.1,5.6,0.3466,91.62,111.0
локализатор,8.62,0.0,0.3,3.1,14.4,6.2,7.9,0.9,0.5816,84.08,84.0
яканье,8.61,6.0,2.3,2.3,4.5,6.7,9.3,3.8,0.6789,75.59,68.0
конверб,8.49,0.0,0.0,0.0,1.0,1.7,16.3,22.6,0.7563,68.47,45.0
сложносокращенный,8.48,37.1,11.6,20.0,2.2,7.5,3.0,2.4,0.4903,84.06,111.0
интуитивный,8.46,1.2,2.6,4.7,9.5,7.6,6.0,7.1,0.2327,94.28,121.0
теоним,8.45,0.0,0.2,1.1,2.5,6.4,10.0,14.1,0.5957,79.88,84.0
когерентность,8.32,0.0,0.0,3.7,6.7,8.2,6.1,8.5,0.3911,87.1,107.0
романистика,8.31,0.0,0.5,3.9,3.2,5.4,10.4,7.5,0.4141,90.42,108.0
топологический,8.3,0.0,0.0,0.8,6.7,8.3,6.4,9.9,0.4843,86.79,105.0
взрывной,8.27,13.2,12.1,9.5,4.7,6.0,6.4,5.6,0.42,88.97,109.0
афористический,8.21,6.0,5.6,1.8,4.7,6.9,7.9,0.9,0.4677,83.64,112.0
декаузатив,8.17,0.0,0.0,0.3,0.3,6.5,10.2,6.1,0.721,72.15,62.0
караимский,8.15,0.0,43.1,21.1,3.1,2.8,4.4,10.3,0.625,80.91,71.0
гомогенный,8.14,0.0,2.1,10.2,7.3,6.8,5.9,2.8,0.3184,92.71,121.0
когнитивистика,08.04,0.0,0.0,0.0,1.3,6.2,9.9,9.9,0.4025,91.35,99.0
семиология,8,0.0,0.0,2.7,5.2,7.9,6.6,2.4,0.3328,93.02,108.0
палатализация,7.96,0.0,7.7,4.8,6.6,4.5,8.9,6.1,0.4665,86.33,101.0
амурский,7.89,1.2,2.3,3.6,1.2,4.2,11.1,8.0,0.5002,81.56,112.0
огласовка,7.86,4.8,22.4,11.3,5.8,3.8,6.2,13.6,0.4825,82.74,92.0
омограф,7.84,0.0,3.4,8.5,14.6,6.5,4.2,2.4,0.5707,73.63,95.0
гипертекстовый,7.75,0.0,0.0,0.5,0.3,8.0,7.3,4.7,0.5593,81.79,90.0
эмфаза,7.71,0.0,2.5,12.4,9.9,5.5,5.3,6.1,0.4714,84.75,103.0
послесловие,7.62,1.2,3.6,5.8,7.1,6.0,6.4,5.2,0.2478,94.49,120.0
партитивный,7.61,0.0,2.1,2.7,3.1,5.5,8.9,1.4,0.4991,82.03,105.0
траектор,7.6,0.0,0.7,0.3,2.7,4.6,9.2,42.3,0.4856,84.75,104.0
алогизм,7.57,6.0,2.1,2.1,4.0,6.7,7.1,1.9,0.3243,87.63,117.0
спрягаемый,7.56,6.0,16.8,11.9,8.2,4.3,5.1,5.6,0.3651,90.88,113.0
оптативный,7.55,0.0,2.6,7.4,8.6,6.4,5.3,0.5,0.5723,82.4,99.0
тавтологический,7.49,8.4,11.9,6.4,12.1,4.7,5.6,0.0,0.4376,86.24,108.0
тонический,7.49,8.4,3.8,8.1,6.0,6.4,5.3,2.8,0.3137,92.33,118.0
голландский,7.47,35.9,11.9,7.1,7.2,5.9,4.2,6.6,0.3482,91.25,119.0
паронимический,7.41,2.4,0.8,3.8,4.5,7.3,5.6,4.2,0.4076,86.25,112.0
эмотивность,7.41,0.0,0.0,2.7,5.6,7.2,6.1,0.5,0.3493,91.87,109.0
оканье,7.39,26.3,18.1,7.7,4.9,4.2,6.2,4.7,0.5016,86.89,90.0
переднеязычный,7.38,1.2,8.3,10.7,5.9,5.2,5.5,5.6,0.5254,85.7,94.0
белгородский,7.32,0.0,3.1,3.8,4.4,4.4,8.6,11.3,0.3416,90.1,117.0
фокусный,7.32,0.0,0.7,1.8,4.7,3.7,9.9,18.3,0.5241,83.77,91.0
энклитика,7.3,0.0,2.8,3.3,2.9,4.1,9.7,5.6,0.5917,80.4,81.0
грамматист,7.29,9.6,11.4,10.7,6.9,4.4,5.4,10.3,0.3268,92.33,122.0
диагностический,7.26,0.0,0.8,0.9,9.7,6.3,6.0,5.6,0.3782,89.04,112.0
регионализм,7.24,0.0,0.3,2.7,9.3,7.4,4.2,8.5,0.5281,79.2,95.0
постфикс,7.22,0.0,11.1,2.0,11.2,5.3,5.5,2.4,0.4528,88.2,98.0
пензенский,7.21,25.1,15.5,7.3,7.0,4.0,6.0,3.8,0.31,91.44,117.0
элатив,7.21,0.0,0.0,1.9,4.7,1.9,11.9,18.8,0.6513,70.09,72.0
парафраз,7.2,0.0,0.8,3.3,4.0,7.7,4.2,20.2,0.508,76.66,110.0
палатальный,7.16,1.2,8.2,6.4,8.4,2.9,8.3,5.6,0.5252,86.57,86.0
онимизации,7.13,0.0,1.1,3.7,6.7,6.2,5.5,14.1,0.3102,92.22,115.0
инхоатив,07.08,0.0,0.7,1.9,2.3,3.5,10.3,12.7,0.5701,82.79,95.0
инвариантность,07.06,0.0,0.7,2.7,10.9,6.7,4.5,1.4,0.2938,91.8,115.0
гипотаксис,07.03,0.0,2.5,8.1,11.4,3.9,6.6,0.9,0.5342,80.23,100.0
канцелярский,07.03,58.6,13.2,8.5,6.9,5.6,3.1,1.4,0.4234,87.11,103.0
интерфикс,07.02,22.7,19.4,6.2,4.4,3.7,6.4,0.9,0.5789,77.45,89.0
канадский,07.02,2.4,0.5,1.6,3.4,4.3,9.1,8.0,0.5365,80.98,94.0
северокавказский,07.02,0.0,3.9,6.2,11.1,4.8,5.6,2.8,0.5047,82.73,109.0
диссимилятивный,6.94,1.2,2.0,1.2,3.0,4.6,8.9,1.4,0.7025,74.07,68.0
кириллица,6.91,8.4,6.0,5.5,7.0,4.4,6.3,9.4,0.3906,90.82,107.0
аксиологический,6.84,0.0,0.0,0.1,2.8,6.1,7.2,4.2,0.3338,92.51,107.0
инкорпорация,6.82,0.0,0.2,2.2,3.7,3.9,8.7,16.0,0.6492,72.61,78.0
терминологизация,6.81,0.0,0.3,3.8,2.5,6.5,5.9,0.9,0.4134,89.72,103.0
эвфемизации,6.79,0.0,0.0,0.5,1.6,6.2,6.9,7.5,0.575,83.6,85.0
фрикативный,6.77,9.6,19.8,8.1,5.3,3.8,4.7,13.6,0.4366,86.86,99.0
экспериенцер,6.74,0.0,0.0,1.7,1.2,3.1,10.3,15.5,0.6695,70.12,73.0
несклоняемый,6.66,6.0,8.5,3.8,5.2,4.2,6.7,2.8,0.5026,83.21,94.0
амбивалентность,6.64,0.0,0.5,0.6,4.3,6.4,5.9,1.9,0.3733,90.26,109.0
аллегория,6.6,9.6,8.0,4.3,8.0,5.1,4.1,18.8,0.3365,85.84,118.0
темпоральность,6.58,0.0,0.7,1.4,4.3,6.7,5.3,0.9,0.3987,90.14,109.0
абсолютивный,6.55,2.4,0.7,2.5,2.8,3.9,8.6,6.1,0.5955,69.06,83.0
метафоризация,6.54,4.8,1.5,1.6,4.3,5.6,6.0,7.5,0.3061,92.21,117.0
диглоссия,6.53,0.0,0.0,2.6,7.6,5.0,6.0,10.3,0.3454,91.25,107.0
обстоятельный,6.53,10.8,21.4,13.0,6.7,3.4,3.4,3.8,0.3104,91.55,120.0
идиш,6.5,1.2,1.0,1.8,1.7,3.1,10.0,2.8,0.6372,75.73,85.0
картвельский,6.5,13.2,3.3,14.1,17.5,3.6,2.7,2.4,0.5678,78.75,89.0
кванторный,6.49,0.0,0.0,2.4,10.1,4.6,6.0,8.0,0.5134,83.28,98.0
метатеза,6.47,1.2,11.3,9.3,5.2,5.8,2.9,1.4,0.4715,76.12,97.0
шотландский,6.44,0.0,1.1,0.7,1.9,3.6,9.4,1.9,0.5931,80.32,96.0
вопросник,6.43,20.3,26.0,9.2,4.8,3.9,3.3,1.4,0.4107,88.01,104.0
гортанный,6.43,6.0,13.1,4.1,3.4,3.9,6.4,4.7,0.5109,85.13,90.0
бесписьменный,6.38,13.2,10.9,8.3,6.5,4.0,4.7,2.8,0.42100000000000004,90.07,104.0
гетерогенность,6.26,0.0,1.5,1.9,10.4,4.1,6.1,4.2,0.3837,88.8,114.0
монофтонг,6.25,1.2,4.6,3.7,4.8,5.6,4.7,2.4,0.5312,84.11,84.0
семантизация,6.21,0.0,1.1,5.5,7.5,5.3,4.5,0.5,0.2298,94.11,118.0
дентальный,6.17,0.0,3.1,4.4,5.8,4.2,6.1,1.9,0.4313,88.51,108.0
референтность,6.14,0.0,0.0,4.9,5.2,4.2,6.3,6.6,0.4763,86.28,101.0
адъективация,6.11,2.4,2.0,9.2,3.6,6.2,3.1,0.0,0.5257,84.27,97.0
ассерция,6.1,0.0,0.0,0.9,2.4,3.7,8.4,4.2,0.5544,85.95,78.0
денотативный,06.08,0.0,0.2,4.2,9.1,5.9,3.5,0.5,0.3183,92.53,113.0
многоточие,06.08,26.3,7.0,5.3,3.0,5.8,3.5,1.9,0.4088,86.08,110.0
древнеиндийский,06.06,16.8,6.0,4.4,7.9,4.5,4.4,1.9,0.47200000000000003,88.07,107.0
контаминировать,06.03,3.6,3.1,2.7,4.4,5.2,5.1,6.1,0.3968,88.33,111.0
хинди,06.03,3.6,4.9,2.7,2.9,5.6,3.7,28.2,0.4958,80.85,94.0
номинализация,5.98,0.0,0.8,3.9,4.3,3.5,6.7,16.9,0.4135,87.96,110.0
звонкость,5.96,0.0,12.4,10.1,6.6,4.2,3.1,4.2,0.4191,90.02,102.0
стиховой,5.96,9.6,9.3,3.8,6.8,5.0,3.8,0.0,0.3906,89.22,108.0
сентенция,5.94,1.2,1.8,2.1,3.3,6.6,3.7,4.7,0.3973,74.27,108.0
морфемика,5.91,0.0,0.0,5.1,5.9,5.6,4.0,0.0,0.3974,91.09,102.0
идиоматичный,5.89,0.0,2.3,5.5,5.3,6.4,2.6,4.7,0.4753,85.45,109.0
реферирование,5.89,3.6,2.3,6.4,4.4,6.0,3.2,0.9,0.4252,85.84,108.0
калужский,5.86,19.1,9.1,6.5,6.8,3.3,4.5,12.2,0.3802,90.83,111.0
агглютинация,5.74,1.2,6.4,10.9,4.8,4.9,2.7,1.4,0.4343,89.0,106.0
древнееврейский,5.72,6.0,6.2,8.4,5.5,3.3,4.7,8.5,0.4519,88.11,101.0
квантификация,5.71,0.0,0.5,1.0,4.7,4.8,5.5,3.8,0.4593,85.48,103.0
непредикативный,5.69,1.2,1.6,4.3,5.6,5.8,3.2,1.9,0.3668,86.61,112.0
реципрок,5.69,0.0,0.0,2.3,8.3,4.1,5.3,4.2,0.5770000000000001,77.42,79.0
сарказм,5.69,7.2,5.7,3.5,2.3,4.4,5.0,10.3,0.341,90.52,113.0
лабиализованный,5.68,1.2,9.6,6.5,5.9,2.5,6.0,0.9,0.5254,85.94,78.0
лабиализация,5.65,0.0,11.9,8.1,4.1,2.7,5.2,5.2,0.5108,85.35,87.0
нивхский,5.56,2.4,3.1,7.0,2.0,4.0,5.2,3.8,0.5952,77.16,82.0
силлогизм,5.55,1.2,0.3,0.8,8.5,7.3,1.3,0.0,0.6349,75.23,71.0
сленгизм,5.53,0.0,0.0,0.2,1.6,6.3,4.3,0.5,0.6265,80.52,68.0
афазия,5.48,0.0,0.7,1.1,3.3,3.1,7.6,1.9,0.5452,77.03,89.0
кириллический,5.47,4.8,1.5,1.6,3.6,2.2,8.0,8.9,0.4911,85.59,89.0
западнославянский,5.46,12.0,7.4,4.4,8.7,3.8,3.5,4.7,0.4448,87.54,94.0
вульгарный,5.45,12.0,8.3,4.7,3.7,5.2,2.7,5.2,0.3697,81.57,113.0
латиница,5.44,4.8,2.3,1.5,2.6,3.9,6.0,8.9,0.4239,89.5,101.0
древнеисландский,5.41,0.0,2.1,3.4,9.3,3.7,4.6,0.0,0.5584,82.32,90.0
плеоназм,5.41,4.8,4.7,8.7,3.0,3.4,4.9,1.4,0.5503,74.21,96.0
акцентология,5.38,1.2,2.9,6.9,6.9,4.5,3.2,1.9,0.4082,87.57,102.0
ульяновский,5.38,9.6,4.1,3.8,5.6,3.7,4.6,7.1,0.3509,88.73,114.0
семантема,5.29,0.0,0.7,3.8,3.2,2.9,6.7,4.7,0.507,72.47,98.0
варваризм,5.26,4.8,4.2,1.5,4.1,5.1,3.7,3.3,0.3774,88.04,109.0
возвратность,5.21,0.0,2.5,3.8,6.5,5.0,3.0,1.4,0.4866,84.49,98.0
латинизм,5.18,0.0,2.3,1.7,4.3,7.0,1.3,3.3,0.59,70.82,91.0
велярный,5.16,0.0,7.5,4.8,2.8,2.1,6.5,3.3,0.5752,71.64,74.0
праязыковой,5.12,0.0,9.1,4.2,3.9,3.2,3.8,25.4,0.4853,86.07,92.0
лингводидактика,5.1,0.0,0.0,0.8,3.5,4.4,5.1,2.8,0.3763,91.02,107.0
лингводидактика,5.1,0.0,0.0,0.8,3.5,4.4,5.1,2.8,0.3763,91.02,107.0
монолингв,05.09,0.0,1.5,1.5,2.6,3.6,5.9,4.7,0.4823,86.22,94.0
умлаут,5,0.0,3.3,2.8,24.1,1.2,3.5,0.5,0.6928,54.18,64.0
суперсегментный,4.98,0.0,2.1,5.9,5.1,4.4,3.2,0.9,0.3553,91.28,112.0
девиация,4.97,0.0,0.0,0.5,0.3,5.0,5.0,0.5,0.6332,72.9,69.0
палатализованный,4.95,0.0,7.7,2.9,2.9,1.8,6.8,2.4,0.6018,79.5,69.0
дешифровка,4.91,1.2,10.0,3.1,3.4,3.5,4.0,3.3,0.3581,90.17,110.0
иносказательный,4.91,13.2,9.3,4.9,4.5,3.9,2.8,5.6,0.3938,86.96,105.0
формализм,4.91,2.4,5.1,3.8,3.8,5.0,2.5,1.4,0.4383,87.9,105.0
грецизм,4.9,7.2,3.9,1.8,3.0,4.1,4.3,1.9,0.5751,81.56,77.0
ассимилятивный,4.86,0.0,5.2,3.7,3.3,3.7,4.1,5.6,0.474,85.91,98.0
вокабуляр,4.85,0.0,0.3,2.7,2.8,4.4,3.9,9.9,0.4471,87.95,104.0
инструменталис,4.85,0.0,0.8,1.0,0.9,2.7,6.7,12.2,0.61,81.53,71.0
хабитуалис,4.85,0.0,0.0,0.0,0.8,0.9,9.4,9.9,0.722,63.29,47.0
фузия,4.82,1.2,5.2,4.2,5.3,3.3,4.1,1.4,0.3267,89.39,114.0
ироничный,4.8,1.2,2.3,1.5,3.6,3.9,4.5,4.7,0.2895,92.91,109.0
силлабический,4.8,4.8,10.5,6.6,4.0,2.6,4.1,0.0,0.534,81.76,86.0
глухость,4.79,1.2,9.8,8.1,4.7,3.5,2.4,3.8,0.4247,89.23,99.0
релятивизация,4.79,0.0,0.0,0.3,0.5,2.5,7.0,17.4,0.6990000000000001,75.17,56.0
старописьменный,4.79,1.2,12.4,5.2,4.0,2.8,3.9,1.9,0.5533,83.58,71.0
антропонимикона,4.78,0.0,0.0,0.5,0.6,4.9,4.3,6.1,0.4623,88.64,84.0
привативный,4.78,0.0,4.1,6.8,6.4,3.4,3.2,0.9,0.3788,90.29,105.0
сирийский,4.77,1.2,15.0,5.9,2.7,2.3,4.4,0.9,0.5072,85.91,87.0
омофон,4.73,6.0,5.7,2.3,4.0,2.9,4.9,2.8,0.4293,86.81,107.0
боковой,4.72,8.4,6.2,6.0,2.8,2.9,3.9,11.3,0.3713,91.42,106.0
означаемое,4.68,0.0,1.6,5.0,5.4,3.4,3.7,7.5,0.3002,93.34,116.0
делимитативный,4.65,0.0,0.8,4.2,2.8,2.2,5.8,12.7,0.5065,80.11,97.0
императивность,4.63,2.4,0.2,1.3,2.2,3.4,5.5,0.9,0.4909,77.66,95.0
наречение,4.62,0.0,5.7,4.3,4.4,3.3,3.5,7.5,0.4136,89.21,104.0
альтернация,4.56,0.0,5.6,4.7,7.0,2.6,3.9,0.9,0.5154,83.28,94.0
подтекстовый,4.56,0.0,0.7,1.6,4.5,3.6,4.2,8.5,0.4576,83.41,100.0
аблаут,4.55,1.2,1.6,3.4,6.9,4.1,2.8,0.0,0.5297,82.69,75.0
протограф,4.54,0.0,0.3,1.3,2.0,3.0,5.9,0.0,0.5962,82.18,65.0
подговор,4.52,0.0,6.4,9.1,1.2,3.1,3.4,1.4,0.6578,75.53,55.0
лабиальный,4.51,0.0,8.5,9.2,4.9,2.3,3.3,1.4,0.4659,87.37,85.0
стопный,4.5,8.4,5.1,3.8,6.3,3.8,2.5,0.5,0.4954,86.4,86.0
фарси,4.5,0.0,6.9,4.7,4.4,3.7,2.9,0.0,0.554,78.52,72.0
просодика,4.47,0.0,0.8,5.1,5.5,3.2,3.7,0.5,0.4367,86.14,98.0
креольский,4.45,0.0,0.2,1.7,0.8,3.9,4.6,0.9,0.6501,75.7,64.0
малоупотребительный,4.44,13.2,7.2,5.9,4.3,3.1,2.9,1.4,0.2999,92.82,111.0
полногласие,4.44,9.6,5.2,2.0,5.5,4.4,2.1,0.9,0.5296,82.61,80.0
жестикуляция,4.36,6.0,0.5,0.9,1.3,2.0,6.3,12.7,0.5397,79.28,89.0
поговорочный,4.36,0.0,2.6,0.5,3.0,4.5,3.0,4.2,0.4623,86.74,100.0
латентный,4.33,0.0,0.2,2.7,4.8,4.6,2.3,5.2,0.3681,91.69,108.0
галльский,4.3,1.2,0.5,0.2,0.6,1.8,7.3,0.9,0.7797,69.5,53.0
генеалогический,4.29,0.0,4.2,4.7,2.8,2.7,4.1,3.8,0.3039,92.69,113.0
ассонанс,4.28,4.8,8.7,3.6,3.1,4.0,2.1,1.9,0.3901,89.39,103.0
младописьменный,4.28,2.4,16.5,5.8,3.2,2.9,2.1,0.9,0.4879,87.7,89.0
сложносоставной,4.27,0.0,1.8,3.1,3.0,4.3,2.8,1.9,0.5115,79.24,94.0
синекдоха,4.26,3.6,2.5,2.6,4.6,3.9,2.3,13.6,0.3391,91.15,108.0
гемината,4.24,0.0,11.8,1.7,0.6,1.1,6.0,9.9,0.7132,70.47,50.0
каталанский,4.24,0.0,0.2,0.4,2.6,0.9,7.4,13.2,0.7833,62.88,46.0
имперсонал,4.2,0.0,0.3,1.3,2.5,0.9,6.1,36.7,0.6983,75.26,61.0
перцептивный,4.19,1.2,0.2,0.2,1.4,3.5,4.8,1.9,0.3965,90.01,104.0
адвербиализация,4.18,2.4,2.0,3.7,1.5,4.3,2.8,0.0,0.5128,82.48,85.0
эвиденциальность,4.17,0.0,0.0,0.0,2.0,2.2,6.2,5.2,0.5806,84.54,68.0
дефектный,4.16,1.2,2.6,1.3,2.4,3.6,3.7,4.7,0.4058,88.41,102.0
индоевропеистика,4.15,1.2,2.3,1.6,4.9,3.6,3.1,2.8,0.3122,92.66,111.0
конфикс,4.15,0.0,0.0,2.2,2.4,3.8,3.7,0.9,0.6346,71.76,67.0
вокабула,4.14,3.6,2.3,2.3,3.5,2.0,4.6,15.5,0.4883,83.04,93.0
индейский,4.12,10.8,2.0,2.1,2.3,2.6,4.5,9.4,0.5337,84.36,89.0
транскрибирование,04.09,3.6,4.4,1.8,1.6,4.4,2.4,2.8,0.45399999999999996,86.57,96.0
гротеск,04.08,9.6,3.3,3.6,2.3,3.5,3.1,0.9,0.3432,91.31,108.0
надстрочный,04.05,14.4,3.3,3.2,2.6,2.4,4.3,0.5,0.5807,78.97,77.0
индикативный,04.03,0.0,8.2,3.6,2.9,2.2,3.9,2.4,0.4885,84.61,84.0
еканье,3.99,2.4,4.2,10.7,2.6,2.0,3.1,2.8,0.6432,74.34,59.0
топографический,3.98,1.2,3.1,3.6,2.9,2.6,3.7,8.9,0.4015,90.3,103.0
каламбурный,3.97,8.4,4.6,3.4,5.0,3.3,2.4,0.0,0.4333,89.05,97.0
макрополе,3.96,0.0,0.0,1.9,1.6,4.2,3.0,0.9,0.4869,86.33,79.0
формообразовательный,3.92,0.0,3.1,2.7,4.4,4.2,1.7,0.9,0.4562,86.45,92.0
оглушение,3.91,2.4,10.5,3.9,2.5,2.9,2.5,4.2,0.4215,89.02,94.0
озвончение,3.91,3.6,13.4,4.8,1.6,1.2,4.3,1.9,0.5253,86.71,82.0
эпиграфический,3.85,1.2,9.6,8.1,2.8,2.4,2.1,3.8,0.5675,86.75,73.0
конвергентный,3.81,0.0,1.3,3.3,2.1,2.6,3.9,5.2,0.4161,90.44,95.0
супин,3.8,0.0,0.8,2.7,2.8,1.4,4.2,34.3,0.6114,76.81,65.0
банту,3.79,0.0,0.7,1.0,1.9,4.2,2.5,1.9,0.5838,81.52,70.0
контекстологический,3.74,0.0,0.5,2.7,2.9,3.3,3.1,0.5,0.3185,92.42,102.0
суггестия,3.74,0.0,0.0,0.0,5.1,3.0,3.5,3.8,0.5337,84.68,81.0
древнеболгарский,3.73,8.4,3.4,2.7,3.6,2.2,3.8,1.9,0.5134,84.42,77.0
звукопись,3.71,15.6,9.3,4.9,1.6,3.2,1.7,0.5,0.452,87.25,91.0
индоиранский,3.7,1.2,1.0,2.5,1.9,2.7,3.9,2.4,0.5209,82.38,81.0
непредметный,3.69,0.0,0.7,2.1,4.0,3.6,2.4,1.4,0.3564,91.06,104.0
нетерминологический,3.68,3.6,2.9,5.3,2.7,3.4,2.0,0.9,0.3203,91.25,111.0
санскритский,3.65,3.6,6.5,2.8,2.8,2.6,3.0,1.4,0.46799999999999997,87.27,90.0
темпоральный,3.64,0.0,0.7,1.9,3.0,3.1,3.2,0.9,0.36700000000000005,90.68,98.0
нейролингвистика,3.62,0.0,0.0,1.0,3.6,3.3,3.0,2.4,0.3844,91.29,98.0
удэгейский,3.56,0.0,0.3,0.1,0.6,1.9,5.0,15.0,0.7812,68.76,38.0
малопродуктивный,3.55,2.4,2.6,3.6,3.4,3.1,2.3,0.9,0.3652,90.65,105.0
бессоюзие,3.54,1.2,3.9,1.6,2.4,4.4,1.2,0.0,0.5291,83.51,86.0
среднеязычный,3.53,0.0,7.4,2.2,2.2,2.9,2.6,0.9,0.5593,85.18,69.0
синтетизм,3.51,0.0,0.5,0.7,2.1,2.7,2.9,24.4,0.5172,83.64,94.0
орфограмма,3.5,13.2,2.8,0.9,2.1,2.9,2.9,5.2,0.6309,80.67,62.0
строфический,3.5,1.2,4.4,3.6,2.2,3.2,2.2,0.9,0.4182,88.48,105.0
идеофон,3.48,0.0,0.0,0.9,2.1,1.0,5.7,10.3,0.7192,56.28,55.0
невозвратный,3.46,4.8,1.6,1.8,2.1,2.8,3.0,7.1,0.51,85.9,80.0
аллегорический,3.45,4.8,5.7,2.6,2.3,2.7,2.4,6.6,0.4634,88.88,89.0
арамейский,3.44,1.2,3.8,1.9,1.1,3.2,2.7,0.0,0.6915,70.24,58.0
иллатив,3.44,0.0,0.2,1.6,3.6,1.0,5.1,11.3,0.688,80.79,48.0
сибилянт,3.44,1.2,0.5,1.7,0.9,0.5,6.2,10.3,0.7546,53.51,45.0
вокализация,3.38,1.2,3.3,0.4,2.6,1.8,4.4,0.9,0.5133,81.59,78.0
сочетательный,3.36,0.0,2.1,4.2,3.4,2.9,2.2,0.0,0.3895,90.55,94.0
ительменский,3.32,2.4,3.9,1.0,0.4,2.1,4.1,0.5,0.6424,74.9,60.0
обсценный,3.31,0.0,0.0,0.0,3.4,2.9,3.0,4.2,0.4803,86.67,87.0
посессивность,3.3,0.0,0.0,1.4,2.2,2.0,3.8,10.8,0.4921,86.16,82.0
гиперболизация,3.26,2.4,1.3,2.7,2.8,2.6,2.7,0.9,0.3815,87.8,99.0
синтаксема,3.26,0.0,0.2,11.3,4.8,2.4,1.0,0.0,0.5858,78.87,71.0
придыхательный,3.24,7.2,3.4,1.5,2.5,2.1,3.4,0.0,0.5523,84.54,68.0
делимитация,3.22,0.0,0.5,6.0,2.7,2.6,2.1,0.5,0.4405,87.27,91.0
италийский,3.22,0.0,0.7,1.5,1.8,2.2,3.8,0.5,0.6623,62.82,62.0
ономатопея,3.22,0.0,1.1,0.7,2.8,1.8,4.2,1.4,0.5451,79.28,72.0
согласуемый,3.22,0.0,1.8,2.0,3.5,2.1,3.1,4.7,0.4493,88.2,88.0
диссимиляция,3.21,3.6,5.7,3.0,1.8,2.8,2.0,1.9,0.451,88.92,85.0
обособленность,3.21,6.0,4.6,3.7,2.9,2.4,2.0,2.8,0.3035,93.07,106.0
табуированный,3.19,0.0,3.8,0.9,1.9,2.4,2.9,6.1,0.4385,83.92,98.0
новозеландский,3.18,0.0,0.0,0.0,1.2,0.5,6.3,0.5,0.8107,59.66,35.0
общеиндоевропейский,3.17,1.2,1.5,2.6,3.7,2.7,2.2,0.9,0.419,89.5,97.0
прототипический,3.15,0.0,0.0,0.0,2.2,3.3,2.5,1.9,0.4084,90.13,86.0
озвучивание,3.14,0.0,0.0,0.4,2.3,2.2,3.4,10.3,0.5517,83.51,74.0
акциональный,3.13,0.0,0.0,0.8,1.8,2.5,3.3,3.3,0.3924,90.2,95.0
рифмовка,3.12,3.6,8.7,4.8,1.6,2.1,1.9,3.8,0.4461,89.84,87.0
дейктик,3.1,0.0,0.0,0.2,3.1,2.6,3.1,0.0,0.6552,77.48,56.0
валлийский,03.09,1.2,0.3,0.2,1.1,2.2,3.4,14.1,0.6817,70.61,51.0
карпатский,03.09,7.2,1.3,6.0,2.0,2.0,2.1,10.3,0.5517,80.0,74.0
фонация,03.09,0.0,0.2,1.3,2.2,2.6,2.9,1.4,0.4795,86.62,86.0
префиксоид,03.07,0.0,0.0,1.6,0.9,3.1,2.4,2.8,0.5949,79.35,70.0
звукосимволизм,03.06,0.0,0.0,0.9,2.0,2.5,3.2,0.5,0.5527,81.01,74.0
диакритический,03.04,6.0,6.2,3.8,2.8,2.1,2.0,1.4,0.4865,86.55,81.0
прагмалингвистика,2.97,0.0,0.0,1.2,1.7,2.4,3.1,0.9,0.43799999999999994,89.66,87.0
фразеография,2.97,0.0,0.2,0.7,1.3,2.0,3.8,0.5,0.4885,86.24,86.0
арабист,2.96,0.0,7.5,4.1,0.7,2.6,1.6,0.0,0.5771,84.49,69.0
катарсис,2.96,0.0,0.2,0.3,19.1,1.1,1.0,0.0,0.6842,41.43,61.0
фрагментарность,2.96,0.0,1.3,1.5,1.6,2.7,2.5,0.5,0.3011,93.17,110.0
инфикс,2.95,0.0,3.8,1.2,2.7,2.1,2.6,4.7,0.5246,84.33,73.0
сербскохорватский,2.95,46.7,12.4,3.8,3.8,1.3,1.2,0.5,0.5379999999999999,82.51,75.0
неграмотный,2.92,18.0,8.3,5.2,2.6,1.2,2.1,2.4,0.4551,88.77,86.0
двустишие,2.89,26.3,12.3,7.0,4.0,1.2,0.8,0.0,0.6283,82.17,58.0
транскрипционный,2.88,2.4,4.7,2.7,2.1,2.5,1.7,3.8,0.4738,83.57,83.0
зевгма,2.86,0.0,0.0,0.2,0.9,2.3,3.5,0.0,0.6758,57.41,56.0
пассивизация,2.86,0.0,0.2,1.5,3.4,2.4,2.2,5.2,0.5931,81.76,67.0
акустика,2.85,0.0,1.0,2.9,3.0,2.7,1.6,1.4,0.4728,87.29,86.0
огубленный,2.85,1.2,4.4,1.0,3.9,1.7,2.3,10.3,0.6776,76.49,48.0
терминография,2.85,0.0,0.0,0.0,1.1,2.9,2.5,1.4,0.4267,90.62,85.0
вайнахских,2.82,0.0,0.0,2.6,1.4,2.8,2.1,0.0,0.7524,78.51,32.0
комплементарный,2.82,0.0,1.3,0.8,4.0,2.4,2.2,0.9,0.418,88.34,91.0
внелитературный,2.79,1.2,2.0,4.0,1.1,2.7,1.6,0.9,0.4603,87.74,90.0
индоарийский,2.78,0.0,0.2,0.8,3.4,2.4,2.3,3.3,0.6295,76.85,61.0
икание,2.77,4.8,3.6,4.7,1.7,2.0,1.7,5.6,0.5521,84.63,75.0
интертекстуальный,2.74,0.0,0.0,0.1,1.2,2.1,3.3,0.5,0.4639,88.75,83.0
иероглифический,2.71,1.2,1.8,0.3,2.1,2.3,2.5,1.9,0.5517,84.28,77.0
вульгаризм,2.68,19.1,4.7,3.3,2.5,2.1,1.3,0.0,0.4379,89.09,91.0
сложнопроизводный,2.67,0.0,0.2,1.8,2.7,3.2,1.0,0.0,0.6632,70.51,51.0
герундиальный,2.62,0.0,0.3,2.8,1.0,2.3,2.2,1.9,0.6005,81.57,61.0
десигнат,2.61,0.0,0.8,1.9,4.7,1.9,2.0,0.0,0.4937,86.85,84.0
кореферентность,2.6,0.0,0.0,3.0,2.2,1.9,2.2,3.8,0.6082,80.18,65.0
фарингальный,2.59,0.0,3.1,3.8,2.1,1.9,1.9,0.0,0.5685,84.81,67.0
литота,2.58,2.4,0.5,1.1,1.8,2.6,1.6,6.6,0.4255,89.29,86.0
полилингвизм,2.55,0.0,0.2,0.1,0.4,2.1,2.9,2.8,0.5053,88.36,79.0
мурманский,2.54,1.2,0.7,1.8,1.1,1.2,3.5,2.4,0.5242,82.74,81.0
омоформа,2.54,2.4,4.4,0.8,2.2,1.4,2.8,0.9,0.5829,83.79,71.0
говорок,2.53,2.4,2.5,0.8,1.6,0.8,3.9,0.5,0.6635,54.94,62.0
израильский,2.53,1.2,1.0,0.7,1.9,2.7,1.7,1.4,0.6658,61.81,62.0
увулярный,2.51,4.8,3.1,3.8,2.8,1.6,1.9,0.0,0.591,85.49,58.0
синтаксист,2.5,1.2,3.3,3.1,2.8,2.0,1.3,2.4,0.3801,91.56,98.0
одушевление,2.49,3.6,2.8,2.1,2.5,2.0,1.6,4.2,0.3511,92.11,97.0
альвеолярный,2.47,0.0,0.7,1.9,1.9,1.5,2.6,4.2,0.6382,81.43,52.0
плеонастический,2.45,3.6,1.6,4.7,1.1,1.4,2.3,0.9,0.5547,79.46,73.0
звукосимволический,2.42,0.0,0.0,0.1,2.1,2.5,2.0,0.0,0.608,77.3,60.0
эпифора,2.41,1.2,2.9,1.2,1.1,2.6,1.3,0.5,0.4938,83.31,79.0
структуралистский,2.39,0.0,0.8,0.3,1.9,2.0,2.2,2.8,0.3738,90.58,99.0
клинописный,2.38,0.0,0.8,0.4,0.5,0.3,4.8,0.0,0.8369,38.61,26.0
когнат,2.37,0.0,0.0,0.3,0.1,0.5,3.3,34.3,0.7429,70.9,36.0
антиципация,2.33,0.0,0.0,0.5,6.0,2.3,1.0,0.0,0.5011,83.33,79.0
гомогенность,2.33,0.0,1.1,2.5,2.8,2.1,1.3,4.7,0.3865,90.04,93.0
апокопа,2.32,0.0,3.1,1.9,1.0,1.8,1.9,1.9,0.5241,84.85,73.0
строфика,2.32,2.4,1.1,2.2,1.6,1.9,1.9,0.9,0.3861,90.11,94.0
тоновый,2.32,1.2,2.0,0.4,2.0,1.6,2.4,0.9,0.5955,77.28,62.0
русификация,2.31,6.0,1.6,1.6,2.2,1.5,2.2,2.4,0.413,90.12,87.0
аргументативный,2.3,0.0,0.0,0.0,1.5,2.5,1.8,0.0,0.518,86.23,71.0
смягченный,2.29,7.2,2.6,2.3,2.2,1.9,1.4,0.9,0.39399999999999996,90.1,93.0
сигнификативный,2.27,0.0,0.2,3.3,3.4,2.2,1.0,0.0,0.3834,90.72,87.0
этнонимика,2.27,1.2,3.4,1.3,2.1,1.6,1.9,0.9,0.5199,78.08,74.0
локативный,2.26,0.0,0.3,0.2,2.8,1.1,2.9,5.2,0.5248,83.35,72.0
тембральный,2.26,0.0,0.2,2.4,6.0,1.8,1.1,0.5,0.64,73.83,56.0
лиризм,2.25,7.2,6.7,3.4,1.6,1.5,1.2,0.9,0.4959,87.85,74.0
древнегрузинский,2.24,0.0,0.2,12.2,5.1,0.3,0.9,0.0,0.7749,56.03,38.0
прономинализация,2.22,0.0,0.8,2.7,1.1,1.7,1.6,9.9,0.4703,86.94,76.0
кипчакский,2.21,1.2,13.7,6.1,1.0,0.9,0.5,4.7,0.7016,80.36,41.0
фразеологизация,2.21,0.0,0.0,0.7,1.7,2.2,1.7,1.9,0.43700000000000006,88.09,88.0
мегрельский,2.2,1.2,0.3,3.8,14.0,0.2,0.7,0.0,0.7899,39.94,33.0
нейрофизиологический,2.2,0.0,0.0,0.5,2.2,2.1,1.7,2.4,0.4675,88.03,78.0
патетический,2.2,10.8,8.2,4.4,1.4,1.4,0.9,0.0,0.5002,84.09,76.0
импликатура,2.19,0.0,0.0,0.0,1.3,1.5,2.7,1.9,0.4963,83.08,75.0
кондиционалис,2.18,0.0,0.0,2.6,1.0,0.6,3.2,8.5,0.6591,77.78,54.0
эпентеза,2.18,0.0,3.6,2.0,1.6,1.4,1.5,9.9,0.4883,86.2,75.0
хиазм,2.17,0.0,0.5,0.9,0.6,2.8,1.1,0.0,0.5559,66.23,75.0
старославянизм,2.14,1.2,6.2,1.7,2.8,1.2,1.6,0.0,0.5655,79.93,63.0
суахили,2.11,0.0,1.1,0.5,0.8,2.6,1.0,4.2,0.6089,77.78,62.0
энклитический,2.11,0.0,1.6,0.9,2.0,1.2,2.4,0.9,0.5527,85.83,66.0
фонационный,2.1,1.2,0.2,1.9,1.5,1.5,2.1,0.9,0.4933,87.22,77.0
неметафорический,02.09,3.6,1.0,1.6,1.4,1.6,1.7,5.2,0.4436,88.86,86.0
микротопонимия,02.08,0.0,0.2,0.8,1.1,1.7,2.1,2.8,0.5365,80.94,69.0
среднеперсидский,02.07,0.0,2.3,0.7,0.7,0.9,2.9,3.3,0.6333,81.71,52.0
интерференционный,02.05,0.0,0.0,0.4,0.4,2.0,2.0,0.0,0.6331,80.13,55.0
нарратор,02.05,0.0,0.0,0.0,0.0,1.3,2.9,5.2,0.6573,81.96,48.0
диграф,02.04,0.0,0.3,0.3,0.7,1.0,3.1,0.9,0.625,79.5,55.0
кхмерский,02.04,0.0,0.0,1.3,0.6,0.6,1.9,40.0,0.7332,56.38,40.0
назализация,02.03,0.0,1.5,2.7,1.7,1.1,1.9,4.7,0.4861,88.13,71.0
неграмотность,2,13.2,7.4,5.3,1.4,0.7,1.1,0.9,0.5344,86.56,72.0
североамериканский,1.98,1.2,0.5,0.5,1.1,1.1,2.7,1.9,0.5004,85.4,80.0
глаголица,1.97,3.6,3.9,1.6,3.1,1.8,0.6,0.5,0.6902,65.73,47.0
назальный,1.97,0.0,2.3,1.9,1.6,1.8,1.1,4.7,0.6063,79.28,59.0
парономазия,1.97,0.0,0.3,1.1,2.4,1.9,1.3,0.5,0.5001,86.24,78.0
саркастический,1.97,4.8,2.5,0.8,1.3,1.2,1.9,5.2,0.4885,84.57,78.0
лингвистка,1.96,0.0,0.0,0.1,2.2,1.9,1.6,0.0,0.4367,90.19,82.0
нейропсихологический,1.96,0.0,0.0,0.3,1.3,1.2,2.5,3.8,0.5808,76.72,66.0
полисинтетический,1.96,0.0,1.8,0.7,0.9,1.0,1.2,35.3,0.6572,65.84,50.0
идеограмма,1.95,0.0,1.8,0.1,1.2,1.9,1.6,0.5,0.6128,79.06,59.0
клефт,1.94,0.0,0.0,0.5,0.3,2.3,1.4,0.0,0.8374,36.43,23.0
гармоничность,1.93,3.6,2.1,0.8,1.0,2.2,1.0,0.0,0.5167,82.79,72.0
аппаратура,1.92,2.4,3.3,4.7,2.1,1.5,0.7,0.0,0.4934,85.81,75.0
полипредикативность,1.83,0.0,0.0,0.5,4.2,1.8,0.8,1.4,0.4767,88.4,73.0
афразийский,1.81,0.0,0.0,0.2,1.5,2.0,1.3,0.0,0.6417,79.49,52.0
двухвалентный,1.8,0.0,0.2,1.7,2.3,1.1,1.7,2.4,0.5583,84.27,61.0
сигматический,1.8,0.0,0.0,0.8,3.3,1.6,1.2,0.0,0.7205,63.28,40.0
бельгийский,1.79,1.2,4.1,0.8,0.5,1.3,1.6,1.4,0.5695,78.26,62.0
имперсональный,1.79,0.0,0.2,0.3,0.5,0.2,3.3,7.5,0.7637,69.33,32.0
интонирование,1.79,1.2,0.3,1.7,0.9,1.7,1.3,0.9,0.4378,85.39,89.0
среднеболгарский,1.79,1.2,0.5,1.5,1.0,1.3,1.9,0.0,0.6498,80.38,48.0
интродукция,1.78,0.0,0.0,2.3,1.7,1.0,1.9,1.9,0.5851,84.66,61.0
верлибр,1.77,2.4,2.9,2.7,0.8,1.0,1.6,0.5,0.5623,80.46,64.0
лигатура,1.74,0.0,1.8,0.5,0.5,0.7,2.7,0.0,0.6501,77.26,50.0
непродуктивность,1.74,3.6,0.8,1.6,0.9,1.6,1.2,0.5,0.4286,89.3,85.0
делабиализация,1.71,0.0,4.1,3.1,1.8,1.0,1.0,0.5,0.5965,82.33,57.0
гидронимия,1.69,0.0,0.8,0.5,2.4,1.1,1.3,11.3,0.5425,84.02,65.0
десемантизация,1.68,0.0,0.3,0.7,1.7,1.4,1.4,0.5,0.4223,89.86,83.0
иранистика,1.66,0.0,4.1,0.9,0.5,1.1,1.6,0.5,0.5818,84.47,58.0
невопросительный,1.65,0.0,0.5,0.9,0.9,1.3,1.6,1.9,0.5764,83.58,61.0
основосложение,1.63,0.0,0.5,1.5,1.1,1.8,0.9,0.0,0.6172,82.42,56.0
раннехристианский,1.63,0.0,0.2,0.2,0.6,1.5,1.6,0.9,0.6051,79.02,58.0
каузативность,1.62,0.0,0.3,1.3,0.9,1.9,0.8,0.0,0.5355,84.53,68.0
нейрофизиология,1.62,0.0,0.0,0.5,1.6,1.4,1.3,6.6,0.4654,88.42,75.0
паремиологический,1.62,0.0,0.0,0.0,0.7,1.2,2.0,2.4,0.5344,85.12,68.0
аккомодация,1.6,0.0,0.5,3.8,1.6,1.0,1.1,1.9,0.5317,82.46,69.0
буквосочетание,1.59,0.0,1.1,2.3,0.8,1.4,1.0,0.5,0.5113,85.57,72.0
огузский,1.59,0.0,11.1,4.7,0.9,0.5,0.4,0.0,0.7132,78.5,40.0
аккультурация,1.58,0.0,0.0,0.7,1.3,1.1,1.8,0.0,0.5804,84.28,60.0
испанистика,1.57,0.0,0.0,2.1,0.4,0.9,1.9,0.0,0.6907,81.01,44.0
лемматизация,1.57,0.0,0.0,0.0,0.4,1.4,1.7,1.4,0.6616,78.68,48.0
рематический,1.57,0.0,0.0,1.1,3.4,1.4,0.8,0.5,0.5678,84.01,63.0
авестийский,1.56,2.4,2.3,0.5,0.9,0.9,1.7,3.3,0.6032,85.23,56.0
арабистика,1.56,0.0,2.1,2.1,0.2,1.6,0.9,0.0,0.6365,81.5,55.0
бирманский,1.56,0.0,1.1,2.0,0.5,0.9,1.7,0.5,0.5745,83.48,61.0
гипонимия,1.56,0.0,0.2,2.2,1.9,1.3,1.0,0.5,0.5311,87.48,67.0
дативный,1.56,0.0,0.0,0.1,0.8,0.3,2.6,8.5,0.7681,70.42,31.0
нелабиализованный,1.56,0.0,4.2,2.3,0.7,0.7,1.6,0.5,0.6126,85.07,54.0
прагматичность,1.56,0.0,0.0,0.3,2.2,1.5,1.1,0.0,0.4894,86.87,73.0
древнеримский,1.54,2.4,1.3,2.3,1.0,1.0,1.4,0.5,0.4601,88.21,75.0
ономатопоэтический,1.53,0.0,1.1,0.8,0.9,0.9,1.9,0.0,0.5447,77.88,63.0
безграмотность,1.52,19.1,3.1,1.2,2.6,0.8,1.0,0.5,0.4906,87.21,70.0
ненормированный,1.52,10.8,0.8,1.7,0.9,1.3,1.0,0.5,0.4728,84.55,75.0
проклитика,1.51,0.0,0.3,0.9,1.0,0.8,2.0,0.0,0.5760000000000001,84.44,57.0
малограмотный,1.49,6.0,3.1,1.5,1.4,1.1,0.9,2.4,0.511,86.92,67.0
бразильский,1.48,0.0,1.1,1.3,0.5,0.8,0.9,22.6,0.6841,70.9,43.0
смягчительный,1.47,0.0,0.3,1.6,1.7,1.3,0.8,3.3,0.6761,70.12,44.0
фузионный,1.46,0.0,1.1,3.8,2.3,0.8,0.9,0.0,0.59,84.38,55.0
баварский,1.44,2.4,1.3,0.9,1.5,0.7,1.7,1.4,0.5778,72.92,60.0
неспрягаемый,1.43,1.2,1.6,3.0,1.2,0.7,1.1,2.4,0.5189,85.47,68.0
диалектография,1.42,1.2,5.1,2.5,1.3,1.1,0.4,0.0,0.5419,86.78,63.0
асиндетон,1.41,0.0,6.4,1.2,1.7,0.9,0.6,0.0,0.6175,73.76,53.0
призвук,1.4,1.2,2.9,1.3,0.7,0.7,1.2,7.5,0.633,81.6,48.0
трехъязычный,1.4,1.2,3.1,1.0,0.8,0.6,1.6,3.3,0.5726,83.13,61.0
лингвогеография,1.38,0.0,0.2,1.0,1.1,1.3,1.0,2.4,0.5349,87.38,63.0
строчной,1.38,1.2,2.3,1.6,0.7,0.7,1.4,1.4,0.521,86.53,65.0
сельджукский,1.37,0.0,16.7,3.7,0.3,0.1,0.1,0.0,0.8096,67.81,24.0
синкопа,1.37,1.2,1.0,1.2,2.0,1.0,1.0,0.9,0.5642,85.28,61.0
канцеляризм,1.36,21.5,1.3,2.8,1.0,0.9,0.5,0.9,0.5398,85.39,62.0
глайд,1.33,0.0,0.5,0.4,0.3,0.9,1.7,0.5,0.7011,77.21,40.0
цахурский,1.32,0.0,0.5,0.1,2.1,1.2,0.9,1.4,0.6406,82.07,48.0
древнеперсидский,1.31,1.2,1.3,0.6,1.0,0.6,1.4,7.1,0.5497,83.08,59.0
прагерманский,1.31,2.4,0.2,0.0,0.5,0.3,2.5,0.5,0.7183,60.34,36.0
орографический,1.28,3.6,1.1,1.9,3.0,0.9,0.4,1.9,0.6604,78.48,44.0
энтимем,1.28,0.0,0.0,0.0,1.0,1.5,0.8,0.0,0.7068,73.94,37.0
дифтонгоид,1.26,0.0,3.3,1.0,0.2,0.7,1.3,2.4,0.6343,81.48,47.0
аспирация,1.24,1.2,4.2,1.2,0.3,0.7,1.2,0.0,0.6512,77.33,45.0
староукраинский,1.23,0.0,0.8,6.6,1.3,0.4,0.5,0.5,0.6582,75.49,44.0
употребимый,1.23,0.0,0.0,0.5,1.1,1.2,0.8,3.3,0.4387,88.94,74.0
вымирание,1.19,1.2,1.0,0.3,1.6,0.9,1.0,2.8,0.4946,86.72,66.0
гротескный,1.19,3.6,1.3,0.9,0.4,1.1,0.8,0.0,0.5075,86.92,64.0
лингвофольклористика,1.19,0.0,0.0,0.0,0.9,0.8,1.5,0.5,0.6509,80.27,45.0
микротопонимический,1.19,0.0,0.0,0.1,1.3,1.1,1.0,0.9,0.6858,72.61,40.0
нормандский,1.18,0.0,0.2,0.1,0.4,1.0,1.3,0.9,0.6837,71.38,40.0
языкотворческий,1.16,0.0,0.0,0.2,1.2,1.3,0.7,0.0,0.5112,87.01,63.0
антифразис,1.15,1.2,1.1,0.7,0.2,1.1,0.9,0.0,0.6072,83.41,50.0
генитивный,1.15,0.0,0.0,0.3,0.4,0.7,1.5,1.9,0.7415,69.84,33.0
горловой,1.15,1.2,0.5,5.0,0.4,0.2,1.1,1.4,0.8212,52.16,22.0
клишированность,1.15,0.0,0.0,0.1,1.0,0.9,1.1,1.4,0.4484,88.78,72.0
стихотворство,1.15,3.6,3.8,1.2,1.1,0.9,0.6,0.0,0.6565,80.48,44.0
ямбический,1.14,2.4,1.1,0.7,1.3,1.2,0.5,0.5,0.6165,79.09,47.0
галисийский,1.12,0.0,0.0,0.2,1.7,0.5,1.2,6.1,0.7421,71.18,31.0
релятивизм,1.12,0.0,0.0,0.1,0.6,0.7,1.4,2.4,0.5429,81.39,56.0
тембровый,1.12,2.4,0.2,0.5,2.2,0.9,0.8,0.0,0.4733,83.61,65.0
вульгаризация,1.11,7.2,0.5,0.5,0.6,0.9,0.9,1.4,0.4865,86.74,63.0
дифтонгический,1.1,0.0,1.8,2.0,0.4,0.5,1.1,0.9,0.6394,77.5,44.0
дефектология,01.09,0.0,0.2,0.2,0.4,1.1,0.9,0.9,0.5989,80.74,49.0
дифтонгизация,01.09,0.0,3.3,0.7,0.9,0.7,0.9,0.5,0.5982,84.11,49.0
патетика,01.09,9.6,4.7,1.6,0.9,0.6,0.4,0.0,0.551,85.09,55.0
эмпиризм,01.09,0.0,0.2,0.5,0.9,1.0,0.7,2.8,0.4638,86.49,66.0
эпистемический,01.09,0.0,0.0,0.0,1.5,0.6,1.4,0.9,0.5981,83.99,49.0
логопедический,01.07,13.2,0.2,0.0,0.2,0.8,1.2,0.0,0.6215,80.69,46.0
звукобуквенный,01.04,0.0,0.0,0.0,0.0,1.5,0.5,0.5,0.7015,56.38,36.0
имперфективация,01.04,0.0,0.0,0.1,0.3,0.3,1.8,3.3,0.7735,65.92,27.0
лексикографирование,01.03,0.0,0.7,0.0,0.8,0.9,0.9,0.5,0.478,87.53,64.0
лингвопоэтика,1,0.0,0.0,0.2,0.7,0.9,1.0,0.5,0.6055,82.17,48.0
глоттохронология,0.98,0.0,0.5,0.3,0.9,0.6,1.1,1.9,0.6505,81.08,43.0
сегментирование,0.98,0.0,0.0,1.0,1.4,0.9,0.6,0.0,0.5705,82.59,53.0
тезаурусный,0.98,0.0,0.0,0.1,0.5,0.9,0.8,4.2,0.5415,84.74,56.0
южноафриканский,0.98,0.0,0.0,0.0,0.6,1.2,0.5,0.9,0.7735,53.87,27.0
праформа,0.97,1.2,1.5,1.1,1.5,0.3,1.1,0.0,0.5575,85.37,54.0
эфиопский,0.97,1.2,0.5,0.4,1.9,0.7,0.7,0.0,0.7015,65.21,36.0
голофрастический,0.95,0.0,0.0,3.9,0.1,0.8,0.3,0.5,0.8535,50.99,17.0
неэтимологический,0.95,0.0,0.2,0.1,0.7,0.3,1.5,2.8,0.7495,71.27,30.0
флективность,0.95,0.0,0.2,0.1,0.9,1.0,0.7,0.0,0.5575,82.44,54.0
смычка,0.94,0.0,1.6,1.3,0.4,0.7,0.7,1.4,0.5655,85.35,53.0
межслоговой,0.92,0.0,0.8,0.5,0.6,1.1,0.4,0.9,0.6695,72.09,40.0
эксплозивный,0.92,0.0,5.1,3.0,0.6,0.5,0.0,0.0,0.8215,64.15,21.0
валентностный,0.91,0.0,0.2,0.4,0.3,0.8,0.9,0.0,0.5495,85.93,55.0
гэльский,0.91,0.0,0.0,0.0,0.6,0.4,1.3,0.9,0.7975,54.45,24.0
палатальность,0.91,0.0,0.8,1.6,0.4,0.5,0.9,0.5,0.6265,78.14,46.0
этнопсихолингвистика,0.91,0.0,0.0,0.1,0.2,0.8,0.9,2.4,0.5655,83.47,53.0
агглютинирующий,0.9,0.0,1.8,2.5,0.5,0.7,0.3,1.4,0.6295,83.02,45.0
аудитивный,0.89,0.0,0.0,0.8,0.9,0.7,0.8,0.0,0.5785,86.14,52.0
аффрикатизации,0.89,0.0,1.3,2.1,0.9,0.3,0.8,0.5,0.7655,65.14,28.0
гавайский,0.89,0.0,0.3,2.7,0.2,0.9,0.3,0.0,0.8265,49.68,21.0
заикание,0.88,4.8,2.3,0.3,0.3,0.4,0.7,5.6,0.6745,77.46,40.0
имплозивный,0.87,0.0,4.7,0.7,0.3,0.7,0.4,0.0,0.7495,73.49,30.0
гидронимика,0.86,0.0,0.7,1.1,1.6,0.7,0.4,0.5,0.6055,82.1,48.0
негация,0.86,0.0,0.0,0.2,0.3,0.4,1.4,0.0,0.6375,81.19,44.0
апикальный,0.85,0.0,0.8,1.2,0.3,0.7,0.7,0.0,0.6695,81.63,40.0
аруза,0.85,0.0,7.5,3.6,0.2,0.0,0.2,0.0,0.8295,65.77,20.0
ассимиляционный,0.85,0.0,0.3,0.0,0.3,0.9,0.7,1.4,0.6215,83.05,46.0
бихевиоризм,0.85,0.0,0.0,0.0,1.1,0.5,0.9,2.8,0.6295,80.41,45.0
дактиль,0.85,3.6,0.0,0.7,0.8,0.8,0.6,0.0,0.7335,77.52,32.0
ареалогия,0.84,0.0,0.2,4.6,0.2,0.6,0.1,0.0,0.7815,63.57,26.0
сверхкраткий,0.84,2.4,1.5,0.5,0.3,0.4,1.0,1.4,0.6455,73.68,43.0
ассертивный,0.82,0.0,0.0,0.2,0.4,0.5,1.0,1.4,0.6745,77.59,40.0
омофония,0.81,1.2,0.5,0.5,0.7,0.8,0.5,1.4,0.6775,80.01,39.0
стохастический,0.8,0.0,0.5,0.2,0.3,0.7,0.7,0.0,0.6695,77.24,40.0
общеразговорный,0.79,1.2,1.6,0.7,0.7,0.8,0.3,0.0,0.6025,83.32,49.0
означающее,0.79,0.0,1.0,0.6,0.7,0.6,0.5,4.2,0.5255,85.98,58.0
франкский,0.79,0.0,1.6,1.8,1.1,0.4,0.5,0.5,0.6345,80.85,45.0
инверсированный,0.78,20.3,1.1,0.6,0.6,0.7,0.2,0.5,0.6695,75.19,40.0
пиктограмма,0.78,0.0,0.3,0.0,0.3,0.9,0.5,0.5,0.6855,76.6,38.0
лингвопрагматика,0.75,0.0,0.0,0.0,0.3,0.5,1.0,0.9,0.6135,84.9,47.0
аккузативный,0.74,0.0,0.0,0.2,0.2,0.8,0.6,1.9,0.7415,66.64,31.0
архетипический,0.74,0.0,0.0,0.0,0.4,0.6,0.9,0.0,0.7015,74.16,36.0
гаплология,0.74,1.2,1.5,1.2,1.0,0.4,0.4,0.5,0.6695,83.01,40.0
негласный,0.74,1.2,0.0,0.4,0.6,0.5,0.8,0.9,0.5095,87.65,60.0
древнепрусский,0.73,2.4,1.5,0.9,1.7,0.4,0.3,0.0,0.6585,80.44,42.0
позднеантичный,0.73,0.0,0.0,0.2,0.3,0.7,0.7,0.0,0.7575,67.64,29.0
ацтекский,0.71,0.0,0.0,0.0,0.2,0.6,0.8,0.9,0.7495,77.79,30.0
этимологизирования,0.71,0.0,1.5,0.5,0.3,0.7,0.4,0.0,0.6375,83.64,44.0
дорсальный,0.69,0.0,1.0,0.6,0.3,0.5,0.6,0.0,0.7815,75.22,26.0
телеология,0.69,0.0,0.0,0.0,1.9,0.6,0.4,0.0,0.6775,76.89,39.0
лексикостатистика,0.68,0.0,0.3,0.1,0.4,0.2,1.0,1.9,0.7095,74.4,35.0
новороссийский,0.68,2.4,1.8,1.1,0.6,0.4,0.4,0.9,0.6665,83.73,41.0
топикализация,0.68,0.0,0.0,0.0,0.6,0.5,0.7,0.5,0.6775,80.08,39.0
йотация,0.66,1.2,0.3,0.2,0.8,0.5,0.6,0.0,0.7495,73.51,30.0
гистограмма,0.65,0.0,0.3,0.0,0.1,0.7,0.5,0.5,0.7175,76.18,34.0
изоморфность,0.65,0.0,0.0,0.3,0.9,0.7,0.3,0.0,0.5975,86.08,49.0
обрусение,0.64,1.2,0.7,0.5,0.8,0.2,0.8,1.4,0.6935,78.86,37.0
агглютинативность,0.63,0.0,0.2,0.5,0.8,0.6,0.4,0.5,0.6615,82.65,41.0
трилингвизм,0.63,0.0,0.0,0.3,0.2,0.4,0.8,1.4,0.8055,58.19,23.0
прозаизм,0.62,3.6,1.8,0.5,1.2,0.3,0.4,0.0,0.7495,78.67,30.0
лингвостатистический,0.61,0.0,0.0,0.1,0.4,0.5,0.6,0.0,0.5975,86.73,49.0
терминоним,0.61,0.0,0.0,0.0,0.0,0.8,0.3,0.0,0.8775,50.73,14.0
эргонимия,0.57,0.0,0.0,0.0,0.0,0.2,1.0,0.5,0.7575,78.15,29.0
анимистический,0.56,0.0,0.3,0.4,1.5,0.4,0.3,0.0,0.7015,81.68,36.0
лиричность,0.56,6.0,1.8,0.7,0.5,0.4,0.2,0.0,0.6535,84.89,42.0
нереферентный,0.56,0.0,0.0,0.3,0.1,0.4,0.7,0.9,0.7495,79.44,30.0
речепроизводство,0.56,0.0,0.0,0.0,0.1,0.4,0.7,0.5,0.6615,83.75,41.0
адыгский,0.53,0.0,0.0,0.5,1.6,0.3,0.3,1.4,0.7335,80.52,32.0
прескриптивный,0.52,0.0,0.0,0.0,0.6,0.3,0.6,0.9,0.6775,84.32,39.0
притяжательность,0.52,0.0,0.0,0.4,0.9,0.4,0.4,0.9,0.7545,78.24,30.0
аферезис,0.51,0.0,0.2,0.9,0.6,0.6,0.1,0.5,0.7335,74.69,32.0
симплока,0.51,0.0,0.0,0.0,0.3,0.7,0.2,0.0,0.8455,54.03,18.0
табуирование,0.49,0.0,0.2,0.5,0.4,0.5,0.2,1.9,0.6775,84.19,39.0
фарерский,0.49,0.0,0.0,0.0,0.2,0.5,0.4,0.0,0.8215,71.02,21.0
метонимизация,0.48,0.0,0.0,0.3,0.2,0.3,0.6,0.5,0.7015,82.75,36.0
дискурсология,0.47,0.0,0.0,0.0,0.0,0.2,0.8,1.4,0.8055,72.9,23.0
анаколуф,0.46,0.0,0.2,0.2,0.3,0.4,0.3,0.5,0.7465,76.17,31.0
веляризация,0.46,0.0,1.3,0.4,0.2,0.2,0.5,0.0,0.7865,76.46,26.0
праиндоевропейский,0.46,0.0,0.0,0.1,0.3,0.2,0.7,0.0,0.7815,75.45,26.0
этноэйдемы,0.46,0.0,0.0,0.0,0.2,0.6,0.3,0.0,0.6935,84.41,37.0
полупредикативность,0.44,0.0,0.5,0.6,0.2,0.2,0.5,0.0,0.8135,58.62,22.0
хороним,0.42,0.0,0.0,0.0,0.3,0.2,0.6,3.3,0.7975,74.61,24.0
лингвокреативный,0.4,0.0,0.0,0.0,0.0,0.3,0.5,0.9,0.7655,80.77,28.0
амфиболия,0.39,0.0,0.0,0.0,0.1,0.2,0.5,1.9,0.8215,74.28,21.0
апофония,0.39,1.2,0.2,0.0,1.0,0.3,0.3,0.0,0.7895,73.92,25.0
спирантизация,0.39,0.0,1.0,0.6,0.8,0.2,0.2,0.0,0.8055,76.01,23.0
глоттогонический,0.35,0.0,1.0,0.0,0.4,0.3,0.2,0.0,0.7815,79.61,26.0
годонимы,0.35,0.0,0.0,0.0,0.0,0.0,0.5,6.1,0.8695,62.43,15.0
трансонимизация,0.35,0.0,0.0,0.1,0.3,0.2,0.4,1.4,0.7655,80.2,28.0
интуитивность,0.34,0.0,0.0,0.2,0.3,0.4,0.2,0.5,0.7415,82.43,31.0
межтекстовый,0.33,0.0,0.0,0.0,0.1,0.4,0.3,0.0,0.8855,56.72,13.0
аудиальный,0.32,0.0,0.0,0.0,0.0,0.1,0.6,0.5,0.8295,74.56,20.0
идиоматизация,0.32,0.0,0.0,0.1,0.3,0.3,0.2,1.4,0.7975,79.15,24.0
контактология,0.32,0.0,0.0,0.1,0.0,0.2,0.5,0.5,0.7975,79.0,24.0
лингвосемиотика,0.31,0.0,0.0,0.1,0.0,0.1,0.6,0.5,0.8375,70.29,19.0
паремический,0.31,0.0,0.0,0.0,0.1,0.2,0.4,0.0,0.9015,60.02,11.0
речепорождение,0.31,0.0,0.0,0.1,0.0,0.2,0.4,0.0,0.8455,71.63,18.0
гиперонимия,0.28,0.0,0.0,0.1,0.6,0.2,0.2,0.0,0.7975,78.89,24.0
кореферентный,0.27,0.0,0.0,0.2,0.2,0.1,0.4,1.9,0.8375,74.57,19.0
грамматизация,0.26,0.0,0.0,0.4,0.6,0.2,0.1,0.5,0.8535,72.29,17.0
изолирующий,0.26,0.0,0.0,0.1,1.0,0.2,0.1,0.0,0.8855,58.88,13.0
онтолингвистика,0.26,0.0,0.0,0.0,0.0,0.2,0.4,0.0,0.8375,72.67,19.0
терминосочетание,0.26,1.2,0.0,0.2,0.5,0.2,0.1,0.0,0.8775,69.2,14.0
артикуляторный,0.24,0.0,0.0,0.3,0.2,0.2,0.1,1.4,0.8375,75.25,19.0
гипонимический,0.24,0.0,0.0,0.1,0.3,0.2,0.2,0.0,0.8535,74.23,17.0
трансфикс,0.24,0.0,0.0,0.0,0.2,0.2,0.3,0.0,0.8455,73.25,18.0
полупредикативный,0.23,0.0,0.2,0.6,0.2,0.2,0.1,0.0,0.8375,73.42,19.0
нахский,0.21,0.0,0.0,0.0,0.3,0.1,0.3,0.0,0.8775,68.88,14.0
раннебалканский,0.21,0.0,0.0,0.3,0.3,0.1,0.2,0.0,0.8295,78.13,20.0
нефинитный,0.19,0.0,0.0,0.0,0.3,0.1,0.1,1.9,0.8935,66.44,12.0
богемистика,0.18,0.0,0.0,0.0,0.0,0.2,0.1,0.0,0.9015,63.77,11.0
таксисный,0.18,0.0,0.0,0.0,0.0,0.1,0.2,0.0,0.8535,74.97,17.0
внутригенетическая,0.16,0.0,0.0,0.0,0.0,0.0,0.4,0.0,0.9095,63.36,10.0
убыхский,0.15,0.0,0.0,0.1,0.2,0.1,0.1,0.0,0.8855,68.76,13.0
фразеосемантический,0.15,0.0,0.0,0.0,0.0,0.1,0.2,0.0,0.9095,65.23,10.0
эпитетных,0.15,0.0,0.0,0.0,0.3,0.2,0.1,0.0,0.9255,52.51,8.0
лингвосинергетический,0.14,0.0,0.0,0.0,0.0,0.1,0.2,0.0,0.8775,71.99,14.0
рефлексивизация,0.14,0.0,0.0,0.0,0.7,0.0,0.1,0.0,0.9175,62.39,9.0
катафорический,0.13,0.0,0.0,0.1,0.1,0.1,0.1,0.0,0.9095,63.85,10.0
эрратический,0.11,0.0,0.0,0.0,0.0,0.0,0.2,0.9,0.9015,69.47,11.0
элокутивный,0.09,0.0,0.0,0.0,0.0,0.1,0.1,0.0,0.9335,58.37,7.0
инкультурация,0.08,0.0,0.0,0.0,0.1,0.0,0.1,0.0,0.9335,57.75,7.0
послеложный,0.08,0.0,0.0,0.0,0.0,0.1,0.1,0.0,0.9335,60.81,7.0
дисграфия,0.07,0.0,0.0,0.0,0.0,0.0,0.1,0.0,0.9575,34.21,4.0
речевосприятие,0.07,0.0,0.0,0.0,0.1,0.1,0.0,0.0,0.9335,61.36,7.0
речеповеденческий,0.07,0.0,0.0,0.0,0.0,0.1,0.0,0.0,0.9415,53.92,6.0
эквиполентный,0.07,0.0,0.0,0.3,0.0,0.0,0.1,0.0,0.9625,47.53,4.0
брайль,0.06,0.0,0.0,0.2,0.0,0.0,0.0,1.4,0.9495,49.08,5.0
анамальность,0.05,0.0,0.0,0.0,0.1,0.0,0.1,0.0,0.9495,53.54,5.0
инвариативность,0.05,0.0,0.0,0.0,0.0,0.1,0.0,0.0,0.9415,60.02,6.0
интерферентный,0.05,0.0,0.0,0.4,0.0,0.0,0.0,0.0,0.9655,29.58,3.0
несловарный,0.05,0.0,0.0,0.0,0.0,0.1,0.0,0.0,0.9495,53.54,5.0
полилексемный,0.05,0.0,0.0,0.0,0.1,0.1,0.0,0.0,0.9735,15.15,2.0
речеобразование,0.04,0.0,0.0,0.0,0.0,0.1,0.0,0.0,0.9575,47.65,4.0
глоттохронологический,0.03,0.0,0.0,0.0,0.2,0.0,0.0,0.0,0.9575,50.62,4.0
нефлективность,0.03,0.0,0.0,0.0,0.0,0.1,0.0,0.0,0.9655,39.18,3.0
экзоглоссный,0.03,0.0,0.0,0.0,0.0,0.0,0.1,0.0,0.9815,0.0,1.0
абсолютус,0.02,0.0,0.0,0.0,0.0,0.0,0.0,0.0,0.9815,0.0,1.0
бифонемный,0.02,0.0,0.0,0.1,0.0,0.0,0.0,0.5,0.9735,29.58,2.0
многоморфемный,0.02,0.0,0.0,0.0,0.0,0.0,0.0,0.0,0.9815,0.0,1.0
одноморфемный,0.02,0.0,0.0,0.0,0.0,0.0,0.0,0.0,0.9815,0.0,1.0
сапиентема,0.02,0.0,0.0,0.0,0.0,0.0,0.0,0.5,0.9735,29.58,2.0
семашический,0.02,0.0,0.0,0.0,0.0,0.0,0.0,0.0,0.9735,29.58,2.0
синомия,0.02,0.0,0.0,0.0,0.1,0.0,0.0,0.0,0.9735,29.58,2.0
оронимический,0.01,0.0,0.0,0.0,0.0,0.0,0.0,0.0,0.9815,0.0,1.0
прономинативный,0.01,0.0,0.0,0.0,0.0,0.0,0.0,0.0,0.9815,0.0,1.0
экспресивный,0.01,0.0,0.0,0.0,0.0,0.0,0.0,0.0,0.9815,0.0,1.0
